snr,comb_amp,overlap,k,bias_plus,bias_plus,bias_plus,coverage,coverage,coverage
,,,,median,mean,max,median,mean,max
0.5,5.0,False,1,54.040557331401864,54.044072478605685,54.081065954753285,0.1,0.1,0.1
0.5,5.0,False,2,100.01870632060997,100.01888409648123,100.02121875085497,0.0,0.0,0.0
0.5,5.0,False,3,100.00001847183248,99.99998720400083,100.00007803809252,0.0,0.0,0.0
0.5,5.0,False,4,99.9999869422707,99.99996579901241,100.00007802061945,0.0,0.0,0.0
0.5,5.0,False,5,100.0000107490252,99.99997672771788,100.00003592490734,0.0,0.0,0.0
0.5,5.0,False,6,100.00000087675215,99.99999451909628,100.00008698195978,0.0,0.0,0.0
0.5,5.0,False,7,99.99999850167112,99.99999060498655,100.00008821779784,0.0,0.0,0.0
0.5,5.0,False,8,100.00001154496269,99.99999237506938,100.00007537892742,0.0,0.0,0.0
0.5,5.0,False,9,100.00001098048223,99.99999059497374,100.00006881664271,0.0,0.0,0.0
0.5,5.0,False,10,99.999979343739,99.99997560582905,100.00001619731718,0.0,0.0,0.0
0.5,5.0,False,11,99.99997480614985,99.99997276764762,99.99999850011652,0.0,0.0,0.0
0.5,5.0,False,12,99.99997424709525,99.99997696204476,100.0000221520414,0.0,0.0,0.0
0.5,5.0,False,13,99.99998945947019,99.99998885207872,100.00002103784766,0.0,0.0,0.0
0.5,5.0,False,14,99.9999857489961,99.9999843406271,100.00004156921506,0.0,0.0,0.0
0.5,5.0,False,15,99.99998363145669,99.99998209159085,100.00005820491285,0.0,0.0,0.0
0.5,5.0,False,16,99.99998392734221,99.99999062511299,100.00006431533944,0.0,0.0,0.0
0.5,5.0,False,17,99.99998537433666,100.00000250140135,100.00006187684613,0.0,0.0,0.0
0.5,5.0,False,18,100.00001777533973,100.00000835755587,100.00005906701249,0.0,0.0,0.0
0.5,5.0,False,19,100.00002417354122,100.00001574162636,100.00005881565218,0.0,0.0,0.0
0.5,5.0,False,20,100.00001759673606,100.00001856759563,100.00005700235519,0.0,0.0,0.0
0.5,5.0,False,21,99.99999857991483,100.00000397362936,100.00004250278616,0.0,0.0,0.0
0.5,5.0,False,22,100.00000106796799,100.0000034955111,100.00004072707699,0.0,0.0,0.0
0.5,5.0,False,23,99.99998207537632,99.99999464237233,100.00004558116657,0.0,0.0,0.0
0.5,5.0,False,24,99.9999783062977,99.9999908209754,100.00004869218212,0.0,0.0,0.0
0.5,5.0,False,25,99.99998446817123,99.9999939433437,100.00004414857058,0.0,0.0,0.0
0.5,5.0,False,26,99.9999752983156,99.99998675646194,100.00004110305963,0.0,0.0,0.0
0.5,5.0,False,27,99.99997886675519,99.9999882789499,100.00005739984258,0.0,0.0,0.0
0.5,5.0,False,28,99.99997558848816,99.99998625160303,100.00005870885295,0.0,0.0,0.0
0.5,5.0,False,29,99.99997615742463,99.99998406762533,100.00005288853856,0.0,0.0,0.0
0.5,5.0,False,30,99.99997028964528,99.99998613882369,100.00005633285025,0.0,0.0,0.0
0.5,5.0,False,31,99.99997819314376,99.9999918015427,100.0000415015867,0.0,0.0,0.0
0.5,5.0,False,32,99.99999686741359,99.9999937559306,100.0000364962473,0.0,0.0,0.0
0.5,5.0,False,33,100.0000040313592,99.99999319443643,100.00001504400953,0.0,0.0,0.0
0.5,5.0,False,34,99.99999841069578,99.9999925335155,100.00002105326917,0.0,0.0,0.0
0.5,5.0,False,35,99.99999171596312,99.99999300724387,100.00002654904273,0.0,0.0,0.0
0.5,5.0,False,36,99.99999362846543,99.99999807658507,100.00002218173154,0.0,0.0,0.0
0.5,5.0,False,37,99.99999867289597,100.00000634551728,100.00003385746237,0.0,0.0,0.0
0.5,5.0,False,38,99.99999794840494,99.99999897509059,100.00003286818946,0.0,0.0,0.0
0.5,5.0,False,39,99.99999766036082,100.00000210939486,100.00003206859913,0.0,0.0,0.0
0.5,5.0,False,40,100.00000173786364,100.00000377445221,100.00002041448413,0.0,0.0,0.0
0.5,5.0,False,41,100.00000296843507,100.00000572524033,100.00002775558218,0.0,0.0,0.0
0.5,5.0,False,42,100.00000867580897,100.00000764219224,100.00002624287839,0.0,0.0,0.0
0.5,5.0,False,43,100.00000947065813,100.00000825900332,100.00003105254268,0.0,0.0,0.0
0.5,5.0,False,44,100.00000926503233,100.00000793272147,100.00003714602096,0.0,0.0,0.0
0.5,5.0,False,45,100.00000929127296,100.00000817245427,100.00003307827825,0.0,0.0,0.0
0.5,5.0,False,46,100.00000609377769,100.00000554093168,100.00002315034072,0.0,0.0,0.0
0.5,5.0,False,47,100.00001027609258,100.00000443220803,100.00002284069828,0.0,0.0,0.0
0.5,5.0,False,48,100.00000166104618,100.0000074100147,100.0000272819513,0.0,0.0,0.0
0.5,5.0,False,49,99.99999872403058,100.00000183938673,100.00003575589233,0.0,0.0,0.0
0.5,5.0,False,50,99.9999956934166,100.00000284235561,100.00003393359862,0.0,0.0,0.0
0.5,5.0,True,1,110.22814990487895,110.24255248613638,110.30001222105608,0.05,0.05,0.05
0.5,5.0,True,2,100.01385791738664,100.014083257315,100.0162904859105,0.0,0.0,0.0
0.5,5.0,True,3,100.0000231236624,99.99999559446044,100.00013276938483,0.0,0.0,0.0
0.5,5.0,True,4,100.00000165540622,99.9999730873214,100.00013234358582,0.0,0.0,0.0
0.5,5.0,True,5,100.0000231259089,99.99998733784531,100.00008730220992,0.0,0.0,0.0
0.5,5.0,True,6,100.00001120926504,99.99999665276763,100.00011920431527,0.0,0.0,0.0
0.5,5.0,True,7,100.00001086479921,99.99999831593446,100.0001278822431,0.0,0.0,0.0
0.5,5.0,True,8,100.00001250905393,99.99999317362419,100.00011386004638,0.0,0.0,0.0
0.5,5.0,True,9,99.99999544687658,99.9999834417437,100.00009690019039,0.0,0.0,0.0
0.5,5.0,True,10,99.99999034215588,99.99997159397672,100.00005108670176,0.0,0.0,0.0
0.5,5.0,True,11,99.99998917235762,99.99997173042632,100.00004085810811,0.0,0.0,0.0
0.5,5.0,True,12,99.99996367936421,99.99998053788462,100.00003021717538,0.0,0.0,0.0
0.5,5.0,True,13,100.00000667365211,99.99999307228445,100.00003016942557,0.0,0.0,0.0
0.5,5.0,True,14,100.00001621170688,99.99999354116412,100.00003394751539,0.0,0.0,0.0
0.5,5.0,True,15,100.00001291010977,99.99998647911325,100.00003475964567,0.0,0.0,0.0
0.5,5.0,True,16,100.0000103879273,99.99998913517004,100.00003849114391,0.0,0.0,0.0
0.5,5.0,True,17,100.00002123637802,99.99999510923293,100.00003262732338,0.0,0.0,0.0
0.5,5.0,True,18,100.00001539244982,99.99999599887084,100.00002611085719,0.0,0.0,0.0
0.5,5.0,True,19,100.00002249089005,100.00001683144643,100.00005000870101,0.0,0.0,0.0
0.5,5.0,True,20,100.00002913486628,100.0000176274036,100.00004984623456,0.0,0.0,0.0
0.5,5.0,True,21,99.9999926803978,100.00000557122416,100.00003849382466,0.0,0.0,0.0
0.5,5.0,True,22,99.99998804030929,100.00000397425876,100.0000405518648,0.0,0.0,0.0
0.5,5.0,True,23,99.99998312300531,99.99999701898223,100.00002889835949,0.0,0.0,0.0
0.5,5.0,True,24,99.9999829430685,99.99999240372887,100.00002959805963,0.0,0.0,0.0
0.5,5.0,True,25,99.99999153638086,99.99999712257693,100.00004369809815,0.0,0.0,0.0
0.5,5.0,True,26,99.99997910762397,99.99999411466865,100.00004106907724,0.0,0.0,0.0
0.5,5.0,True,27,99.99998359790273,99.99999540484987,100.00004506280887,0.0,0.0,0.0
0.5,5.0,True,28,99.9999795135343,99.99998536342525,100.00003774648937,0.0,0.0,0.0
0.5,5.0,True,29,99.99998544087568,99.99998547488265,100.00003395861097,0.0,0.0,0.0
0.5,5.0,True,30,99.99999635262041,99.9999866700587,100.00003154760827,0.0,0.0,0.0
0.5,5.0,True,31,100.00000321491734,99.99999051733059,100.00001166041422,0.0,0.0,0.0
0.5,5.0,True,32,99.99999925635245,99.99999062292804,100.00001558415246,0.0,0.0,0.0
0.5,5.0,True,33,100.00000250112875,99.99999415982013,100.000010482307,0.0,0.0,0.0
0.5,5.0,True,34,99.99998932511599,99.99999476970443,100.00001420432251,0.0,0.0,0.0
0.5,5.0,True,35,99.99999706034808,99.99999598179197,100.00002706419063,0.0,0.0,0.0
0.5,5.0,True,36,99.99999973160371,99.99999680442957,100.00001969201116,0.0,0.0,0.0
0.5,5.0,True,37,100.00002364955515,100.00001185105165,100.00003017667188,0.0,0.0,0.0
0.5,5.0,True,38,100.00000117768255,100.00000054415595,100.00001770835567,0.0,0.0,0.0
0.5,5.0,True,39,100.00000440458322,100.00000313244536,100.00002184084227,0.0,0.0,0.0
0.5,5.0,True,40,99.99999891793823,99.99999878194642,100.00001976080068,0.0,0.0,0.0
0.5,5.0,True,41,99.99999618516551,99.99999828514086,100.00002462335638,0.0,0.0,0.0
0.5,5.0,True,42,99.99999783931123,100.00000241694929,100.00002457492826,0.0,0.0,0.0
0.5,5.0,True,43,99.99999744023198,100.00000360192993,100.00002789290866,0.0,0.0,0.0
0.5,5.0,True,44,99.99999567845079,100.00000103239827,100.00002802650675,0.0,0.0,0.0
0.5,5.0,True,45,99.99999909873341,100.00000216584343,100.00002227342415,0.0,0.0,0.0
0.5,5.0,True,46,100.00000562880669,100.00000247684673,100.0000165928318,0.0,0.0,0.0
0.5,5.0,True,47,100.00000437012818,100.00000421776319,100.00001343890031,0.0,0.0,0.0
0.5,5.0,True,48,100.0000009025091,100.00000335521713,100.00001815562213,0.0,0.0,0.0
0.5,5.0,True,49,99.99999666529736,99.99999628052146,100.00001928944991,0.0,0.0,0.0
0.5,5.0,True,50,99.99999772884243,99.99999706985079,100.00001704138853,0.0,0.0,0.0
0.5,10.0,False,1,14.865019799403038,14.877135836675956,14.914096107354542,0.35,0.32999999999999996,0.35
0.5,10.0,False,2,100.01872447385799,100.01890374544246,100.02123833108459,0.0,0.0,0.0
0.5,10.0,False,3,100.00001847942823,99.99998721380271,100.0000780650935,0.0,0.0,0.0
0.5,10.0,False,4,99.99998694548722,99.9999658086055,100.000078047528,0.0,0.0,0.0
0.5,10.0,False,5,100.00001075207743,99.99997673685763,100.00003594936565,0.0,0.0,0.0
0.5,10.0,False,6,100.00000088239892,99.99999452748591,100.00008700227977,0.0,0.0,0.0
0.5,10.0,False,7,99.99999849980341,99.99999060934223,100.00008824271859,0.0,0.0,0.0
0.5,10.0,False,8,100.0000115413928,99.9999924007666,100.00007545346786,0.0,0.0,0.0
0.5,10.0,False,9,100.0000109765788,99.99999059643582,100.00006883934363,0.0,0.0,0.0
0.5,10.0,False,10,99.99997933690636,99.99997560875413,100.00001621793928,0.0,0.0,0.0
0.5,10.0,False,11,99.99997480166228,99.99997277959054,99.99999852679636,0.0,0.0,0.0
0.5,10.0,False,12,99.9999742432936,99.9999769658413,100.00002215149364,0.0,0.0,0.0
0.5,10.0,False,13,99.99998948438595,99.99998885254243,100.00002102484899,0.0,0.0,0.0
0.5,10.0,False,14,99.99998577646838,99.99998433583697,100.00004153926221,0.0,0.0,0.0
0.5,10.0,False,15,99.99998365604466,99.99998209509158,100.00005819938585,0.0,0.0,0.0
0.5,10.0,False,16,99.99998395473796,99.9999906409888,100.00006431666316,0.0,0.0,0.0
0.5,10.0,False,17,99.99998538097557,100.00000250676102,100.00006187657355,0.0,0.0,0.0
0.5,10.0,False,18,100.00001777565498,100.00000834450859,100.00005905939592,0.0,0.0,0.0
0.5,10.0,False,19,100.00002417203712,100.00001574818518,100.00005881525189,0.0,0.0,0.0
0.5,10.0,False,20,100.00001760406887,100.00001857268626,100.00005699205602,0.0,0.0,0.0
0.5,10.0,False,21,99.99999859899896,100.00000398184065,100.00004250338607,0.0,0.0,0.0
0.5,10.0,False,22,100.00000108586288,100.0000034992627,100.00004072775329,0.0,0.0,0.0
0.5,10.0,False,23,99.99998208134834,99.9999946471418,100.00004557707939,0.0,0.0,0.0
0.5,10.0,False,24,99.99997830597295,99.99999082779765,100.00004869791806,0.0,0.0,0.0
0.5,10.0,False,25,99.9999844769861,99.99999395078837,100.0000441524146,0.0,0.0,0.0
0.5,10.0,False,26,99.99997530152243,99.99998676490709,100.00004110605362,0.0,0.0,0.0
0.5,10.0,False,27,99.99997886776197,99.99998828406417,100.00005740122204,0.0,0.0,0.0
0.5,10.0,False,28,99.99997558940655,99.99998626199643,100.00005871175388,0.0,0.0,0.0
0.5,10.0,False,29,99.99997613022404,99.9999840690738,100.00005288944519,0.0,0.0,0.0
0.5,10.0,False,30,99.99997030350085,99.99998614696463,100.00005633363767,0.0,0.0,0.0
0.5,10.0,False,31,99.99997819368258,99.9999918104761,100.00004150331176,0.0,0.0,0.0
0.5,10.0,False,32,99.99999687971551,99.99999376618271,100.00003649772287,0.0,0.0,0.0
0.5,10.0,False,33,100.00000403288934,99.99999319577846,100.0000150422832,0.0,0.0,0.0
0.5,10.0,False,34,99.99999839988325,99.99999253663646,100.00002105705137,0.0,0.0,0.0
0.5,10.0,False,35,99.99999171015301,99.99999301254019,100.00002655159362,0.0,0.0,0.0
0.5,10.0,False,36,99.99999362517306,99.99999807862147,100.00002218459281,0.0,0.0,0.0
0.5,10.0,False,37,99.99999866840339,100.00000635408341,100.00003385817156,0.0,0.0,0.0
0.5,10.0,False,38,99.99999794412113,99.99999898310378,100.0000328707727,0.0,0.0,0.0
0.5,10.0,False,39,99.99999766043777,100.000002113647,100.00003205721194,0.0,0.0,0.0
0.5,10.0,False,40,100.00000172772218,100.00000377277104,100.00002040951347,0.0,0.0,0.0
0.5,10.0,False,41,100.00000297658971,100.00000572817687,100.00002775198689,0.0,0.0,0.0
0.5,10.0,False,42,100.00000868909436,100.00000764466054,100.00002624495221,0.0,0.0,0.0
0.5,10.0,False,43,100.00000948010677,100.00000826066275,100.00003105244028,0.0,0.0,0.0
0.5,10.0,False,44,100.00000927392355,100.000007934715,100.00003714710512,0.0,0.0,0.0
0.5,10.0,False,45,100.00000930068722,100.00000817478964,100.00003308127509,0.0,0.0,0.0
0.5,10.0,False,46,100.00000609926997,100.00000554261699,100.00002315409867,0.0,0.0,0.0
0.5,10.0,False,47,100.00001028119917,100.00000443452087,100.00002284214617,0.0,0.0,0.0
0.5,10.0,False,48,100.00000166937241,100.00000741163812,100.0000272839128,0.0,0.0,0.0
0.5,10.0,False,49,99.99999873223507,100.00000184362887,100.00003575895087,0.0,0.0,0.0
0.5,10.0,False,50,99.99999569984675,100.0000028372574,100.00003393617715,0.0,0.0,0.0
0.5,10.0,True,1,76.49937921919573,76.50558762200265,76.5271199403939,0.1,0.1,0.1
0.5,10.0,True,2,100.0137382180193,100.01396016044605,100.01615817368605,0.0,0.0,0.0
0.5,10.0,True,3,100.00002311693962,99.99999560102341,100.00013278031643,0.0,0.0,0.0
0.5,10.0,True,4,100.00000166040579,99.9999730948415,100.00013235389545,0.0,0.0,0.0
0.5,10.0,True,5,100.00002313279265,99.9999873450393,100.00008731656493,0.0,0.0,0.0
0.5,10.0,True,6,100.00001120592466,99.99999665915712,100.0001192069899,0.0,0.0,0.0
0.5,10.0,True,7,100.00001088106777,99.99999832393466,100.00012788879708,0.0,0.0,0.0
0.5,10.0,True,8,100.00001250439024,99.99999318409013,100.0001138683829,0.0,0.0,0.0
0.5,10.0,True,9,99.99999543661897,99.99998344846804,100.00009689391561,0.0,0.0,0.0
0.5,10.0,True,10,99.99999034955167,99.99997160124303,100.000051088361,0.0,0.0,0.0
0.5,10.0,True,11,99.99998916433006,99.99997173696747,100.00004087623401,0.0,0.0,0.0
0.5,10.0,True,12,99.99996367065575,99.99998054570456,100.00003023102894,0.0,0.0,0.0
0.5,10.0,True,13,100.0000066717991,99.99999308453364,100.00003018311153,0.0,0.0,0.0
0.5,10.0,True,14,100.00001622263147,99.99999356230042,100.00003397065328,0.0,0.0,0.0
0.5,10.0,True,15,100.00001292955656,99.99998648821455,100.0000347667625,0.0,0.0,0.0
0.5,10.0,True,16,100.0000104225349,99.99998914150261,100.00003850857343,0.0,0.0,0.0
0.5,10.0,True,17,100.00002124489782,99.99999511928492,100.00003263617265,0.0,0.0,0.0
0.5,10.0,True,18,100.00001538862672,99.99999599782647,100.00002612870357,0.0,0.0,0.0
0.5,10.0,True,19,100.0000224945577,100.00001683851681,100.00005002358635,0.0,0.0,0.0
0.5,10.0,True,20,100.00002913908628,100.0000176370764,100.00004985831949,0.0,0.0,0.0
0.5,10.0,True,21,99.99999269992374,100.00000557920228,100.00003850188699,0.0,0.0,0.0
0.5,10.0,True,22,99.99998807407448,100.00000398485594,100.00004056151657,0.0,0.0,0.0
0.5,10.0,True,23,99.99998312798229,99.9999970200337,100.00002889995868,0.0,0.0,0.0
0.5,10.0,True,24,99.99998294964766,99.99999240754546,100.00002960040311,0.0,0.0,0.0
0.5,10.0,True,25,99.99999154390483,99.99999712861589,100.0000437002724,0.0,0.0,0.0
0.5,10.0,True,26,99.99997911057841,99.99999412096558,100.00004107232596,0.0,0.0,0.0
0.5,10.0,True,27,99.99998360029318,99.99999541020267,100.00004506589384,0.0,0.0,0.0
0.5,10.0,True,28,99.99997951521524,99.99998536753506,100.00003775284442,0.0,0.0,0.0
0.5,10.0,True,29,99.99998543780026,99.99998549535903,100.00003396478755,0.0,0.0,0.0
0.5,10.0,True,30,99.99999634828,99.9999866768492,100.00003155236364,0.0,0.0,0.0
0.5,10.0,True,31,100.00000320994477,99.9999905180758,100.00001166853772,0.0,0.0,0.0
0.5,10.0,True,32,99.9999992535643,99.99999062407258,100.00001559985682,0.0,0.0,0.0
0.5,10.0,True,33,100.00000250483347,99.99999415912481,100.0000104939794,0.0,0.0,0.0
0.5,10.0,True,34,99.99998933252199,99.99999476984149,100.00001418630882,0.0,0.0,0.0
0.5,10.0,True,35,99.99999706424373,99.99999598510222,100.00002706666038,0.0,0.0,0.0
0.5,10.0,True,36,99.99999974949884,99.99999681232302,100.00001969464216,0.0,0.0,0.0
0.5,10.0,True,37,100.0000236553509,100.0000118560326,100.0000301905643,0.0,0.0,0.0
0.5,10.0,True,38,100.00000118872322,100.0000005441598,100.0000177116542,0.0,0.0,0.0
0.5,10.0,True,39,100.00000441649291,100.00000313632057,100.00002185276423,0.0,0.0,0.0
0.5,10.0,True,40,99.99999893119109,99.99999878697156,100.0000197603436,0.0,0.0,0.0
0.5,10.0,True,41,99.99999618879085,99.99999829831395,100.00002462057753,0.0,0.0,0.0
0.5,10.0,True,42,99.99999785013898,100.00000242887016,100.00002457092975,0.0,0.0,0.0
0.5,10.0,True,43,99.99999744321698,100.00000361251462,100.00002789051815,0.0,0.0,0.0
0.5,10.0,True,44,99.99999568469266,100.00000104011333,100.00002802486682,0.0,0.0,0.0
0.5,10.0,True,45,99.99999911363503,100.00000217417707,100.00002227401153,0.0,0.0,0.0
0.5,10.0,True,46,100.00000563489151,100.00000248283837,100.00001659164292,0.0,0.0,0.0
0.5,10.0,True,47,100.00000436676356,100.00000422146607,100.00001343094237,0.0,0.0,0.0
0.5,10.0,True,48,100.00000090842468,100.0000033630516,100.00001816463404,0.0,0.0,0.0
0.5,10.0,True,49,99.99999666503456,99.99999628715258,100.0000192956922,0.0,0.0,0.0
0.5,10.0,True,50,99.99999773321257,99.99999707776357,100.00001704769821,0.0,0.0,0.0
0.5,15.0,False,1,13.117200008224435,13.127617905044861,13.174162710829787,0.3,0.3,0.3
0.5,15.0,False,2,100.01873040934652,100.01891016679087,100.02124470838477,0.0,0.0,0.0
0.5,15.0,False,3,100.00001848196246,99.99998721707058,100.00007807409648,0.0,0.0,0.0
0.5,15.0,False,4,99.99998694656037,99.99996581180378,100.00007805650014,0.0,0.0,0.0
0.5,15.0,False,5,100.00001075309555,99.99997673990445,100.00003595752256,0.0,0.0,0.0
0.5,15.0,False,6,100.00000088427474,99.99999453028204,100.00008700905911,0.0,0.0,0.0
0.5,15.0,False,7,99.99999849918072,99.99999061079288,100.00008825102944,0.0,0.0,0.0
0.5,15.0,False,8,100.00001154019994,99.99999240933519,100.00007547833857,0.0,0.0,0.0
0.5,15.0,False,9,100.00001097527465,99.99999059692409,100.0000688469153,0.0,0.0,0.0
0.5,15.0,False,10,99.99997933462441,99.99997560972801,100.00001622481773,0.0,0.0,0.0
0.5,15.0,False,11,99.99997480016299,99.99997278357132,99.99999853569366,0.0,0.0,0.0
0.5,15.0,False,12,99.99997424202317,99.99997696710605,100.00002215130908,0.0,0.0,0.0
0.5,15.0,False,13,99.9999894926957,99.99998885269751,100.00002102051567,0.0,0.0,0.0
0.5,15.0,False,14,99.99998578563017,99.99998433424092,100.00004152927781,0.0,0.0,0.0
0.5,15.0,False,15,99.99998366424589,99.99998209625997,100.0000581975402,0.0,0.0,0.0
0.5,15.0,False,16,99.99998396387218,99.99999064628621,100.0000643171001,0.0,0.0,0.0
0.5,15.0,False,17,99.99998538318616,100.00000250854683,100.0000618764795,0.0,0.0,0.0
0.5,15.0,False,18,100.00001777575997,100.00000834016461,100.00005905685725,0.0,0.0,0.0
0.5,15.0,False,19,100.0000241715363,100.0000157503761,100.00005881511609,0.0,0.0,0.0
0.5,15.0,False,20,100.00001760651179,100.0000185743786,100.00005698860184,0.0,0.0,0.0
0.5,15.0,False,21,99.99999860536258,100.00000398457668,100.00004250358387,0.0,0.0,0.0
0.5,15.0,False,22,100.00000109183028,100.00000350051262,100.00004072797702,0.0,0.0,0.0
0.5,15.0,False,23,99.99998208333977,99.99999464873083,100.00004557571283,0.0,0.0,0.0
0.5,15.0,False,24,99.99997830586466,99.99999083007147,100.00004869982939,0.0,0.0,0.0
0.5,15.0,False,25,99.9999844799238,99.99999395326934,100.00004415369455,0.0,0.0,0.0
0.5,15.0,False,26,99.99997530259034,99.9999867677216,100.00004110705046,0.0,0.0,0.0
0.5,15.0,False,27,99.99997886809678,99.99998828576875,100.0000574016806,0.0,0.0,0.0
0.5,15.0,False,28,99.99997558971184,99.99998626545613,100.00005871271983,0.0,0.0,0.0
0.5,15.0,False,29,99.99997612117782,99.99998406955856,100.00005288974647,0.0,0.0,0.0
0.5,15.0,False,30,99.9999703081038,99.99998614967492,100.00005633389912,0.0,0.0,0.0
0.5,15.0,False,31,99.99997819386245,99.99999181345177,100.00004150388583,0.0,0.0,0.0
0.5,15.0,False,32,99.99999688380561,99.99999376959727,100.000036498214,0.0,0.0,0.0
0.5,15.0,False,33,100.00000403339932,99.99999319622779,100.00001504170844,0.0,0.0,0.0
0.5,15.0,False,34,99.9999983962779,99.99999253767555,100.0000210583103,0.0,0.0,0.0
0.5,15.0,False,35,99.99999170821475,99.99999301430594,100.00002655244418,0.0,0.0,0.0
0.5,15.0,False,36,99.99999362407459,99.99999807930195,100.0000221855469,0.0,0.0,0.0
0.5,15.0,False,37,99.99999866690467,100.00000635693837,100.00003385840716,0.0,0.0,0.0
0.5,15.0,False,38,99.99999794269216,99.99999898577505,100.00003287163308,0.0,0.0,0.0
0.5,15.0,False,39,99.99999766046838,100.00000211506662,100.00003205341818,0.0,0.0,0.0
0.5,15.0,False,40,100.00000172434038,100.00000377221126,100.00002040785986,0.0,0.0,0.0
0.5,15.0,False,41,100.00000297930829,100.00000572915548,100.0000277507868,0.0,0.0,0.0
0.5,15.0,False,42,100.00000869351908,100.00000764548243,100.00002624564411,0.0,0.0,0.0
0.5,15.0,False,43,100.000009483257,100.00000826121615,100.00003105240702,0.0,0.0,0.0
0.5,15.0,False,44,100.00000927688787,100.00000793537954,100.00003714746705,0.0,0.0,0.0
0.5,15.0,False,45,100.00000930382494,100.00000817556813,100.00003308227491,0.0,0.0,0.0
0.5,15.0,False,46,100.00000610110102,100.00000554317873,100.0000231553521,0.0,0.0,0.0
0.5,15.0,False,47,100.00001028290163,100.00000443529126,100.00002284262993,0.0,0.0,0.0
0.5,15.0,False,48,100.00000167214998,100.00000741217926,100.00002728456751,0.0,0.0,0.0
0.5,15.0,False,49,99.99999873496989,100.00000184504293,100.0000357599712,0.0,0.0,0.0
0.5,15.0,False,50,99.99999570199046,100.00000283554975,100.0000339370375,0.0,0.0,0.0
0.5,15.0,True,1,64.73506439272813,64.74319611143207,64.7782867776238,0.15,0.15,0.15
0.5,15.0,True,2,100.01369808694584,100.01391888305817,100.01611378873471,0.0,0.0,0.0
0.5,15.0,True,3,100.00002311470578,99.9999956032132,100.00013278395755,0.0,0.0,0.0
0.5,15.0,True,4,100.00000166207624,99.99997309735019,100.00013235732948,0.0,0.0,0.0
0.5,15.0,True,5,100.00002313508901,99.99998734743869,100.00008732134827,0.0,0.0,0.0
0.5,15.0,True,6,100.00001120481753,99.99999666129285,100.0001192079053,0.0,0.0,0.0
0.5,15.0,True,7,100.00001088648652,99.9999983266003,100.00012789097896,0.0,0.0,0.0
0.5,15.0,True,8,100.0000125028419,99.99999318758034,100.00011387115829,0.0,0.0,0.0
0.5,15.0,True,9,99.999995433197,99.9999834507081,100.0000968918127,0.0,0.0,0.0
0.5,15.0,True,10,99.99999035201677,99.9999716036644,100.0000510889125,0.0,0.0,0.0
0.5,15.0,True,11,99.99998916165971,99.99997173915388,100.00004088227456,0.0,0.0,0.0
0.5,15.0,True,12,99.99996366775864,99.99998054831198,100.00003023564587,0.0,0.0,0.0
0.5,15.0,True,13,100.00000667118945,99.99999308862007,100.00003018767272,0.0,0.0,0.0
0.5,15.0,True,14,100.00001622627246,99.99999356934077,100.00003397833964,0.0,0.0,0.0
0.5,15.0,True,15,100.00001293604285,99.9999864912511,100.00003476913787,0.0,0.0,0.0
0.5,15.0,True,16,100.00001043422296,99.9999891436453,100.00003851438515,0.0,0.0,0.0
0.5,15.0,True,17,100.00002124774211,99.9999951226347,100.00003263912433,0.0,0.0,0.0
0.5,15.0,True,18,100.00001538742278,99.99999599749378,100.00002613465358,0.0,0.0,0.0
0.5,15.0,True,19,100.00002249578195,100.0000168408719,100.0000500285385,0.0,0.0,0.0
0.5,15.0,True,20,100.00002914049328,100.00001764029928,100.0000498623434,0.0,0.0,0.0
0.5,15.0,True,21,99.99999270642721,100.000005581861,100.0000385045719,0.0,0.0,0.0
0.5,15.0,True,22,99.99998808531794,100.00000398838725,100.00004056473207,0.0,0.0,0.0
0.5,15.0,True,23,99.99998312964146,99.99999702038542,100.00002890048904,0.0,0.0,0.0
0.5,15.0,True,24,99.99998295183988,99.9999924088179,100.00002960118046,0.0,0.0,0.0
0.5,15.0,True,25,99.99999154641884,99.99999713062937,100.00004370099339,0.0,0.0,0.0
0.5,15.0,True,26,99.99997911156261,99.99999412306497,100.00004107340567,0.0,0.0,0.0
0.5,15.0,True,27,99.99998360108853,99.99999541198699,100.00004506691693,0.0,0.0,0.0
0.5,15.0,True,28,99.99997951577394,99.99998536890661,100.00003775496515,0.0,0.0,0.0
0.5,15.0,True,29,99.9999854367845,99.99998550220764,100.00003396684906,0.0,0.0,0.0
0.5,15.0,True,30,99.99999634683077,99.99998667911021,100.0000315539512,0.0,0.0,0.0
0.5,15.0,True,31,100.00000320828183,99.99999051832394,100.0000116712479,0.0,0.0,0.0
0.5,15.0,True,32,99.99999925263305,99.99999062445481,100.00001560508525,0.0,0.0,0.0
0.5,15.0,True,33,100.00000250607039,99.99999415889326,100.00001049786849,0.0,0.0,0.0
0.5,15.0,True,34,99.99998933499268,99.99999476988759,100.00001418030617,0.0,0.0,0.0
0.5,15.0,True,35,99.99999706554138,99.99999598620916,100.00002706748693,0.0,0.0,0.0
0.5,15.0,True,36,99.99999975546746,99.9999968149559,100.00001969552252,0.0,0.0,0.0
0.5,15.0,True,37,100.00002365728437,100.00001185769398,100.00003019519556,0.0,0.0,0.0
0.5,15.0,True,38,100.000001192402,100.00000054416144,100.00001771275367,0.0,0.0,0.0
0.5,15.0,True,39,100.0000044204613,100.00000313761359,100.00002185673813,0.0,0.0,0.0
0.5,15.0,True,40,99.99999893560894,99.99999878864904,100.00001976019595,0.0,0.0,0.0
0.5,15.0,True,41,99.99999618999925,99.99999830270633,100.00002461965431,0.0,0.0,0.0
0.5,15.0,True,42,99.99999785374806,100.00000243284383,100.00002456959963,0.0,0.0,0.0
0.5,15.0,True,43,99.99999744421177,100.00000361604214,100.00002788972427,0.0,0.0,0.0
0.5,15.0,True,44,99.9999956867729,100.00000104268577,100.000028024325,0.0,0.0,0.0
0.5,15.0,True,45,99.99999911859847,100.00000217695504,100.0000222742129,0.0,0.0,0.0
0.5,15.0,True,46,100.00000563691648,100.00000248483514,100.00001659125127,0.0,0.0,0.0
0.5,15.0,True,47,100.00000436563059,100.00000422269736,100.00001342829435,0.0,0.0,0.0
0.5,15.0,True,48,100.0000009103927,100.00000336566097,100.00001816764029,0.0,0.0,0.0
0.5,15.0,True,49,99.99999666494128,99.99999628936213,100.00001929777373,0.0,0.0,0.0
0.5,15.0,True,50,99.99999773466197,99.99999708040022,100.0000170498031,0.0,0.0,0.0
0.5,20.0,False,1,12.508943714265014,12.517262064151833,12.579282681276176,0.3,0.3,0.3
0.5,20.0,False,2,100.01873335552861,100.01891335352431,100.0212478691291,0.0,0.0,0.0
0.5,20.0,False,3,100.00001848323026,99.99998721870466,100.00007807859853,0.0,0.0,0.0
0.5,20.0,False,4,99.999986947097,99.99996581340308,100.0000780609868,0.0,0.0,0.0
0.5,20.0,False,5,100.00001075360464,99.99997674142796,100.00003596160187,0.0,0.0,0.0
0.5,20.0,False,6,100.00000088521142,99.99999453168004,100.00008701244994,0.0,0.0,0.0
0.5,20.0,False,7,99.99999849886922,99.99999061151797,100.00008825518563,0.0,0.0,0.0
0.5,20.0,False,8,100.00001153960312,99.99999241362,100.00007549077844,0.0,0.0,0.0
0.5,20.0,False,9,100.00001097462216,99.99999059716839,100.00006885070206,0.0,0.0,0.0
0.5,20.0,False,10,99.99997933348254,99.99997561021473,100.00001622825783,0.0,0.0,0.0
0.5,20.0,False,11,99.99997479941268,99.9999727855617,99.99999854014311,0.0,0.0,0.0
0.5,20.0,False,12,99.99997424138729,99.99997696773828,100.00002215121657,0.0,0.0,0.0
0.5,20.0,False,13,99.99998949685146,99.99998885277516,100.00002101834889,0.0,0.0,0.0
0.5,20.0,False,14,99.99998579021195,99.99998433344304,100.00004152428554,0.0,0.0,0.0
0.5,20.0,False,15,99.99998366834751,99.99998209684443,100.00005819661673,0.0,0.0,0.0
0.5,20.0,False,16,99.99998396843979,99.99999064893595,100.00006431731772,0.0,0.0,0.0
0.5,20.0,False,17,99.99998538429104,100.0000025094396,100.00006187643184,0.0,0.0,0.0
0.5,20.0,False,18,100.00001777581254,100.00000833799358,100.00005905558794,0.0,0.0,0.0
0.5,20.0,False,19,100.00002417128611,100.00001575147246,100.00005881504771,0.0,0.0,0.0
0.5,20.0,False,20,100.00001760773301,100.00001857522393,100.00005698687073,0.0,0.0,0.0
0.5,20.0,False,21,99.99999860854487,100.00000398594452,100.00004250368231,0.0,0.0,0.0
0.5,20.0,False,22,100.00000109481451,100.00000350113747,100.0000407280885,0.0,0.0,0.0
0.5,20.0,False,23,99.99998208433557,99.9999946495252,100.00004557502875,0.0,0.0,0.0
0.5,20.0,False,24,99.99997830581063,99.99999083120834,100.00004870078492,0.0,0.0,0.0
0.5,20.0,False,25,99.99998448139249,99.99999395450975,100.00004415433423,0.0,0.0,0.0
0.5,20.0,False,26,99.99997530312419,99.99998676912875,100.00004110754864,0.0,0.0,0.0
0.5,20.0,False,27,99.99997886826415,99.99998828662102,100.00005740190961,0.0,0.0,0.0
0.5,20.0,False,28,99.99997558986446,99.99998626718512,100.00005871320258,0.0,0.0,0.0
0.5,20.0,False,29,99.99997611665859,99.99998406980136,100.00005288989689,0.0,0.0,0.0
0.5,20.0,False,30,99.99997031040235,99.99998615102945,100.00005633402961,0.0,0.0,0.0
0.5,20.0,False,31,99.99997819395232,99.99999181493922,100.00004150417264,0.0,0.0,0.0
0.5,20.0,False,32,99.99999688584882,99.99999377130408,100.0000364984594,0.0,0.0,0.0
0.5,20.0,False,33,100.00000403365419,99.99999319645286,100.00001504142116,0.0,0.0,0.0
0.5,20.0,False,34,99.99999839447497,99.9999925381949,100.00002105893935,0.0,0.0,0.0
0.5,20.0,False,35,99.99999170724544,99.99999301518888,100.0000265528694,0.0,0.0,0.0
0.5,20.0,False,36,99.99999362352528,99.9999980796425,100.00002218602388,0.0,0.0,0.0
0.5,20.0,False,37,99.99999866615521,100.00000635836577,100.00003385852477,0.0,0.0,0.0
0.5,20.0,False,38,99.99999794197758,99.99999898711073,100.00003287206309,0.0,0.0,0.0
0.5,20.0,False,39,99.99999766048474,100.00000211577687,100.00003205152163,0.0,0.0,0.0
0.5,20.0,False,40,100.00000172264927,100.00000377193149,100.00002040703365,0.0,0.0,0.0
0.5,20.0,False,41,100.00000298066766,100.00000572964473,100.0000277501864,0.0,0.0,0.0
0.5,20.0,False,42,100.00000869573077,100.00000764589322,100.00002624599006,0.0,0.0,0.0
0.5,20.0,False,43,100.00000948483228,100.00000826149292,100.00003105239044,0.0,0.0,0.0
0.5,20.0,False,44,100.00000927837016,100.00000793571185,100.00003714764809,0.0,0.0,0.0
0.5,20.0,False,45,100.00000930539375,100.00000817595739,100.00003308277493,0.0,0.0,0.0
0.5,20.0,False,46,100.00000610201661,100.00000554345962,100.00002315597888,0.0,0.0,0.0
0.5,20.0,False,47,100.00001028375294,100.00000443567635,100.00002284287191,0.0,0.0,0.0
0.5,20.0,False,48,100.0000016735392,100.00000741244982,100.00002728489491,0.0,0.0,0.0
0.5,20.0,False,49,99.99999873633723,100.00000184574999,100.00003576048141,0.0,0.0,0.0
0.5,20.0,False,50,99.99999570306235,100.00000283469441,100.00003393746772,0.0,0.0,0.0
0.5,20.0,True,1,59.48447832765077,59.49348709442704,59.535158280074114,0.15,0.15,0.15
0.5,20.0,True,2,100.01367797726014,100.01389819762079,100.01609154274543,0.0,0.0,0.0
0.5,20.0,True,3,100.00002311358999,99.99999560430842,100.0001327857776,0.0,0.0,0.0
0.5,20.0,True,4,100.00000166291251,99.99997309860484,100.000132359046,0.0,0.0,0.0
0.5,20.0,True,5,100.00002313623781,99.99998734863857,100.00008732373965,0.0,0.0,0.0
0.5,20.0,True,6,100.00001120426492,99.99999666236177,100.00011920836748,0.0,0.0,0.0
0.5,20.0,True,7,100.00001088919542,99.99999832793284,100.00012789206937,0.0,0.0,0.0
0.5,20.0,True,8,100.00001250206864,99.99999318932569,100.00011387254534,0.0,0.0,0.0
0.5,20.0,True,9,99.99999543148544,99.99998345182779,100.00009689075912,0.0,0.0,0.0
0.5,20.0,True,10,99.99999035324957,99.99997160487487,100.00005108918798,0.0,0.0,0.0
0.5,20.0,True,11,99.99998916032587,99.99997174024813,100.0000408852946,0.0,0.0,0.0
0.5,20.0,True,12,99.99996366631092,99.99998054961574,100.00003023795415,0.0,0.0,0.0
0.5,20.0,True,13,100.00000667088595,99.99999309066384,100.00003018995315,0.0,0.0,0.0
0.5,20.0,True,14,100.00001622809273,99.99999357285995,100.00003398217777,0.0,0.0,0.0
0.5,20.0,True,15,100.00001293928666,99.99998649276984,100.00003477032597,0.0,0.0,0.0
0.5,20.0,True,16,100.00001044009593,99.99998914472263,100.00003851729119,0.0,0.0,0.0
0.5,20.0,True,17,100.00002124916494,99.99999512430938,100.00003264060038,0.0,0.0,0.0
0.5,20.0,True,18,100.00001538683384,99.99999599733023,100.00002613762865,0.0,0.0,0.0
0.5,20.0,True,19,100.00002249639425,100.00001684204904,100.00005003101276,0.0,0.0,0.0
0.5,20.0,True,20,100.00002914119673,100.0000176419104,100.00004986435455,0.0,0.0,0.0
0.5,20.0,True,21,99.99999270967761,100.00000558319019,100.00003850591388,0.0,0.0,0.0
0.5,20.0,True,22,99.99998809093714,100.00000399015263,100.0000405663395,0.0,0.0,0.0
0.5,20.0,True,23,99.99998313047092,99.99999702056144,100.0000289007537,0.0,0.0,0.0
0.5,20.0,True,24,99.99998295293571,99.99999240945408,100.00002960156843,0.0,0.0,0.0
0.5,20.0,True,25,99.99999154767727,99.99999713163612,100.00004370135318,0.0,0.0,0.0
0.5,20.0,True,26,99.99997911205449,99.99999412411469,100.00004107394491,0.0,0.0,0.0
0.5,20.0,True,27,99.99998360148584,99.99999541287909,100.0000450674275,0.0,0.0,0.0
0.5,20.0,True,28,99.99997951605286,99.99998536959261,100.00003775602582,0.0,0.0,0.0
0.5,20.0,True,29,99.99998543627825,99.9999855056362,100.0000339678802,0.0,0.0,0.0
0.5,20.0,True,30,99.99999634610558,99.9999866802402,100.00003155474532,0.0,0.0,0.0
0.5,20.0,True,31,100.0000032074492,99.99999051844787,100.00001167260328,0.0,0.0,0.0
0.5,20.0,True,32,99.99999925216696,99.999990624646,100.00001560769806,0.0,0.0,0.0
0.5,20.0,True,33,100.00000250668909,99.99999415877747,100.0000104998126,0.0,0.0,0.0
0.5,20.0,True,34,99.99998933622824,99.99999476991067,100.00001417730552,0.0,0.0,0.0
0.5,20.0,True,35,99.99999706619002,99.9999959867632,100.00002706790092,0.0,0.0,0.0
0.5,20.0,True,36,99.99999975845239,99.99999681627256,100.00001969596343,0.0,0.0,0.0
0.5,20.0,True,37,100.00002365825152,100.00001185852481,100.00003019751132,0.0,0.0,0.0
0.5,20.0,True,38,100.00000119424098,100.00000054416229,100.00001771330344,0.0,0.0,0.0
0.5,20.0,True,39,100.00000442244506,100.00000313826031,100.00002185872508,0.0,0.0,0.0
0.5,20.0,True,40,99.99999893781778,99.99999878948822,100.0000197601233,0.0,0.0,0.0
0.5,20.0,True,41,99.99999619060357,99.99999830490276,100.00002461919354,0.0,0.0,0.0
0.5,20.0,True,42,99.99999785555242,100.00000243483063,100.00002456893536,0.0,0.0,0.0
0.5,20.0,True,43,99.99999744470924,100.00000361780573,100.00002788932815,0.0,0.0,0.0
0.5,20.0,True,44,99.99999568781286,100.0000010439721,100.0000280240553,0.0,0.0,0.0
0.5,20.0,True,45,99.99999912107943,100.00000217834402,100.00002227431492,0.0,0.0,0.0
0.5,20.0,True,46,100.0000056379283,100.00000248583342,100.0000165910566,0.0,0.0,0.0
0.5,20.0,True,47,100.00000436506181,100.0000042233124,100.00001342697149,0.0,0.0,0.0
0.5,20.0,True,48,100.00000091137585,100.00000336696519,100.00001816914397,0.0,0.0,0.0
0.5,20.0,True,49,99.99999666489353,99.99999629046667,100.00001929881475,0.0,0.0,0.0
0.5,20.0,True,50,99.99999773538534,99.99999708171833,100.000017050856,0.0,0.0,0.0
1.0,5.0,False,1,99.1554965307906,99.1558715232796,99.15794725778586,0.0,0.0,0.0
1.0,5.0,False,2,100.00125341831514,100.0013035323484,100.0019284813302,0.0,0.0,0.0
1.0,5.0,False,3,100.00001725461098,99.99999792859603,100.00004760327897,0.0,0.0,0.0
1.0,5.0,False,4,99.99999033416724,99.99998694576031,100.00004762140385,0.0,0.0,0.0
1.0,5.0,False,5,99.99999948784401,99.99999246027305,100.00002808306388,0.0,0.0,0.0
1.0,5.0,False,6,100.00001584033183,100.00000195336835,100.00005381703278,0.0,0.0,0.0
1.0,5.0,False,7,100.00001143044989,100.00000185862547,100.00005388775573,0.0,0.0,0.0
1.0,5.0,False,8,100.0000124228157,100.00000306152863,100.00005258323549,0.0,0.0,0.0
1.0,5.0,False,9,100.00000354587266,99.99999995062235,100.00004424867305,0.0,0.0,0.0
1.0,5.0,False,10,99.99999986354572,99.99999047764135,100.00001571136812,0.0,0.0,0.0
1.0,5.0,False,11,99.99999779939407,99.99998879879195,100.00000520722662,0.0,0.0,0.0
1.0,5.0,False,12,99.99999581671688,99.99998900520765,100.00001008108593,0.0,0.0,0.0
1.0,5.0,False,13,99.99999795729363,99.99999469312424,100.00001814403828,0.0,0.0,0.0
1.0,5.0,False,14,99.99999607356759,99.99999253304763,100.00002839242643,0.0,0.0,0.0
1.0,5.0,False,15,99.99999517145207,99.99999083417595,100.00003266177306,0.0,0.0,0.0
1.0,5.0,False,16,99.99999543034056,99.99999395838594,100.00003476794977,0.0,0.0,0.0
1.0,5.0,False,17,99.9999920204067,100.00000096786269,100.00003347697583,0.0,0.0,0.0
1.0,5.0,False,18,100.00000698293871,100.0000034304379,100.0000321171301,0.0,0.0,0.0
1.0,5.0,False,19,100.00001073783463,100.00000601426613,100.00003221240243,0.0,0.0,0.0
1.0,5.0,False,20,100.00000654451745,100.00000856812429,100.00003145758704,0.0,0.0,0.0
1.0,5.0,False,21,100.00000035782068,100.00000143325106,100.00002378143436,0.0,0.0,0.0
1.0,5.0,False,22,100.00000152614513,100.00000100128504,100.00002260321938,0.0,0.0,0.0
1.0,5.0,False,23,99.99998992601516,99.99999653821749,100.00002507776216,0.0,0.0,0.0
1.0,5.0,False,24,99.99998542474786,99.99999447964163,100.00002654208365,0.0,0.0,0.0
1.0,5.0,False,25,99.99999071959394,99.99999575384247,100.00002459675578,0.0,0.0,0.0
1.0,5.0,False,26,99.99998453466797,99.99999203825928,100.00002314589182,0.0,0.0,0.0
1.0,5.0,False,27,99.99998631314179,99.99999305632133,100.00003106159588,0.0,0.0,0.0
1.0,5.0,False,28,99.99998513092417,99.99999234255579,100.00003164497713,0.0,0.0,0.0
1.0,5.0,False,29,99.99998624059047,99.99999089382031,100.0000288269276,0.0,0.0,0.0
1.0,5.0,False,30,99.99998642623989,99.99999267543197,100.00003036901344,0.0,0.0,0.0
1.0,5.0,False,31,99.99998613833802,99.99999468764614,100.0000232005922,0.0,0.0,0.0
1.0,5.0,False,32,99.99999471822923,99.9999959872859,100.00002076696762,0.0,0.0,0.0
1.0,5.0,False,33,99.99999653494916,99.99999595520472,100.00000924225264,0.0,0.0,0.0
1.0,5.0,False,34,99.99999985914982,99.99999566712064,100.00000604437331,0.0,0.0,0.0
1.0,5.0,False,35,99.99999508058849,99.9999956258383,100.0000084794793,0.0,0.0,0.0
1.0,5.0,False,36,99.99999640878232,99.99999720300964,100.0000056659188,0.0,0.0,0.0
1.0,5.0,False,37,99.99999923527577,100.00000221497942,100.00001763590411,0.0,0.0,0.0
1.0,5.0,False,38,99.99999768379331,99.99999890802158,100.00001701285348,0.0,0.0,0.0
1.0,5.0,False,39,99.99999815434049,100.0000009225527,100.0000166360561,0.0,0.0,0.0
1.0,5.0,False,40,99.9999998643546,100.00000132117535,100.00001040404841,0.0,0.0,0.0
1.0,5.0,False,41,100.00000277032684,100.00000297397212,100.00001433117217,0.0,0.0,0.0
1.0,5.0,False,42,100.00000570895745,100.00000376375236,100.00001269903785,0.0,0.0,0.0
1.0,5.0,False,43,100.00000630461679,100.00000456063759,100.00001515162072,0.0,0.0,0.0
1.0,5.0,False,44,100.00000622079241,100.00000436588287,100.00001787030396,0.0,0.0,0.0
1.0,5.0,False,45,100.00000621983884,100.0000045170199,100.00001592391034,0.0,0.0,0.0
1.0,5.0,False,46,100.00000512631419,100.00000333968157,100.00001082152394,0.0,0.0,0.0
1.0,5.0,False,47,100.000006586458,100.00000275960562,100.0000108457473,0.0,0.0,0.0
1.0,5.0,False,48,100.00000243348015,100.00000431197404,100.00001309268237,0.0,0.0,0.0
1.0,5.0,False,49,100.00000019416768,100.00000163732977,100.00001829947684,0.0,0.0,0.0
1.0,5.0,False,50,99.99999862471205,100.00000195663321,100.0000171220388,0.0,0.0,0.0
1.0,5.0,True,1,101.70637683816445,101.70615016423349,101.7118450017459,0.0,0.0,0.0
1.0,5.0,True,2,100.00097738061635,100.00103717539282,100.00164527976332,0.0,0.0,0.0
1.0,5.0,True,3,100.00002700676778,100.00000158794369,100.00007126989536,0.0,0.0,0.0
1.0,5.0,True,4,100.00000124238926,99.99999008430618,100.00007112702346,0.0,0.0,0.0
1.0,5.0,True,5,100.00001260888277,99.99999736436664,100.00005045089122,0.0,0.0,0.0
1.0,5.0,True,6,100.00001162178162,100.00000310751287,100.00007059433915,0.0,0.0,0.0
1.0,5.0,True,7,100.00001857043509,100.00000528662011,100.00007121941303,0.0,0.0,0.0
1.0,5.0,True,8,100.00001138023299,100.00000226994662,100.00006385765708,0.0,0.0,0.0
1.0,5.0,True,9,100.00000868435129,99.99999610925715,100.00005717110918,0.0,0.0,0.0
1.0,5.0,True,10,99.99999153563618,99.99998751482289,100.00003025334428,0.0,0.0,0.0
1.0,5.0,True,11,99.99999145581984,99.99998706332215,100.0000239437961,0.0,0.0,0.0
1.0,5.0,True,12,99.99999068302856,99.99999002348912,100.00001595420241,0.0,0.0,0.0
1.0,5.0,True,13,100.00000583164227,99.99999592833842,100.00001594649494,0.0,0.0,0.0
1.0,5.0,True,14,100.00000556662715,99.9999957001493,100.000022611513,0.0,0.0,0.0
1.0,5.0,True,15,100.00000449498377,99.99999305639322,100.00002259628782,0.0,0.0,0.0
1.0,5.0,True,16,100.00000597265746,99.99999352448069,100.00002396985661,0.0,0.0,0.0
1.0,5.0,True,17,100.00001021949143,99.99999658403488,100.00002015660124,0.0,0.0,0.0
1.0,5.0,True,18,100.00000791276773,99.99999678023423,100.00001729681912,0.0,0.0,0.0
1.0,5.0,True,19,100.00000976625998,100.00000695405288,100.00002479699218,0.0,0.0,0.0
1.0,5.0,True,20,100.00001223397429,100.00000757532231,100.00002472782596,0.0,0.0,0.0
1.0,5.0,True,21,99.99999332746671,100.00000125679328,100.00001901291004,0.0,0.0,0.0
1.0,5.0,True,22,99.99999189781754,100.00000060926402,100.00001999608753,0.0,0.0,0.0
1.0,5.0,True,23,99.999990670235,99.99999773597743,100.00001732391686,0.0,0.0,0.0
1.0,5.0,True,24,99.99998783366982,99.99999533319333,100.00001795949431,0.0,0.0,0.0
1.0,5.0,True,25,99.9999950346662,99.99999707851457,100.00001597742266,0.0,0.0,0.0
1.0,5.0,True,26,99.99998612094461,99.99999611456354,100.00001799517072,0.0,0.0,0.0
1.0,5.0,True,27,99.99998837130366,99.99999697778642,100.00002294579323,0.0,0.0,0.0
1.0,5.0,True,28,99.99998643228344,99.99999216674955,100.00002263773942,0.0,0.0,0.0
1.0,5.0,True,29,99.99998911658513,99.99999185629771,100.00002091312112,0.0,0.0,0.0
1.0,5.0,True,30,99.99999552592992,99.99999312044656,100.00001939597595,0.0,0.0,0.0
1.0,5.0,True,31,99.99999952717017,99.99999396544928,100.00000820297,0.0,0.0,0.0
1.0,5.0,True,32,99.99999667043255,99.99999365291758,100.00000943993771,0.0,0.0,0.0
1.0,5.0,True,33,99.99999694851698,99.99999644658924,100.00000426032386,0.0,0.0,0.0
1.0,5.0,True,34,99.99999589789579,99.99999648781184,100.0000039555941,0.0,0.0,0.0
1.0,5.0,True,35,99.99999718017217,99.99999716102592,100.0000098725475,0.0,0.0,0.0
1.0,5.0,True,36,99.99999749607974,99.9999974198204,100.00000654562768,0.0,0.0,0.0
1.0,5.0,True,37,100.00000664125538,100.00000474621125,100.00001528634323,0.0,0.0,0.0
1.0,5.0,True,38,99.99999973364692,99.99999963942051,100.00000943643468,0.0,0.0,0.0
1.0,5.0,True,39,100.0000019741669,100.00000168482602,100.00001191742633,0.0,0.0,0.0
1.0,5.0,True,40,99.99999955909641,99.99999945455059,100.00000874096543,0.0,0.0,0.0
1.0,5.0,True,41,99.9999975355468,99.99999913074308,100.00001202661184,0.0,0.0,0.0
1.0,5.0,True,42,99.99999818819678,100.00000112273865,100.00001202862913,0.0,0.0,0.0
1.0,5.0,True,43,100.00000006469602,100.00000193347323,100.00001382442582,0.0,0.0,0.0
1.0,5.0,True,44,99.99999738623794,100.0000007341813,100.00001282777328,0.0,0.0,0.0
1.0,5.0,True,45,100.00000046118745,100.00000123698052,100.0000099537481,0.0,0.0,0.0
1.0,5.0,True,46,100.00000233495916,100.00000153963245,100.00000707990051,0.0,0.0,0.0
1.0,5.0,True,47,100.00000297300107,100.00000240263304,100.00000602708943,0.0,0.0,0.0
1.0,5.0,True,48,99.99999960439384,100.00000255140907,100.0000107209176,0.0,0.0,0.0
1.0,5.0,True,49,99.9999993671612,99.99999927045087,100.00001252105926,0.0,0.0,0.0
1.0,5.0,True,50,99.99999960744739,99.99999931978057,100.00001009151757,0.0,0.0,0.0
1.0,10.0,False,1,49.207740691502806,49.21022848488947,49.2300003732784,0.15,0.15,0.15
1.0,10.0,False,2,100.00125399275153,100.00130423519084,100.00192914986647,0.0,0.0,0.0
1.0,10.0,False,3,100.00001725794931,99.99999793385498,100.00004761724924,0.0,0.0,0.0
1.0,10.0,False,4,99.99999033843163,99.99998695099296,100.00004763540225,0.0,0.0,0.0
1.0,10.0,False,5,99.99999949259946,99.99999246535262,100.0000280958627,0.0,0.0,0.0
1.0,10.0,False,6,100.00001584508868,100.00000195825153,100.00005382847931,0.0,0.0,0.0
1.0,10.0,False,7,100.00001143628444,100.00000186129823,100.00005390085042,0.0,0.0,0.0
1.0,10.0,False,8,100.00001242893575,100.00000307658944,100.00005262337913,0.0,0.0,0.0
1.0,10.0,False,9,100.00000354600886,99.99999995206363,100.00004426096802,0.0,0.0,0.0
1.0,10.0,False,10,99.99999986108382,99.99999047952316,100.00001572238791,0.0,0.0,0.0
1.0,10.0,False,11,99.99999779797702,99.99998880462995,100.00000522143864,0.0,0.0,0.0
1.0,10.0,False,12,99.9999958155031,99.9999890086667,100.00001008047776,0.0,0.0,0.0
1.0,10.0,False,13,99.99999797047593,99.99999469406714,100.00001813823525,0.0,0.0,0.0
1.0,10.0,False,14,99.99999608787459,99.99999253183485,100.00002838115913,0.0,0.0,0.0
1.0,10.0,False,15,99.99999518454918,99.99999083620688,100.00003265990559,0.0,0.0,0.0
1.0,10.0,False,16,99.99999544651685,99.99999396473495,100.00003476886425,0.0,0.0,0.0
1.0,10.0,False,17,99.9999920345237,100.00000097176574,100.00003347715521,0.0,0.0,0.0
1.0,10.0,False,18,100.00000698292172,100.0000034250925,100.00003211393049,0.0,0.0,0.0
1.0,10.0,False,19,100.00001073687068,100.00000601662532,100.00003221261244,0.0,0.0,0.0
1.0,10.0,False,20,100.00000654885429,100.00000857169108,100.00003145400038,0.0,0.0,0.0
1.0,10.0,False,21,100.00000036809888,100.00000143700447,100.00002378218028,0.0,0.0,0.0
1.0,10.0,False,22,100.0000015358635,100.00000100376579,100.00002260399953,0.0,0.0,0.0
1.0,10.0,False,23,99.99998993013696,99.99999654121922,100.00002507601488,0.0,0.0,0.0
1.0,10.0,False,24,99.99998542463047,99.99999448361294,100.00002654523146,0.0,0.0,0.0
1.0,10.0,False,25,99.9999907246395,99.99999575812562,100.00002459904289,0.0,0.0,0.0
1.0,10.0,False,26,99.9999845366202,99.99999204309312,100.00002314771862,0.0,0.0,0.0
1.0,10.0,False,27,99.99998631402758,99.99999305978342,100.0000310625914,0.0,0.0,0.0
1.0,10.0,False,28,99.99998515041324,99.99999234913275,100.00003164663987,0.0,0.0,0.0
1.0,10.0,False,29,99.99998624010377,99.99999089664229,100.00002882755635,0.0,0.0,0.0
1.0,10.0,False,30,99.99998643443955,99.9999926802597,100.0000303696545,0.0,0.0,0.0
1.0,10.0,False,31,99.99998614846133,99.99999469299323,100.00002320180675,0.0,0.0,0.0
1.0,10.0,False,32,99.9999947235965,99.99999599362138,100.00002076786666,0.0,0.0,0.0
1.0,10.0,False,33,99.99999653564659,99.99999595680325,100.00000924191146,0.0,0.0,0.0
1.0,10.0,False,34,99.99999985337311,99.99999566879517,100.00000604728406,0.0,0.0,0.0
1.0,10.0,False,35,99.99999507815679,99.9999956288064,100.00000848072507,0.0,0.0,0.0
1.0,10.0,False,36,99.99999640731933,99.9999972291355,100.00000566737,0.0,0.0,0.0
1.0,10.0,False,37,99.99999923313167,100.00000221993477,100.00001763660887,0.0,0.0,0.0
1.0,10.0,False,38,99.99999769504456,99.99999891205498,100.00001701396431,0.0,0.0,0.0
1.0,10.0,False,39,99.99999816277177,100.00000092399969,100.00001662998996,0.0,0.0,0.0
1.0,10.0,False,40,99.99999986264608,100.00000132036025,100.00001040138645,0.0,0.0,0.0
1.0,10.0,False,41,100.00000277543852,100.00000297575926,100.0000143296052,0.0,0.0,0.0
1.0,10.0,False,42,100.00000571716511,100.00000376537363,100.00001269767884,0.0,0.0,0.0
1.0,10.0,False,43,100.00000631006097,100.00000456159634,100.00001515152566,0.0,0.0,0.0
1.0,10.0,False,44,100.00000622600176,100.00000436713664,100.0000178713459,0.0,0.0,0.0
1.0,10.0,False,45,100.00000622526201,100.00000451838764,100.00001592577135,0.0,0.0,0.0
1.0,10.0,False,46,100.00000512991738,100.00000334078814,100.00001082383169,0.0,0.0,0.0
1.0,10.0,False,47,100.00000658975412,100.00000276089467,100.00001084640763,0.0,0.0,0.0
1.0,10.0,False,48,100.00000243795927,100.00000431279224,100.00001309356793,0.0,0.0,0.0
1.0,10.0,False,49,100.00000019541082,100.0000016389495,100.00001830085078,0.0,0.0,0.0
1.0,10.0,False,50,99.99999862590491,100.00000195429928,100.00001712318155,0.0,0.0,0.0
1.0,10.0,True,1,108.35324007977613,108.35970640509814,108.38981996523187,0.05,0.05,0.05
1.0,10.0,True,2,100.00097077224459,100.0010302296615,100.00163729411443,0.0,0.0,0.0
1.0,10.0,True,3,100.00002700226435,100.00000159011206,100.00007127368667,0.0,0.0,0.0
1.0,10.0,True,4,100.00000124069236,99.9999900870545,100.00007113065642,0.0,0.0,0.0
1.0,10.0,True,5,100.00001260736721,99.99999736699141,100.00005045632173,0.0,0.0,0.0
1.0,10.0,True,6,100.0000116210812,100.00000310559305,100.00007057421223,0.0,0.0,0.0
1.0,10.0,True,7,100.00001856809163,100.0000052889928,100.0000712206976,0.0,0.0,0.0
1.0,10.0,True,8,100.00001139050566,100.00000227588129,100.00006385974646,0.0,0.0,0.0
1.0,10.0,True,9,100.00000867630226,99.99999611292543,100.00005716797182,0.0,0.0,0.0
1.0,10.0,True,10,99.99999153787529,99.99998751886007,100.00003025252036,0.0,0.0,0.0
1.0,10.0,True,11,99.99999145854426,99.99998706698378,100.00002395281615,0.0,0.0,0.0
1.0,10.0,True,12,99.99999068437242,99.99999002819109,100.00001596059909,0.0,0.0,0.0
1.0,10.0,True,13,100.00000583635077,99.99999593410182,100.00001595285761,0.0,0.0,0.0
1.0,10.0,True,14,100.00000557282245,99.99999570846937,100.00002261296176,0.0,0.0,0.0
1.0,10.0,True,15,100.0000045054903,99.99999306086316,100.00002259858871,0.0,0.0,0.0
1.0,10.0,True,16,100.00000614460409,99.99999355900144,100.00002397603153,0.0,0.0,0.0
1.0,10.0,True,17,100.00001021851827,99.99999658705002,100.000020159532,0.0,0.0,0.0
1.0,10.0,True,18,100.0000079127484,99.99999677614062,100.00001730463283,0.0,0.0,0.0
1.0,10.0,True,19,100.00000976861094,100.00000696038403,100.00002480547636,0.0,0.0,0.0
1.0,10.0,True,20,100.00001223634534,100.00000757967436,100.00002473453667,0.0,0.0,0.0
1.0,10.0,True,21,99.99999333745455,100.00000126089483,100.00001901699899,0.0,0.0,0.0
1.0,10.0,True,22,99.99999191413778,100.00000061466241,100.00002000092553,0.0,0.0,0.0
1.0,10.0,True,23,99.99999066927447,99.99999773653482,100.00001732178,0.0,0.0,0.0
1.0,10.0,True,24,99.99998783642562,99.99999533499204,100.00001795927524,0.0,0.0,0.0
1.0,10.0,True,25,99.99999503971483,99.99999708198636,100.0000159800484,0.0,0.0,0.0
1.0,10.0,True,26,99.99998612228484,99.99999611776369,100.00001799631454,0.0,0.0,0.0
1.0,10.0,True,27,99.99998837226748,99.9999969803251,100.00002294844145,0.0,0.0,0.0
1.0,10.0,True,28,99.99998643288856,99.99999216893438,100.0000226405192,0.0,0.0,0.0
1.0,10.0,True,29,99.99998911607135,99.99999186651533,100.00002091577791,0.0,0.0,0.0
1.0,10.0,True,30,99.99999552281275,99.99999312333445,100.00001939793299,0.0,0.0,0.0
1.0,10.0,True,31,99.99999952308937,99.99999396514099,100.00000820664357,0.0,0.0,0.0
1.0,10.0,True,32,99.99999666807838,99.99999365339475,100.00000944740452,0.0,0.0,0.0
1.0,10.0,True,33,99.99999694060989,99.99999644579194,100.00000426572855,0.0,0.0,0.0
1.0,10.0,True,34,99.9999959013362,99.99999648722675,100.00000396165194,0.0,0.0,0.0
1.0,10.0,True,35,99.99999718168927,99.99999716099063,100.0000098676984,0.0,0.0,0.0
1.0,10.0,True,36,99.99999750221826,99.99999742342807,100.00000654137543,0.0,0.0,0.0
1.0,10.0,True,37,100.00000663501554,100.00000474676838,100.00001529384345,0.0,0.0,0.0
1.0,10.0,True,38,99.99999973896121,99.9999996391181,100.00000943862568,0.0,0.0,0.0
1.0,10.0,True,39,100.0000019800575,100.0000016862778,100.00001192279434,0.0,0.0,0.0
1.0,10.0,True,40,99.99999956558776,99.99999945643364,100.0000087404965,0.0,0.0,0.0
1.0,10.0,True,41,99.99999753727843,99.99999913700853,100.00001202513594,0.0,0.0,0.0
1.0,10.0,True,42,99.9999981902022,100.00000112835718,100.00001202657972,0.0,0.0,0.0
1.0,10.0,True,43,100.00000007460272,100.00000193857822,100.00001382317959,0.0,0.0,0.0
1.0,10.0,True,44,99.99999739254463,100.0000007380717,100.00001282759706,0.0,0.0,0.0
1.0,10.0,True,45,100.00000046926786,100.00000124120649,100.00000995461889,0.0,0.0,0.0
1.0,10.0,True,46,100.0000023390644,100.0000015427577,100.00000707995295,0.0,0.0,0.0
1.0,10.0,True,47,100.00000297960285,100.00000240446455,100.0000060228802,0.0,0.0,0.0
1.0,10.0,True,48,99.99999960782301,100.00000255418108,100.00001071994606,0.0,0.0,0.0
1.0,10.0,True,49,99.9999993665779,99.99999927346353,100.00001252343648,0.0,0.0,0.0
1.0,10.0,True,50,99.99999960897948,99.99999932343773,100.00001009406326,0.0,0.0,0.0
1.0,15.0,False,1,15.398268528268078,15.400909135183877,15.417273769419683,0.35,0.35,0.35
1.0,15.0,False,2,100.00125418237852,100.00130446682977,100.00192936873353,0.0,0.0,0.0
1.0,15.0,False,3,100.00001725906344,99.99999793560815,100.00004762190724,0.0,0.0,0.0
1.0,15.0,False,4,99.99999033985199,99.99998695273734,100.00004764006962,0.0,0.0,0.0
1.0,15.0,False,5,99.99999949418329,99.99999246704577,100.00002810013092,0.0,0.0,0.0
1.0,15.0,False,6,100.00001584667052,100.00000195987889,100.00005383229748,0.0,0.0,0.0
1.0,15.0,False,7,100.00001143822521,100.0000018621884,100.00005390521726,0.0,0.0,0.0
1.0,15.0,False,8,100.00001243097155,100.00000308159944,100.00005263671373,0.0,0.0,0.0
1.0,15.0,False,9,100.00000354605474,99.99999995254446,100.00004426506882,0.0,0.0,0.0
1.0,15.0,False,10,99.99999986026089,99.99999048014976,100.00001572606354,0.0,0.0,0.0
1.0,15.0,False,11,99.99999779750281,99.9999888065767,100.00000522617808,0.0,0.0,0.0
1.0,15.0,False,12,99.99999581509674,99.99998900981917,100.00001008027441,0.0,0.0,0.0
1.0,15.0,False,13,99.99999797487237,99.99999469438167,100.00001813630041,0.0,0.0,0.0
1.0,15.0,False,14,99.99999609264589,99.99999253143052,100.00002837740034,0.0,0.0,0.0
1.0,15.0,False,15,99.99999518891761,99.99999083688373,100.00003265928146,0.0,0.0,0.0
1.0,15.0,False,16,99.99999545191037,99.9999939668523,100.00003476916703,0.0,0.0,0.0
1.0,15.0,False,17,99.99999203923275,100.00000097306614,100.0000334772134,0.0,0.0,0.0
1.0,15.0,False,18,100.00000698291615,100.00000342331253,100.00003211286393,0.0,0.0,0.0
1.0,15.0,False,19,100.00001073654968,100.00000601741438,100.00003221268118,0.0,0.0,0.0
1.0,15.0,False,20,100.00000655029915,100.00000857287826,100.00003145279662,0.0,0.0,0.0
1.0,15.0,False,21,100.00000037152626,100.00000143825517,100.0000237824277,0.0,0.0,0.0
1.0,15.0,False,22,100.00000153910435,100.00000100459245,100.00002260425859,0.0,0.0,0.0
1.0,15.0,False,23,99.99998993151152,99.99999654221946,100.00002507543007,0.0,0.0,0.0
1.0,15.0,False,24,99.99998542459142,99.99999448493661,100.0000265462803,0.0,0.0,0.0
1.0,15.0,False,25,99.99999072632126,99.99999575955317,100.00002459980448,0.0,0.0,0.0
1.0,15.0,False,26,99.99998453727048,99.99999204470419,100.0000231483269,0.0,0.0,0.0
1.0,15.0,False,27,99.99998631432248,99.99999306093727,100.00003106292249,0.0,0.0,0.0
1.0,15.0,False,28,99.99998515689339,99.99999235132181,100.00003164719347,0.0,0.0,0.0
1.0,15.0,False,29,99.99998623994153,99.99999089758221,100.00002882776529,0.0,0.0,0.0
1.0,15.0,False,30,99.99998643716313,99.99999268186693,100.00003036986749,0.0,0.0,0.0
1.0,15.0,False,31,99.99998615183378,99.9999946947747,100.00002320221095,0.0,0.0,0.0
1.0,15.0,False,32,99.99999472538506,99.9999959957319,100.00002076816583,0.0,0.0,0.0
1.0,15.0,False,33,99.9999965358793,99.99999595733684,100.00000924179798,0.0,0.0,0.0
1.0,15.0,False,34,99.99999985144669,99.9999956693527,100.00000604825362,0.0,0.0,0.0
1.0,15.0,False,35,99.99999507734543,99.99999562979596,100.00000848114075,0.0,0.0,0.0
1.0,15.0,False,36,99.999996406831,99.99999723798967,100.00000566785417,0.0,0.0,0.0
1.0,15.0,False,37,99.99999923241623,100.00000222158621,100.00001763684315,0.0,0.0,0.0
1.0,15.0,False,38,99.99999769879655,99.99999891339978,100.00001701433413,0.0,0.0,0.0
1.0,15.0,False,39,99.99999816679764,100.00000092448211,100.00001662796872,0.0,0.0,0.0
1.0,15.0,False,40,99.9999998620763,100.0000013200895,100.0000104005006,0.0,0.0,0.0
1.0,15.0,False,41,100.00000277714278,100.0000029763548,100.00001432908189,0.0,0.0,0.0
1.0,15.0,False,42,100.00000571989924,100.00000376591365,100.00001269722489,0.0,0.0,0.0
1.0,15.0,False,43,100.0000063118762,100.00000456191611,100.00001515149461,0.0,0.0,0.0
1.0,15.0,False,44,100.00000622773868,100.00000436755464,100.00001787169373,0.0,0.0,0.0
1.0,15.0,False,45,100.00000622706992,100.00000451884372,100.00001592639242,0.0,0.0,0.0
1.0,15.0,False,46,100.00000513111866,100.00000334115705,100.00001082460159,0.0,0.0,0.0
1.0,15.0,False,47,100.00000659085305,100.00000276132408,100.00001084662856,0.0,0.0,0.0
1.0,15.0,False,48,100.00000243945361,100.00000431306503,100.00001309386377,0.0,0.0,0.0
1.0,15.0,False,49,100.00000019582504,100.00000163948944,100.00001830130938,0.0,0.0,0.0
1.0,15.0,False,50,99.99999862630261,100.00000195351726,100.00001712356308,0.0,0.0,0.0
1.0,15.0,True,1,89.19283971957995,89.1892823065607,89.20175531008758,0.1,0.1,0.1
1.0,15.0,True,2,100.0009685655416,100.00102790930433,100.00163462450266,0.0,0.0,0.0
1.0,15.0,True,3,100.00002700076641,100.00000159083555,100.000071274948,0.0,0.0,0.0
1.0,15.0,True,4,100.00000124012922,99.9999900879712,100.00007113186504,0.0,0.0,0.0
1.0,15.0,True,5,100.00001260686484,99.99999736786654,100.00005045812992,0.0,0.0,0.0
1.0,15.0,True,6,100.00001162085005,100.00000310496162,100.00007056754177,0.0,0.0,0.0
1.0,15.0,True,7,100.0000185673129,100.00000528978295,100.00007122112362,0.0,0.0,0.0
1.0,15.0,True,8,100.00001139396647,100.00000227786606,100.00006386044039,0.0,0.0,0.0
1.0,15.0,True,9,100.00000867361774,99.99999611414657,100.00005716691825,0.0,0.0,0.0
1.0,15.0,True,10,99.999991538623,99.9999875202046,100.00003025224433,0.0,0.0,0.0
1.0,15.0,True,11,99.99999145945407,99.99998706820674,100.00002395582162,0.0,0.0,0.0
1.0,15.0,True,12,99.99999068482222,99.9999900297585,100.00001596273037,0.0,0.0,0.0
1.0,15.0,True,13,100.00000583792092,99.99999593602438,100.00001595497764,0.0,0.0,0.0
1.0,15.0,True,14,100.00000557488767,99.99999571124252,100.00002261344534,0.0,0.0,0.0
1.0,15.0,True,15,100.00000450899503,99.99999306235456,100.00002259935718,0.0,0.0,0.0
1.0,15.0,True,16,100.00000620285294,99.99999357069638,100.00002397809065,0.0,0.0,0.0
1.0,15.0,True,17,100.00001021819068,99.9999965880536,100.00002016051009,0.0,0.0,0.0
1.0,15.0,True,18,100.00000791274203,99.99999677480211,100.00001730723804,0.0,0.0,0.0
1.0,15.0,True,19,100.00000976939587,100.00000696249451,100.00002480829991,0.0,0.0,0.0
1.0,15.0,True,20,100.00001223713622,100.00000758112418,100.00002473677108,0.0,0.0,0.0
1.0,15.0,True,21,99.9999933407804,100.00000126226193,100.00001901836049,0.0,0.0,0.0
1.0,15.0,True,22,99.99999191957158,100.00000061646143,100.00002000253707,0.0,0.0,0.0
1.0,15.0,True,23,99.9999906689583,99.9999977367213,100.00001732107073,0.0,0.0,0.0
1.0,15.0,True,24,99.99998783734385,99.99999533559156,100.00001795920421,0.0,0.0,0.0
1.0,15.0,True,25,99.99999504140098,99.99999708314378,100.00001598092157,0.0,0.0,0.0
1.0,15.0,True,26,99.99998612273149,99.99999611883042,100.00001799669386,0.0,0.0,0.0
1.0,15.0,True,27,99.99998837258823,99.99999698117107,100.00002294932524,0.0,0.0,0.0
1.0,15.0,True,28,99.99998643308966,99.99999216966322,100.0000226414468,0.0,0.0,0.0
1.0,15.0,True,29,99.99998911590352,99.99999186994182,100.00002091666462,0.0,0.0,0.0
1.0,15.0,True,30,99.99999552177289,99.99999312429591,100.00001939858635,0.0,0.0,0.0
1.0,15.0,True,31,99.9999995217265,99.9999939650381,100.00000820786909,0.0,0.0,0.0
1.0,15.0,True,32,99.9999966672945,99.99999365355355,100.00000944988783,0.0,0.0,0.0
1.0,15.0,True,33,99.99999693797514,99.99999644552594,100.00000426752888,0.0,0.0,0.0
1.0,15.0,True,34,99.99999590248379,99.99999648703165,100.00000396367062,0.0,0.0,0.0
1.0,15.0,True,35,99.99999718219429,99.99999716098037,100.00000986608325,0.0,0.0,0.0
1.0,15.0,True,36,99.99999750426568,99.99999742463183,100.0000065399592,0.0,0.0,0.0
1.0,15.0,True,37,100.00000663293784,100.0000047469548,100.00001529634378,0.0,0.0,0.0
1.0,15.0,True,38,99.99999974073171,99.99999963901773,100.00000943935612,0.0,0.0,0.0
1.0,15.0,True,39,100.00000198202002,100.00000168676237,100.00001192458384,0.0,0.0,0.0
1.0,15.0,True,40,99.9999995677514,99.99999945706224,100.00000874034251,0.0,0.0,0.0
1.0,15.0,True,41,99.99999753785576,99.99999913909781,100.00001202464554,0.0,0.0,0.0
1.0,15.0,True,42,99.99999819087068,100.0000011302301,100.00001202589803,0.0,0.0,0.0
1.0,15.0,True,43,100.00000007790504,100.00000194027965,100.00001382276571,0.0,0.0,0.0
1.0,15.0,True,44,99.9999973946468,100.0000007393689,100.00001282754101,0.0,0.0,0.0
1.0,15.0,True,45,100.00000047196129,100.0000012426153,100.00000995491224,0.0,0.0,0.0
1.0,15.0,True,46,100.00000234043097,100.0000015437992,100.00000707997307,0.0,0.0,0.0
1.0,15.0,True,47,100.00000298180197,100.00000240507363,100.00000602147986,0.0,0.0,0.0
1.0,15.0,True,48,99.99999960896699,100.00000255510409,100.00001071962375,0.0,0.0,0.0
1.0,15.0,True,49,99.99999936638076,99.99999927446729,100.0000125242293,0.0,0.0,0.0
1.0,15.0,True,50,99.99999960948685,99.99999932465627,100.00001009491267,0.0,0.0,0.0
1.0,20.0,False,1,10.553783961033574,10.554702691394027,10.568990593147007,0.5,0.5,0.5
1.0,20.0,False,2,100.00125427684569,100.0013045821549,100.00192947742195,0.0,0.0,0.0
1.0,20.0,False,3,100.00001725962065,99.99999793648475,100.00004762423634,0.0,0.0,0.0
1.0,20.0,False,4,99.99999034056222,99.99998695360958,100.00004764240339,0.0,0.0,0.0
1.0,20.0,False,5,99.99999949497519,99.99999246789233,100.00002810226525,0.0,0.0,0.0
1.0,20.0,False,6,100.0000158474609,100.00000196069246,100.00005383420691,0.0,0.0,0.0
1.0,20.0,False,7,100.00001143919503,100.0000018626333,100.00005390740088,0.0,0.0,0.0
1.0,20.0,False,8,100.00001243198885,100.0000030841025,100.00005264337219,0.0,0.0,0.0
1.0,20.0,False,9,100.00000354607782,99.99999995278492,100.00004426711953,0.0,0.0,0.0
1.0,20.0,False,10,99.99999985984914,99.99999048046291,100.00001572790168,0.0,0.0,0.0
1.0,20.0,False,11,99.99999779726555,99.9999888075502,100.00000522854806,0.0,0.0,0.0
1.0,20.0,False,12,99.9999958148934,99.99998901039527,100.00001008017253,0.0,0.0,0.0
1.0,20.0,False,13,99.99999797707089,99.99999469453894,100.00001813533308,0.0,0.0,0.0
1.0,20.0,False,14,99.9999960950318,99.9999925312283,100.00002837552056,0.0,0.0,0.0
1.0,20.0,False,15,99.99999519110217,99.99999083722211,100.00003265896927,0.0,0.0,0.0
1.0,20.0,False,16,99.99999545460727,99.99999396791114,100.0000347693182,0.0,0.0,0.0
1.0,20.0,False,17,99.99999204158777,100.00000097371617,100.00003347724235,0.0,0.0,0.0
1.0,20.0,False,18,100.0000069829133,100.00000342242288,100.00003211233083,0.0,0.0,0.0
1.0,20.0,False,19,100.00001073638917,100.00000601780937,100.0000322127155,0.0,0.0,0.0
1.0,20.0,False,20,100.00000655102133,100.00000857347149,100.00003145219341,0.0,0.0,0.0
1.0,20.0,False,21,100.00000037324003,100.00000143888039,100.00002378255138,0.0,0.0,0.0
1.0,20.0,False,22,100.00000154072487,100.00000100500569,100.00002260438812,0.0,0.0,0.0
1.0,20.0,False,23,99.9999899321989,99.99999654271949,100.00002507513742,0.0,0.0,0.0
1.0,20.0,False,24,99.99998542457186,99.99999448559839,100.0000265468048,0.0,0.0,0.0
1.0,20.0,False,25,99.9999907271621,99.9999957602669,100.0000246001853,0.0,0.0,0.0
1.0,20.0,False,26,99.99998453759545,99.99999204550964,100.0000231486311,0.0,0.0,0.0
1.0,20.0,False,27,99.9999863144698,99.99999306151415,100.00003106308804,0.0,0.0,0.0
1.0,20.0,False,28,99.99998516013034,99.99999235241569,100.00003164747031,0.0,0.0,0.0
1.0,20.0,False,29,99.99998623986033,99.999990898052,100.00002882786981,0.0,0.0,0.0
1.0,20.0,False,30,99.99998643852302,99.99999268267013,100.00003036997404,0.0,0.0,0.0
1.0,20.0,False,31,99.99998615351954,99.99999469566526,100.00002320241309,0.0,0.0,0.0
1.0,20.0,False,32,99.99999472627921,99.99999599678685,100.00002076831544,0.0,0.0,0.0
1.0,20.0,False,33,99.99999653599575,99.99999595760373,100.00000924174151,0.0,0.0,0.0
1.0,20.0,False,34,99.9999998504835,99.99999566963132,100.00000604873826,0.0,0.0,0.0
1.0,20.0,False,35,99.99999507693953,99.99999563029075,100.00000848134869,0.0,0.0,0.0
1.0,20.0,False,36,99.99999640658663,99.99999724244411,100.00000566809638,0.0,0.0,0.0
1.0,20.0,False,37,99.99999923205829,100.00000222241185,100.00001763696034,0.0,0.0,0.0
1.0,20.0,False,38,99.99999770067274,99.9999989140722,100.00001701451913,0.0,0.0,0.0
1.0,20.0,False,39,99.99999816881075,100.00000092472331,100.00001662695844,0.0,0.0,0.0
1.0,20.0,False,40,99.99999986179131,100.00000131995425,100.00001040005813,0.0,0.0,0.0
1.0,20.0,False,41,100.00000277799487,100.00000297665254,100.00001432882024,0.0,0.0,0.0
1.0,20.0,False,42,100.00000572126588,100.00000376618354,100.00001269699794,0.0,0.0,0.0
1.0,20.0,False,43,100.00000631278382,100.000004562076,100.00001515147925,0.0,0.0,0.0
1.0,20.0,False,44,100.0000062286071,100.00000436776361,100.0000178718677,0.0,0.0,0.0
1.0,20.0,False,45,100.00000622797378,100.00000451907177,100.00001592670307,0.0,0.0,0.0
1.0,20.0,False,46,100.00000513171923,100.00000334134147,100.00001082498665,0.0,0.0,0.0
1.0,20.0,False,47,100.00000659140241,100.00000276153871,100.00001084673919,0.0,0.0,0.0
1.0,20.0,False,48,100.00000244020093,100.0000043132014,100.00001309401185,0.0,0.0,0.0
1.0,20.0,False,49,100.00000019603232,100.0000016397594,100.00001830153883,0.0,0.0,0.0
1.0,20.0,False,50,99.99999862650168,100.00000195312546,100.00001712375402,0.0,0.0,0.0
1.0,20.0,True,1,77.17697083118851,77.18034057174314,77.19151387343058,0.1,0.1,0.1
1.0,20.0,True,2,100.00096746144303,100.00102674815325,100.00163328823174,0.0,0.0,0.0
1.0,20.0,True,3,100.00002700001815,100.00000159119756,100.00007127557822,0.0,0.0,0.0
1.0,20.0,True,4,100.00000123984827,99.99999008842977,100.00007113246889,0.0,0.0,0.0
1.0,20.0,True,5,100.00001260661432,99.99999736830429,100.00005045903367,0.0,0.0,0.0
1.0,20.0,True,6,100.00001162073501,100.00000310464762,100.00007056421381,0.0,0.0,0.0
1.0,20.0,True,7,100.00001856692411,100.00000529017798,100.0000712213362,0.0,0.0,0.0
1.0,20.0,True,8,100.00001139570386,100.0000022788598,100.00006386078687,0.0,0.0,0.0
1.0,20.0,True,9,100.0000086722753,99.99999611475693,100.00005716638998,0.0,0.0,0.0
1.0,20.0,True,10,99.99999153899718,99.99998752087674,100.00003025210604,0.0,0.0,0.0
1.0,20.0,True,11,99.9999914599094,99.99998706881878,100.00002395732412,0.0,0.0,0.0
1.0,20.0,True,12,99.9999906850476,99.99999003054234,100.0000159637958,0.0,0.0,0.0
1.0,20.0,True,13,100.00000583870627,99.99999593698604,100.00001595603746,0.0,0.0,0.0
1.0,20.0,True,14,100.00000557592043,99.99999571262914,100.00002261368732,0.0,0.0,0.0
1.0,20.0,True,15,100.00000451074803,99.99999306310063,100.00002259974175,0.0,0.0,0.0
1.0,20.0,True,16,100.00000623215237,99.99999357657916,100.00002397912044,0.0,0.0,0.0
1.0,20.0,True,17,100.00001021802638,99.99999658855523,100.00002016099945,0.0,0.0,0.0
1.0,20.0,True,18,100.00000791273897,99.99999677413778,100.00001730854085,0.0,0.0,0.0
1.0,20.0,True,19,100.0000097697887,100.00000696354988,100.00002480971081,0.0,0.0,0.0
1.0,20.0,True,20,100.00001223753185,100.00000758184903,100.00002473788781,0.0,0.0,0.0
1.0,20.0,True,21,99.9999933424429,100.00000126294559,100.00001901904095,0.0,0.0,0.0
1.0,20.0,True,22,99.99999192228753,100.00000061736098,100.00002000334263,0.0,0.0,0.0
1.0,20.0,True,23,99.99999066880116,99.99999773681478,100.00001732071672,0.0,0.0,0.0
1.0,20.0,True,24,99.99998783780303,99.99999533589144,100.00001795916918,0.0,0.0,0.0
1.0,20.0,True,25,99.99999504224485,99.99999708372266,100.00001598135776,0.0,0.0,0.0
1.0,20.0,True,26,99.99998612295491,99.99999611936394,100.00001799688312,0.0,0.0,0.0
1.0,20.0,True,27,99.99998837274862,99.99999698159414,100.00002294976741,0.0,0.0,0.0
1.0,20.0,True,28,99.99998643319023,99.99999217002782,100.00002264191087,0.0,0.0,0.0
1.0,20.0,True,29,99.99998911582037,99.99999187165909,100.00002091710829,0.0,0.0,0.0
1.0,20.0,True,30,99.99999552125291,99.99999312477657,100.0000193989133,0.0,0.0,0.0
1.0,20.0,True,31,99.9999995210447,99.99999396498674,100.00000820848211,0.0,0.0,0.0
1.0,20.0,True,32,99.99999666690283,99.999993653633,100.00000945112849,0.0,0.0,0.0
1.0,20.0,True,33,99.99999693665815,99.99999644539304,100.00000426842897,0.0,0.0,0.0
1.0,20.0,True,34,99.99999590305778,99.99999648693421,100.00000396467996,0.0,0.0,0.0
1.0,20.0,True,35,99.99999718244669,99.99999716097564,100.00000986527607,0.0,0.0,0.0
1.0,20.0,True,36,99.99999750528963,99.99999742523407,100.0000065392515,0.0,0.0,0.0
1.0,20.0,True,37,100.00000663189957,100.00000474704828,100.0000152975941,0.0,0.0,0.0
1.0,20.0,True,38,99.9999997416169,99.99999963896775,100.00000943972148,0.0,0.0,0.0
1.0,20.0,True,39,100.00000198300121,100.00000168700491,100.00001192547876,0.0,0.0,0.0
1.0,20.0,True,40,99.99999956883332,99.99999945737684,100.00000874026614,0.0,0.0,0.0
1.0,20.0,True,41,99.99999753814438,99.99999914014269,100.00001202440083,0.0,0.0,0.0
1.0,20.0,True,42,99.99999819120487,100.0000011311667,100.00001202555764,0.0,0.0,0.0
1.0,20.0,True,43,100.00000007955643,100.00000194113042,100.00001382255925,0.0,0.0,0.0
1.0,20.0,True,44,99.99999739569805,100.0000007400177,100.0000128275137,0.0,0.0,0.0
1.0,20.0,True,45,100.00000047330823,100.00000124331986,100.00000995505968,0.0,0.0,0.0
1.0,20.0,True,46,100.00000234111403,100.00000154432004,100.00000707998379,0.0,0.0,0.0
1.0,20.0,True,47,100.00000298290146,100.00000240537804,100.0000060207804,0.0,0.0,0.0
1.0,20.0,True,48,99.99999960953913,100.00000255556554,100.00001071946305,0.0,0.0,0.0
1.0,20.0,True,49,99.99999936628183,99.99999927496918,100.0000125246259,0.0,0.0,0.0
1.0,20.0,True,50,99.99999960974,99.99999932526555,100.00001009533766,0.0,0.0,0.0
2.0,5.0,False,1,99.96960047903568,99.9695462761798,99.96974866606033,0.0,0.0,0.0
2.0,5.0,False,2,100.00005229507597,100.00006477306951,100.00022338127017,0.0,0.0,0.0
2.0,5.0,False,3,100.00001943619483,100.00000413663449,100.00003327253364,0.0,0.0,0.0
2.0,5.0,False,4,100.00000698265151,99.99999804134455,100.00003334165831,0.0,0.0,0.0
2.0,5.0,False,5,100.00001139066688,100.00000094718105,100.00002495454537,0.0,0.0,0.0
2.0,5.0,False,6,100.00001829459558,100.00000601739457,100.0000376840716,0.0,0.0,0.0
2.0,5.0,False,7,100.00002071195051,100.00000690129542,100.0000375685409,0.0,0.0,0.0
2.0,5.0,False,8,100.00002097602638,100.00000752060386,100.00003871536569,0.0,0.0,0.0
2.0,5.0,False,9,100.0000091115408,100.00000474415614,100.00003368887917,0.0,0.0,0.0
2.0,5.0,False,10,100.00000912937907,100.00000006662967,100.00001822677748,0.0,0.0,0.0
2.0,5.0,False,11,100.00000826671622,99.99999914487228,100.00001446721352,0.0,0.0,0.0
2.0,5.0,False,12,100.0000029493446,99.99999681610223,100.00001540938462,0.0,0.0,0.0
2.0,5.0,False,13,100.00000307508637,99.99999949187155,100.00001492489776,0.0,0.0,0.0
2.0,5.0,False,14,100.00000211772294,99.99999902663313,100.00001837102559,0.0,0.0,0.0
2.0,5.0,False,15,100.00000180930797,99.99999837564773,100.00001869976447,0.0,0.0,0.0
2.0,5.0,False,16,100.00000203734032,99.9999995521841,100.00001916433948,0.0,0.0,0.0
2.0,5.0,False,17,100.00000047710203,100.00000258545538,100.00001843124559,0.0,0.0,0.0
2.0,5.0,False,18,100.00000246069148,100.00000151098845,100.00001780341675,0.0,0.0,0.0
2.0,5.0,False,19,100.00000520980846,100.00000191643673,100.00001822676893,0.0,0.0,0.0
2.0,5.0,False,20,100.00000548485384,100.00000341345559,100.00001798354955,0.0,0.0,0.0
2.0,5.0,False,21,100.00000027480803,100.00000026370824,100.0000137220122,0.0,0.0,0.0
2.0,5.0,False,22,100.0000001025528,100.00000078631538,100.00001284498589,0.0,0.0,0.0
2.0,5.0,False,23,99.99999704221173,99.99999966301374,100.0000141483215,0.0,0.0,0.0
2.0,5.0,False,24,99.99999551715078,99.99999736760637,100.00001483784541,0.0,0.0,0.0
2.0,5.0,False,25,99.99999303432975,99.99999657928473,100.00001417781559,0.0,0.0,0.0
2.0,5.0,False,26,99.9999915339624,99.99999491742471,100.00001346898392,0.0,0.0,0.0
2.0,5.0,False,27,99.99999441330559,99.99999593917487,100.00001738278976,0.0,0.0,0.0
2.0,5.0,False,28,99.99999210928056,99.99999567964008,100.00001761972598,0.0,0.0,0.0
2.0,5.0,False,29,99.99999199035085,99.99999471873753,100.00001630081329,0.0,0.0,0.0
2.0,5.0,False,30,99.99999274121845,99.99999543141742,100.00001692226297,0.0,0.0,0.0
2.0,5.0,False,31,99.99999341820288,99.99999630490429,100.0000140438535,0.0,0.0,0.0
2.0,5.0,False,32,99.9999923902442,99.99999651165353,100.00001303497525,0.0,0.0,0.0
2.0,5.0,False,33,99.99999621657935,99.99999725804275,100.00000645946582,0.0,0.0,0.0
2.0,5.0,False,34,99.9999983330142,99.99999682772771,100.00000045428295,0.0,0.0,0.0
2.0,5.0,False,35,99.99999764842171,99.99999675565319,99.99999990275553,0.0,0.0,0.0
2.0,5.0,False,36,99.99999654653735,99.99999647835986,100.00000206677032,0.0,0.0,0.0
2.0,5.0,False,37,99.9999987486591,99.99999953534376,100.00000786197808,0.0,0.0,0.0
2.0,5.0,False,38,99.9999987252844,99.9999984745097,100.00000880226486,0.0,0.0,0.0
2.0,5.0,False,39,99.99999893013452,99.99999997538808,100.00000865553133,0.0,0.0,0.0
2.0,5.0,False,40,99.99999812344069,99.99999929359066,100.0000050832941,0.0,0.0,0.0
2.0,5.0,False,41,100.00000211421067,100.00000130846146,100.00000731946358,0.0,0.0,0.0
2.0,5.0,False,42,100.00000360337518,100.00000150434064,100.0000063890602,0.0,0.0,0.0
2.0,5.0,False,43,100.00000407958642,100.00000252109501,100.00000660461816,0.0,0.0,0.0
2.0,5.0,False,44,100.00000406309786,100.00000236444194,100.0000075077842,0.0,0.0,0.0
2.0,5.0,False,45,100.00000406580034,100.00000246504985,100.00000668684366,0.0,0.0,0.0
2.0,5.0,False,46,100.00000405811633,100.00000202919864,100.00000637413771,0.0,0.0,0.0
2.0,5.0,False,47,100.00000425264528,100.00000164008607,100.00000496894938,0.0,0.0,0.0
2.0,5.0,False,48,100.00000236707257,100.00000235140975,100.00000543168366,0.0,0.0,0.0
2.0,5.0,False,49,100.00000155400623,100.00000142160556,100.00000896863303,0.0,0.0,0.0
2.0,5.0,False,50,100.00000093389994,100.00000147531787,100.00000823428587,0.0,0.0,0.0
2.0,5.0,True,1,100.66241548013863,100.66238690317927,100.66382850155307,0.0,0.0,0.0
2.0,5.0,True,2,100.00003976068454,100.00005443608708,100.00021058416195,0.0,0.0,0.0
2.0,5.0,True,3,100.00001698023247,100.00000558703478,100.00004137453806,0.0,0.0,0.0
2.0,5.0,True,4,100.00001543588722,99.99999928224713,100.00004146352732,0.0,0.0,0.0
2.0,5.0,True,5,100.00001970049954,100.00000458770566,100.00003280024661,0.0,0.0,0.0
2.0,5.0,True,6,100.00001391752653,100.00000782470738,100.00004121297003,0.0,0.0,0.0
2.0,5.0,True,7,100.0000226486097,100.00000983107071,100.00004360319502,0.0,0.0,0.0
2.0,5.0,True,8,100.00001903675718,100.00000875486946,100.00004008337739,0.0,0.0,0.0
2.0,5.0,True,9,100.00000708388951,100.00000344136302,100.00003944498755,0.0,0.0,0.0
2.0,5.0,True,10,100.00000628138667,99.99999811000268,100.00002222067562,0.0,0.0,0.0
2.0,5.0,True,11,100.00000654511148,99.99999724777925,100.00001729587623,0.0,0.0,0.0
2.0,5.0,True,12,100.00000425121449,99.9999972300687,100.00001285397657,0.0,0.0,0.0
2.0,5.0,True,13,100.00000957397283,99.99999933412862,100.00001302950028,0.0,0.0,0.0
2.0,5.0,True,14,100.00000844560496,99.99999891050558,100.00001568132893,0.0,0.0,0.0
2.0,5.0,True,15,100.00000857676771,99.99999875317,100.00001568757816,0.0,0.0,0.0
2.0,5.0,True,16,100.00000904119184,99.99999965453694,100.00001601655767,0.0,0.0,0.0
2.0,5.0,True,17,100.00000853456282,100.00000068639137,100.00001483637234,0.0,0.0,0.0
2.0,5.0,True,18,100.00000422000915,99.99999805611053,100.00001222480677,0.0,0.0,0.0
2.0,5.0,True,19,100.00000483487564,100.00000256539643,100.00001525948453,0.0,0.0,0.0
2.0,5.0,True,20,100.000005095761,100.00000267398288,100.00001516840496,0.0,0.0,0.0
2.0,5.0,True,21,99.99999711351677,100.00000022464573,100.00001216267813,0.0,0.0,0.0
2.0,5.0,True,22,99.9999956375326,100.00000026714218,100.00001130985618,0.0,0.0,0.0
2.0,5.0,True,23,99.99999668868821,99.99999950039475,100.00001150746971,0.0,0.0,0.0
2.0,5.0,True,24,99.99999396908797,99.99999739503497,100.00001186366791,0.0,0.0,0.0
2.0,5.0,True,25,99.99999628413732,99.9999979840093,100.0000101500616,0.0,0.0,0.0
2.0,5.0,True,26,99.9999902589561,99.99999697126994,100.00001054118547,0.0,0.0,0.0
2.0,5.0,True,27,99.99999397873339,99.99999823677392,100.00001488307592,0.0,0.0,0.0
2.0,5.0,True,28,99.99999071415863,99.99999563335321,100.00001475919862,0.0,0.0,0.0
2.0,5.0,True,29,99.99999107312163,99.99999483096579,100.00001403306177,0.0,0.0,0.0
2.0,5.0,True,30,99.99999400889284,99.99999594700512,100.00001310320727,0.0,0.0,0.0
2.0,5.0,True,31,99.99999635593588,99.99999566415113,100.00000654963748,0.0,0.0,0.0
2.0,5.0,True,32,99.99999416659475,99.99999470931337,100.00000643163233,0.0,0.0,0.0
2.0,5.0,True,33,99.99999549472344,99.99999709372645,100.00000320217589,0.0,0.0,0.0
2.0,5.0,True,34,99.99999555875307,99.9999971069594,100.00000053815683,0.0,0.0,0.0
2.0,5.0,True,35,99.99999757108449,99.99999708994669,99.99999873888655,0.0,0.0,0.0
2.0,5.0,True,36,99.99999710255449,99.99999714527675,100.000001518162,0.0,0.0,0.0
2.0,5.0,True,37,99.99999888486101,100.00000048728114,100.00000736101637,0.0,0.0,0.0
2.0,5.0,True,38,99.99999894319146,99.99999917087216,100.00000545809135,0.0,0.0,0.0
2.0,5.0,True,39,100.00000032184207,100.00000071289035,100.00000713802939,0.0,0.0,0.0
2.0,5.0,True,40,99.99999965474737,99.99999959289497,100.00000365417743,0.0,0.0,0.0
2.0,5.0,True,41,99.99999855909266,99.99999941333574,100.00000528260718,0.0,0.0,0.0
2.0,5.0,True,42,99.99999892730652,100.00000033402357,100.00000530658536,0.0,0.0,0.0
2.0,5.0,True,43,100.00000090271973,100.00000098411512,100.00000636743252,0.0,0.0,0.0
2.0,5.0,True,44,99.99999981843732,100.00000039846068,100.00000476489052,0.0,0.0,0.0
2.0,5.0,True,45,100.00000112983841,100.00000059854047,100.0000033839274,0.0,0.0,0.0
2.0,5.0,True,46,100.0000014255989,100.00000089644514,100.00000290538728,0.0,0.0,0.0
2.0,5.0,True,47,100.00000175728388,100.00000129550332,100.00000352239485,0.0,0.0,0.0
2.0,5.0,True,48,100.00000115858536,100.00000161121943,100.00000464230592,0.0,0.0,0.0
2.0,5.0,True,49,100.0000008748019,100.00000048615703,100.00000816893586,0.0,0.0,0.0
2.0,5.0,True,50,100.00000064418927,100.0000003107288,100.00000640408149,0.0,0.0,0.0
2.0,10.0,False,1,99.14685042276348,99.1470085273487,99.14799373562587,0.0,0.0,0.0
2.0,10.0,False,2,100.0000523009318,100.00006478248102,100.0002233643965,0.0,0.0,0.0
2.0,10.0,False,3,100.00001943772202,100.00000413955993,100.00003327968821,0.0,0.0,0.0
2.0,10.0,False,4,100.0000069870867,99.99999804440122,100.00003334891244,0.0,0.0,0.0
2.0,10.0,False,5,100.0000113950586,100.00000095022065,100.00002496120362,0.0,0.0,0.0
2.0,10.0,False,6,100.00001829605617,100.00000602046615,100.00003769074017,0.0,0.0,0.0
2.0,10.0,False,7,100.00002071691333,100.00000690400512,100.00003757541043,0.0,0.0,0.0
2.0,10.0,False,8,100.00002097539951,100.00000752734924,100.00003872187688,0.0,0.0,0.0
2.0,10.0,False,9,100.00000911117075,100.00000474551805,100.0000336959053,0.0,0.0,0.0
2.0,10.0,False,10,100.00000912915036,100.00000006833794,100.0000182329098,0.0,0.0,0.0
2.0,10.0,False,11,100.0000082668809,99.99999914881835,100.00001446814625,0.0,0.0,0.0
2.0,10.0,False,12,100.00000295633217,99.99999681887788,100.00001541104214,0.0,0.0,0.0
2.0,10.0,False,13,100.00000308222192,99.9999994934403,100.00001492279176,0.0,0.0,0.0
2.0,10.0,False,14,100.0000021252853,99.99999902737083,100.00001836926995,0.0,0.0,0.0
2.0,10.0,False,15,100.00000181649354,99.99999837726203,100.00001869958336,0.0,0.0,0.0
2.0,10.0,False,16,100.0000020481196,99.99999955517777,100.0000191650702,0.0,0.0,0.0
2.0,10.0,False,17,100.0000004855747,100.00000258695876,100.00001843162462,0.0,0.0,0.0
2.0,10.0,False,18,100.00000246218174,100.00000150976902,100.00001780238946,0.0,0.0,0.0
2.0,10.0,False,19,100.00000521853502,100.00000191715158,100.00001822726993,0.0,0.0,0.0
2.0,10.0,False,20,100.00000549113823,100.00000341600642,100.00001798309228,0.0,0.0,0.0
2.0,10.0,False,21,100.00000027654457,100.0000002663894,100.00001372282634,0.0,0.0,0.0
2.0,10.0,False,22,100.00000010283216,100.00000078835207,100.00001284582575,0.0,0.0,0.0
2.0,10.0,False,23,99.99999704185842,99.99999966522822,100.00001414760507,0.0,0.0,0.0
2.0,10.0,False,24,99.99999551731551,99.99999737003074,100.0000148397464,0.0,0.0,0.0
2.0,10.0,False,25,99.99999303729551,99.99999658170361,100.00001417936362,0.0,0.0,0.0
2.0,10.0,False,26,99.99999153355955,99.99999491982383,100.00001347018782,0.0,0.0,0.0
2.0,10.0,False,27,99.99999441284913,99.9999959416679,100.00001738363699,0.0,0.0,0.0
2.0,10.0,False,28,99.99999213123625,99.99999568539153,100.00001762082903,0.0,0.0,0.0
2.0,10.0,False,29,99.99999198935393,99.99999472025736,100.00001630137794,0.0,0.0,0.0
2.0,10.0,False,30,99.99999274373297,99.9999954343737,100.00001692288733,0.0,0.0,0.0
2.0,10.0,False,31,99.99999342521461,99.99999630870045,100.00001404510665,0.0,0.0,0.0
2.0,10.0,False,32,99.99999239487842,99.99999651540926,100.00001303564271,0.0,0.0,0.0
2.0,10.0,False,33,99.9999962214976,99.99999726000328,100.00000646005472,0.0,0.0,0.0
2.0,10.0,False,34,99.99999833626387,99.99999682865922,100.00000045096367,0.0,0.0,0.0
2.0,10.0,False,35,99.99999765484283,99.99999675724786,99.99999990052908,0.0,0.0,0.0
2.0,10.0,False,36,99.99999655320883,99.99999647920909,100.00000206136288,0.0,0.0,0.0
2.0,10.0,False,37,99.99999875528908,99.99999953922557,100.00000786692004,0.0,0.0,0.0
2.0,10.0,False,38,99.99999873198986,99.99999847759685,100.00000880266118,0.0,0.0,0.0
2.0,10.0,False,39,99.99999893718834,99.99999997747969,100.00000865211112,0.0,0.0,0.0
2.0,10.0,False,40,99.99999812474351,99.99999929467171,100.00000508176234,0.0,0.0,0.0
2.0,10.0,False,41,100.00000211762921,100.00000131004731,100.00000731896175,0.0,0.0,0.0
2.0,10.0,False,42,100.00000360882342,100.00000150548237,100.0000063886423,0.0,0.0,0.0
2.0,10.0,False,43,100.00000408291965,100.0000025216702,100.00000660442976,0.0,0.0,0.0
2.0,10.0,False,44,100.00000406634832,100.00000236527656,100.00000750870015,0.0,0.0,0.0
2.0,10.0,False,45,100.0000040690058,100.00000246587481,100.00000668798188,0.0,0.0,0.0
2.0,10.0,False,46,100.0000040606173,100.00000202994639,100.00000637509946,0.0,0.0,0.0
2.0,10.0,False,47,100.00000425491025,100.00000164099198,100.00000496982798,0.0,0.0,0.0
2.0,10.0,False,48,100.0000023695276,100.00000235188725,100.00000543187855,0.0,0.0,0.0
2.0,10.0,False,49,100.00000155453287,100.00000142238423,100.00000896888821,0.0,0.0,0.0
2.0,10.0,False,50,100.00000093439917,100.00000147343583,100.00000823453826,0.0,0.0,0.0
2.0,10.0,True,1,101.62440021859818,101.62424754029277,101.62710613158542,0.0,0.0,0.0
2.0,10.0,True,2,100.00003939430009,100.00005403953399,100.00021005049578,0.0,0.0,0.0
2.0,10.0,True,3,100.00001697978938,100.00000558689835,100.00004137431958,0.0,0.0,0.0
2.0,10.0,True,4,100.00001543451987,99.99999928256807,100.00004146336778,0.0,0.0,0.0
2.0,10.0,True,5,100.00001969994806,100.00000458780998,100.00003280086541,0.0,0.0,0.0
2.0,10.0,True,6,100.0000139159796,100.00000783078079,100.00004124108368,0.0,0.0,0.0
2.0,10.0,True,7,100.00002264734076,100.00000983129671,100.00004360145462,0.0,0.0,0.0
2.0,10.0,True,8,100.00001904959841,100.00000875807658,100.00004008180993,0.0,0.0,0.0
2.0,10.0,True,9,100.0000070867955,100.00000344194066,100.00003944606505,0.0,0.0,0.0
2.0,10.0,True,10,100.00000628280581,99.99999810949687,100.00002221730472,0.0,0.0,0.0
2.0,10.0,True,11,100.00000654605117,99.99999724640158,100.00001730029487,0.0,0.0,0.0
2.0,10.0,True,12,100.00000425092382,99.99999723149374,100.00001284773731,0.0,0.0,0.0
2.0,10.0,True,13,100.00000957656147,99.99999933567445,100.00001302775911,0.0,0.0,0.0
2.0,10.0,True,14,100.00000844859744,99.99999891263684,100.00001568107052,0.0,0.0,0.0
2.0,10.0,True,15,100.00000857919906,99.99999875423339,100.00001568761479,0.0,0.0,0.0
2.0,10.0,True,16,100.00000904596266,99.99999965298383,100.00001601771592,0.0,0.0,0.0
2.0,10.0,True,17,100.00000853755768,100.00000068671868,100.00001483408893,0.0,0.0,0.0
2.0,10.0,True,18,100.00000421623395,99.99999804645834,100.00001222783845,0.0,0.0,0.0
2.0,10.0,True,19,100.00000483275684,100.00000256903881,100.00001525928664,0.0,0.0,0.0
2.0,10.0,True,20,100.00000509365455,100.00000267607805,100.00001516685482,0.0,0.0,0.0
2.0,10.0,True,21,99.99999711100207,100.00000022638508,100.000012163773,0.0,0.0,0.0
2.0,10.0,True,22,99.9999956351362,100.00000026927496,100.00001131013494,0.0,0.0,0.0
2.0,10.0,True,23,99.99999668800022,99.99999950169322,100.00001150614952,0.0,0.0,0.0
2.0,10.0,True,24,99.9999939670684,99.99999739542307,100.00001186320708,0.0,0.0,0.0
2.0,10.0,True,25,99.99999628839171,99.99999798559801,100.00001015097712,0.0,0.0,0.0
2.0,10.0,True,26,99.99999025753391,99.99999697275098,100.00001054287893,0.0,0.0,0.0
2.0,10.0,True,27,99.999993978058,99.9999982377977,100.00001488413807,0.0,0.0,0.0
2.0,10.0,True,28,99.9999907131584,99.9999956345645,100.00001476030258,0.0,0.0,0.0
2.0,10.0,True,29,99.99999107163353,99.99999483113342,100.0000140340862,0.0,0.0,0.0
2.0,10.0,True,30,99.99999400691229,99.99999594827754,100.00001310390303,0.0,0.0,0.0
2.0,10.0,True,31,99.99999635254383,99.99999566442858,100.00000655112964,0.0,0.0,0.0
2.0,10.0,True,32,99.99999416238441,99.99999470792947,100.00000643665635,0.0,0.0,0.0
2.0,10.0,True,33,99.99999549319926,99.99999709302753,100.00000320259397,0.0,0.0,0.0
2.0,10.0,True,34,99.99999555617717,99.99999710655399,100.00000054083469,0.0,0.0,0.0
2.0,10.0,True,35,99.99999757134063,99.99999708933802,99.99999873601597,0.0,0.0,0.0
2.0,10.0,True,36,99.99999710345479,99.9999971460033,100.00000152367681,0.0,0.0,0.0
2.0,10.0,True,37,99.99999888615409,100.0000004886536,100.00000736570601,0.0,0.0,0.0
2.0,10.0,True,38,99.99999894436598,99.99999917074841,100.000005459677,0.0,0.0,0.0
2.0,10.0,True,39,100.00000032073874,100.0000007131194,100.00000714000512,0.0,0.0,0.0
2.0,10.0,True,40,99.9999996579961,99.99999959327258,100.00000365514867,0.0,0.0,0.0
2.0,10.0,True,41,99.99999855982477,99.99999941619178,100.0000052819131,0.0,0.0,0.0
2.0,10.0,True,42,99.99999892947065,100.00000033642304,100.00000530562681,0.0,0.0,0.0
2.0,10.0,True,43,100.0000009071851,100.00000098625564,100.00000636687156,0.0,0.0,0.0
2.0,10.0,True,44,99.99999982120454,100.00000040040975,100.00000476562745,0.0,0.0,0.0
2.0,10.0,True,45,100.00000113300695,100.00000060069297,100.00000338509375,0.0,0.0,0.0
2.0,10.0,True,46,100.00000142916322,100.00000089814475,100.0000029062505,0.0,0.0,0.0
2.0,10.0,True,47,100.00000175561243,100.00000129646878,100.0000035231501,0.0,0.0,0.0
2.0,10.0,True,48,100.00000116075019,100.00000161254496,100.0000046419367,0.0,0.0,0.0
2.0,10.0,True,49,100.00000087396808,100.00000048710424,100.00000816817186,0.0,0.0,0.0
2.0,10.0,True,50,100.00000064424539,100.00000031223897,100.00000640479759,0.0,0.0,0.0
2.0,15.0,False,1,90.20802105057231,90.20906335679997,90.21400510108175,0.0,0.0,0.0
2.0,15.0,False,2,100.00005230287098,100.00006478555932,100.00022335862865,0.0,0.0,0.0
2.0,15.0,False,3,100.00001943823179,100.00000414053503,100.00003328207339,0.0,0.0,0.0
2.0,15.0,False,4,100.00000698856425,99.99999804542006,100.00003335133076,0.0,0.0,0.0
2.0,15.0,False,5,100.00001139652153,100.00000095123362,100.00002496342364,0.0,0.0,0.0
2.0,15.0,False,6,100.00001829654391,100.00000602148951,100.00003769296376,0.0,0.0,0.0
2.0,15.0,False,7,100.00002071856494,100.00000690490778,100.00003757770094,0.0,0.0,0.0
2.0,15.0,False,8,100.0000209751914,100.00000752960007,100.00003872404798,0.0,0.0,0.0
2.0,15.0,False,9,100.00000911104627,100.00000474597212,100.00003369824849,0.0,0.0,0.0
2.0,15.0,False,10,100.00000912907296,100.00000006890693,100.00001823495504,0.0,0.0,0.0
2.0,15.0,False,11,100.00000826693483,99.999999150134,100.00001446845778,0.0,0.0,0.0
2.0,15.0,False,12,100.00000295866249,99.99999681980279,100.0000154115944,0.0,0.0,0.0
2.0,15.0,False,13,100.00000308460154,99.99999949396302,100.00001492208935,0.0,0.0,0.0
2.0,15.0,False,14,100.00000212780719,99.9999990276168,100.00001836868319,0.0,0.0,0.0
2.0,15.0,False,15,100.00000181889004,99.99999837780062,100.00001869952226,0.0,0.0,0.0
2.0,15.0,False,16,100.00000205171335,99.99999955617564,100.00001916531289,0.0,0.0,0.0
2.0,15.0,False,17,100.00000048840069,100.00000258745999,100.00001843175025,0.0,0.0,0.0
2.0,15.0,False,18,100.00000246268014,100.00000150936289,100.00001780204701,0.0,0.0,0.0
2.0,15.0,False,19,100.00000522144765,100.00000191739095,100.00001822743636,0.0,0.0,0.0
2.0,15.0,False,20,100.00000549323332,100.00000341685643,100.00001798293772,0.0,0.0,0.0
2.0,15.0,False,21,100.00000027712233,100.00000026728279,100.00001372309714,0.0,0.0,0.0
2.0,15.0,False,22,100.00000010292408,100.0000007890307,100.00001284610522,0.0,0.0,0.0
2.0,15.0,False,23,99.99999704173959,99.99999966596556,100.00001414736482,0.0,0.0,0.0
2.0,15.0,False,24,99.99999551736941,99.99999737083864,100.00001484037983,0.0,0.0,0.0
2.0,15.0,False,25,99.99999303828432,99.99999658250974,100.00001417987924,0.0,0.0,0.0
2.0,15.0,False,26,99.9999915334244,99.99999492062334,100.00001347058878,0.0,0.0,0.0
2.0,15.0,False,27,99.99999441269613,99.99999594249867,100.00001738391902,0.0,0.0,0.0
2.0,15.0,False,28,99.99999213852661,99.99999568730291,100.00001762119638,0.0,0.0,0.0
2.0,15.0,False,29,99.9999919890212,99.99999472076404,100.00001630156581,0.0,0.0,0.0
2.0,15.0,False,30,99.99999274457124,99.99999543535792,100.00001692309507,0.0,0.0,0.0
2.0,15.0,False,31,99.999993427551,99.99999630996555,100.00001404552395,0.0,0.0,0.0
2.0,15.0,False,32,99.99999239642267,99.99999651666117,100.00001303586487,0.0,0.0,0.0
2.0,15.0,False,33,99.99999622313652,99.99999726065688,100.00000646025117,0.0,0.0,0.0
2.0,15.0,False,34,99.9999983373462,99.99999682896939,100.00000044985663,0.0,0.0,0.0
2.0,15.0,False,35,99.99999765698351,99.99999675777953,99.99999989978657,0.0,0.0,0.0
2.0,15.0,False,36,99.99999655543309,99.99999647949214,100.00000205956053,0.0,0.0,0.0
2.0,15.0,False,37,99.99999875749988,99.99999954051806,100.00000786856215,0.0,0.0,0.0
2.0,15.0,False,38,99.99999873422593,99.99999847862588,100.0000088027931,0.0,0.0,0.0
2.0,15.0,False,39,99.99999893954049,99.99999997817724,100.00000865097144,0.0,0.0,0.0
2.0,15.0,False,40,99.99999812517859,99.99999929503308,100.00000508125245,0.0,0.0,0.0
2.0,15.0,False,41,100.00000211876906,100.00000131057584,100.000007318794,0.0,0.0,0.0
2.0,15.0,False,42,100.0000036106388,100.0000015058628,100.00000638850253,0.0,0.0,0.0
2.0,15.0,False,43,100.00000408403116,100.0000025218621,100.00000660436748,0.0,0.0,0.0
2.0,15.0,False,44,100.00000406743219,100.00000236555488,100.00000750900594,0.0,0.0,0.0
2.0,15.0,False,45,100.00000407007475,100.00000246615005,100.00000668836194,0.0,0.0,0.0
2.0,15.0,False,46,100.00000406145111,100.00000203019573,100.0000063754202,0.0,0.0,0.0
2.0,15.0,False,47,100.00000425566535,100.0000016412939,100.00000497012103,0.0,0.0,0.0
2.0,15.0,False,48,100.00000237034666,100.00000235204656,100.00000543194403,0.0,0.0,0.0
2.0,15.0,False,49,100.0000015547085,100.00000142264386,100.00000896897379,0.0,0.0,0.0
2.0,15.0,False,50,100.00000093456578,100.00000147280682,100.00000823462291,0.0,0.0,0.0
2.0,15.0,True,1,105.8017732924067,105.80207864912936,105.81090700032233,0.05,0.05,0.05
2.0,15.0,True,2,100.0000392721501,100.00005390724344,100.00020987233066,0.0,0.0,0.0
2.0,15.0,True,3,100.00001697964302,100.0000055868529,100.0000413742445,0.0,0.0,0.0
2.0,15.0,True,4,100.00001543406451,99.9999992826749,100.0000414633123,0.0,0.0,0.0
2.0,15.0,True,5,100.00001969976562,100.00000458784453,100.00003280106962,0.0,0.0,0.0
2.0,15.0,True,6,100.00001391546559,100.00000783280105,100.00004125043219,0.0,0.0,0.0
2.0,15.0,True,7,100.0000226469195,100.0000098313719,100.00004360087257,0.0,0.0,0.0
2.0,15.0,True,8,100.00001905388231,100.00000875914556,100.00004008128539,0.0,0.0,0.0
2.0,15.0,True,9,100.00000708776503,100.00000344213258,100.00003944642137,0.0,0.0,0.0
2.0,15.0,True,10,100.00000628328036,99.99999810932738,100.00002221617981,0.0,0.0,0.0
2.0,15.0,True,11,100.00000654636527,99.99999724594383,100.00001730176676,0.0,0.0,0.0
2.0,15.0,True,12,100.00000425082774,99.99999723196925,100.00001284565738,0.0,0.0,0.0
2.0,15.0,True,13,100.00000957742357,99.99999933619026,100.00001302717993,0.0,0.0,0.0
2.0,15.0,True,14,100.00000844959428,99.99999891334735,100.00001568098511,0.0,0.0,0.0
2.0,15.0,True,15,100.00000858000897,99.99999875458836,100.00001568762778,0.0,0.0,0.0
2.0,15.0,True,16,100.0000090475529,99.99999965246943,100.00001601810246,0.0,0.0,0.0
2.0,15.0,True,17,100.00000853855592,100.00000068682803,100.00001483332855,0.0,0.0,0.0
2.0,15.0,True,18,100.00000421497457,99.9999980432846,100.00001222884941,0.0,0.0,0.0
2.0,15.0,True,19,100.00000483205235,100.00000257025324,100.00001525922166,0.0,0.0,0.0
2.0,15.0,True,20,100.00000509295384,100.00000267677626,100.00001516633657,0.0,0.0,0.0
2.0,15.0,True,21,99.99999711016241,100.00000022696439,100.00001216413843,0.0,0.0,0.0
2.0,15.0,True,22,99.9999956343363,100.00000026998529,100.00001131022846,0.0,0.0,0.0
2.0,15.0,True,23,99.99999668776911,99.99999950212461,100.000011505711,0.0,0.0,0.0
2.0,15.0,True,24,99.9999939663933,99.99999739555204,100.00001186305434,0.0,0.0,0.0
2.0,15.0,True,25,99.9999962898117,99.99999798612714,100.00001015128282,0.0,0.0,0.0
2.0,15.0,True,26,99.99999025705822,99.99999697324427,100.00001054344364,0.0,0.0,0.0
2.0,15.0,True,27,99.9999939778312,99.9999982381382,100.00001488449246,0.0,0.0,0.0
2.0,15.0,True,28,99.9999907128235,99.9999956349681,100.0000147606709,0.0,0.0,0.0
2.0,15.0,True,29,99.99999107113638,99.99999483120362,100.00001403442809,0.0,0.0,0.0
2.0,15.0,True,30,99.9999940062522,99.9999959487013,100.00001310413529,0.0,0.0,0.0
2.0,15.0,True,31,99.99999635141243,99.99999566452132,100.0000065516274,0.0,0.0,0.0
2.0,15.0,True,32,99.99999416098274,99.99999470746903,100.00000643832716,0.0,0.0,0.0
2.0,15.0,True,33,99.99999549269,99.99999709279425,100.00000320273355,0.0,0.0,0.0
2.0,15.0,True,34,99.99999555531815,99.9999971064189,100.00000054172664,0.0,0.0,0.0
2.0,15.0,True,35,99.99999757142555,99.9999970891358,99.99999873505999,0.0,0.0,0.0
2.0,15.0,True,36,99.99999710375467,99.99999714624605,100.00000152551777,0.0,0.0,0.0
2.0,15.0,True,37,99.99999888658407,100.00000048910844,100.00000736726956,0.0,0.0,0.0
2.0,15.0,True,38,99.99999894475633,99.99999917070778,100.00000546020591,0.0,0.0,0.0
2.0,15.0,True,39,100.00000032037228,100.00000071319619,100.00000714066422,0.0,0.0,0.0
2.0,15.0,True,40,99.99999965907858,99.99999959339897,100.00000365547297,0.0,0.0,0.0
2.0,15.0,True,41,99.99999856006886,99.99999941714437,100.00000528168272,0.0,0.0,0.0
2.0,15.0,True,42,99.99999893019246,100.0000003372231,100.0000053053082,0.0,0.0,0.0
2.0,15.0,True,43,100.00000090867431,100.00000098696947,100.00000636668555,0.0,0.0,0.0
2.0,15.0,True,44,99.99999982212717,100.00000040105974,100.00000476587473,0.0,0.0,0.0
2.0,15.0,True,45,100.00000113406297,100.00000060141072,100.0000033854844,0.0,0.0,0.0
2.0,15.0,True,46,100.00000143035106,100.00000089871124,100.00000290653787,0.0,0.0,0.0
2.0,15.0,True,47,100.00000175505707,100.00000129679006,100.00000352340112,0.0,0.0,0.0
2.0,15.0,True,48,100.00000116147233,100.0000016129864,100.00000464181457,0.0,0.0,0.0
2.0,15.0,True,49,100.00000087368903,100.00000048741992,100.00000816791822,0.0,0.0,0.0
2.0,15.0,True,50,100.00000064426288,100.0000003127421,100.0000064050368,0.0,0.0,0.0
2.0,20.0,False,1,47.82460846235446,47.82604265646824,47.83625398372445,0.15,0.15,0.15
2.0,20.0,False,2,100.0000523038381,100.00006478708742,100.00022335571794,0.0,0.0,0.0
2.0,20.0,False,3,100.00001943848682,100.00000414102263,100.00003328326616,0.0,0.0,0.0
2.0,20.0,False,4,100.00000698930285,99.9999980459295,100.00003335254009,0.0,0.0,0.0
2.0,20.0,False,5,100.00001139725279,100.00000095174009,100.00002496453386,0.0,0.0,0.0
2.0,20.0,False,6,100.00001829678794,100.0000060220012,100.00003769407579,0.0,0.0,0.0
2.0,20.0,False,7,100.00002071939042,100.00000690535907,100.00003757884642,0.0,0.0,0.0
2.0,20.0,False,8,100.0000209750875,100.00000753072601,100.00003872513378,0.0,0.0,0.0
2.0,20.0,False,9,100.000009110984,100.00000474619925,100.00003369942041,0.0,0.0,0.0
2.0,20.0,False,10,100.00000912903427,100.00000006919143,100.000018235978,0.0,0.0,0.0
2.0,20.0,False,11,100.0000082669618,99.99999915079195,100.0000144686136,0.0,0.0,0.0
2.0,20.0,False,12,100.00000295982798,99.99999682026524,100.00001541187048,0.0,0.0,0.0
2.0,20.0,False,13,100.00000308579169,99.99999949422441,100.00001492173826,0.0,0.0,0.0
2.0,20.0,False,14,100.00000212906846,99.99999902773985,100.0000183683897,0.0,0.0,0.0
2.0,20.0,False,15,100.00000182008867,99.99999837807009,100.00001869949176,0.0,0.0,0.0
2.0,20.0,False,16,100.00000205351046,99.99999955667464,100.00001916543425,0.0,0.0,0.0
2.0,20.0,False,17,100.00000048981411,100.00000258771071,100.00001843181312,0.0,0.0,0.0
2.0,20.0,False,18,100.00000246292977,100.00000150915999,100.000017801876,0.0,0.0,0.0
2.0,20.0,False,19,100.00000522290478,100.00000191751093,100.00001822751967,0.0,0.0,0.0
2.0,20.0,False,20,100.00000549428106,100.00000341728145,100.00001798286024,0.0,0.0,0.0
2.0,20.0,False,21,100.000000277411,100.00000026772946,100.00001372323263,0.0,0.0,0.0
2.0,20.0,False,22,100.0000001029698,100.00000078937,100.00001284624507,0.0,0.0,0.0
2.0,20.0,False,23,99.99999704167993,99.99999966633413,100.00001414724463,0.0,0.0,0.0
2.0,20.0,False,24,99.99999551739613,99.9999973712426,100.00001484069672,0.0,0.0,0.0
2.0,20.0,False,25,99.99999303877877,99.99999658291283,100.00001418013719,0.0,0.0,0.0
2.0,20.0,False,26,99.99999153335662,99.99999492102312,100.00001347078941,0.0,0.0,0.0
2.0,20.0,False,27,99.9999944126194,99.99999594291405,100.00001738406014,0.0,0.0,0.0
2.0,20.0,False,28,99.99999214216646,99.99999568825757,100.00001762138015,0.0,0.0,0.0
2.0,20.0,False,29,99.9999919888547,99.99999472101744,100.00001630165988,0.0,0.0,0.0
2.0,20.0,False,30,99.99999274499032,99.99999543584984,100.00001692319907,0.0,0.0,0.0
2.0,20.0,False,31,99.99999342871905,99.99999631059808,100.00001404573268,0.0,0.0,0.0
2.0,20.0,False,32,99.99999239719472,99.99999651728714,100.00001303597605,0.0,0.0,0.0
2.0,20.0,False,33,99.99999622395592,99.99999726098375,100.00000646034965,0.0,0.0,0.0
2.0,20.0,False,34,99.99999833788718,99.99999682912446,100.00000044930317,0.0,0.0,0.0
2.0,20.0,False,35,99.99999765805393,99.99999675804546,99.99999989941543,0.0,0.0,0.0
2.0,20.0,False,36,99.99999655654528,99.99999647963374,100.00000205865959,0.0,0.0,0.0
2.0,20.0,False,37,99.99999875860544,99.9999995411641,100.00000786938242,0.0,0.0,0.0
2.0,20.0,False,38,99.99999873534415,99.99999847914046,100.00000880285921,0.0,0.0,0.0
2.0,20.0,False,39,99.99999894071676,99.99999997852613,100.00000865040187,0.0,0.0,0.0
2.0,20.0,False,40,99.99999812539639,99.99999929521401,100.00000508099785,0.0,0.0,0.0
2.0,20.0,False,41,100.00000211933904,100.00000131084016,100.0000073187102,0.0,0.0,0.0
2.0,20.0,False,42,100.00000361154639,100.00000150605305,100.00000638843275,0.0,0.0,0.0
2.0,20.0,False,43,100.00000408458698,100.00000252195805,100.00000660433653,0.0,0.0,0.0
2.0,20.0,False,44,100.00000406797419,100.00000236569403,100.0000075091589,0.0,0.0,0.0
2.0,20.0,False,45,100.00000407060932,100.0000024662877,100.00000668855209,0.0,0.0,0.0
2.0,20.0,False,46,100.00000406186803,100.00000203032039,100.0000063755804,0.0,0.0,0.0
2.0,20.0,False,47,100.00000425604291,100.00000164144485,100.0000049702674,0.0,0.0,0.0
2.0,20.0,False,48,100.00000237075635,100.00000235212624,100.00000543197697,0.0,0.0,0.0
2.0,20.0,False,49,100.00000155479614,100.00000142277369,100.00000896901676,0.0,0.0,0.0
2.0,20.0,False,50,100.00000093464892,100.00000147249199,100.00000823466544,0.0,0.0,0.0
2.0,20.0,True,1,107.71441374692975,107.71749650235122,107.73281888000713,0.1,0.1,0.1
2.0,20.0,True,2,100.00003921107108,100.00005384107811,100.00020978319583,0.0,0.0,0.0
2.0,20.0,True,3,100.00001697957025,100.00000558683023,100.0000413742064,0.0,0.0,0.0
2.0,20.0,True,4,100.00001543383696,99.99999928272837,100.00004146328402,0.0,0.0,0.0
2.0,20.0,True,5,100.0000196996748,100.00000458786184,100.00003280117119,0.0,0.0,0.0
2.0,20.0,True,6,100.00001391520902,100.00000783381043,100.00004125510193,0.0,0.0,0.0
2.0,20.0,True,7,100.00002264670931,100.0000098314095,100.00004360058102,0.0,0.0,0.0
2.0,20.0,True,8,100.00001905602502,100.0000087596801,100.00004008102259,0.0,0.0,0.0
2.0,20.0,True,9,100.00000708824996,100.00000344222852,100.00003944659886,0.0,0.0,0.0
2.0,20.0,True,10,100.00000628351793,99.99999810924255,100.00002221561695,0.0,0.0,0.0
2.0,20.0,True,11,100.00000654652254,99.9999972457153,100.00001730250237,0.0,0.0,0.0
2.0,20.0,True,12,100.00000425077988,99.99999723220714,100.00001284461753,0.0,0.0,0.0
2.0,20.0,True,13,100.00000957785433,99.99999933644833,100.0000130268906,0.0,0.0,0.0
2.0,20.0,True,14,100.00000845009242,99.99999891370268,100.00001568094261,0.0,0.0,0.0
2.0,20.0,True,15,100.00000858041366,99.99999875476598,100.00001568763444,0.0,0.0,0.0
2.0,20.0,True,16,100.00000904834786,99.9999996522129,100.00001601829584,0.0,0.0,0.0
2.0,20.0,True,17,100.00000853905489,100.00000068688283,100.00001483294864,0.0,0.0,0.0
2.0,20.0,True,18,100.00000421434497,99.99999804170594,100.00001222935501,0.0,0.0,0.0
2.0,20.0,True,19,100.00000483170058,100.00000257086056,100.0000152591894,0.0,0.0,0.0
2.0,20.0,True,20,100.00000509260389,100.00000267712538,100.00001516607718,0.0,0.0,0.0
2.0,20.0,True,21,99.99999710974262,100.00000022725405,100.00001216432128,0.0,0.0,0.0
2.0,20.0,True,22,99.99999563393645,100.00000027034045,100.00001131027534,0.0,0.0,0.0
2.0,20.0,True,23,99.99999668765354,99.9999995023401,100.00001150549204,0.0,0.0,0.0
2.0,20.0,True,24,99.99999396605565,99.99999739561653,100.00001186297816,0.0,0.0,0.0
2.0,20.0,True,25,99.99999629052209,99.9999979863917,100.00001015143577,0.0,0.0,0.0
2.0,20.0,True,26,99.99999025682035,99.99999697349091,100.00001054372608,0.0,0.0,0.0
2.0,20.0,True,27,99.99999397771776,99.99999823830841,100.00001488466977,0.0,0.0,0.0
2.0,20.0,True,28,99.99999071265607,99.99999563516995,100.00001476085515,0.0,0.0,0.0
2.0,20.0,True,29,99.99999107088786,99.99999483124165,100.00001403459915,0.0,0.0,0.0
2.0,20.0,True,30,99.99999400592245,99.99999594891318,100.00001310425154,0.0,0.0,0.0
2.0,20.0,True,31,99.99999635084689,99.99999566456783,100.00000655187638,0.0,0.0,0.0
2.0,20.0,True,32,99.99999416028251,99.99999470723904,100.00000643916184,0.0,0.0,0.0
2.0,20.0,True,33,99.99999549243499,99.9999970926776,100.00000320280341,0.0,0.0,0.0
2.0,20.0,True,34,99.9999955548887,99.99999710635143,100.00000054217277,0.0,0.0,0.0
2.0,20.0,True,35,99.99999757146779,99.99999708903489,99.99999873458225,0.0,0.0,0.0
2.0,20.0,True,36,99.99999710390439,99.99999714636758,100.00000152643875,0.0,0.0,0.0
2.0,20.0,True,37,99.99999888679915,100.00000048933546,100.0000073680514,0.0,0.0,0.0
2.0,20.0,True,38,99.99999894495154,99.99999917068763,100.00000546047042,0.0,0.0,0.0
2.0,20.0,True,39,100.00000032018939,100.0000007132347,100.00000714099383,0.0,0.0,0.0
2.0,20.0,True,40,99.99999965962002,99.99999959346232,100.0000036556352,0.0,0.0,0.0
2.0,20.0,True,41,99.99999856019066,99.99999941762081,100.0000052815678,0.0,0.0,0.0
2.0,20.0,True,42,99.9999989305536,100.00000033762322,100.00000530514919,0.0,0.0,0.0
2.0,20.0,True,43,100.00000090941921,100.00000098732647,100.0000063665928,0.0,0.0,0.0
2.0,20.0,True,44,99.99999982258853,100.00000040138484,100.00000476599874,0.0,0.0,0.0
2.0,20.0,True,45,100.00000113459096,100.0000006017697,100.00000338568015,0.0,0.0,0.0
2.0,20.0,True,46,100.00000143094508,100.0000008989945,100.00000290668149,0.0,0.0,0.0
2.0,20.0,True,47,100.00000175477982,100.00000129695063,100.00000352352649,0.0,0.0,0.0
2.0,20.0,True,48,100.00000116183321,100.00000161320708,100.00000464175378,0.0,0.0,0.0
2.0,20.0,True,49,100.00000087354931,100.00000048757778,100.00000816779168,0.0,0.0,0.0
2.0,20.0,True,50,100.00000064427141,100.00000031299368,100.00000640515658,0.0,0.0,0.0
5.0,5.0,False,1,99.99968774838976,99.99968846967133,99.9997090386803,0.0,0.0,0.0
5.0,5.0,False,2,99.99999449409255,99.99999867357758,100.00002189695627,0.0,0.0,0.0
5.0,5.0,False,3,100.00000707618563,100.00000309829382,100.00001931817475,0.0,0.0,0.0
5.0,5.0,False,4,99.99999784202436,100.00000065518799,100.00001959993592,0.0,0.0,0.0
5.0,5.0,False,5,100.00000120158418,100.00000459705056,100.00002325152715,0.0,0.0,0.0
5.0,5.0,False,6,100.00001063490686,100.00000767105934,100.00002221359276,0.0,0.0,0.0
5.0,5.0,False,7,100.00001201303412,100.00000860575771,100.00002315507513,0.0,0.0,0.0
5.0,5.0,False,8,100.00002008968683,100.00001133453887,100.00002785264554,0.0,0.0,0.0
5.0,5.0,False,9,100.00001908803404,100.0000106306125,100.00002476702524,0.0,0.0,0.0
5.0,5.0,False,10,100.00001494993604,100.00000835952609,100.0000220748209,0.0,0.0,0.0
5.0,5.0,False,11,100.00001581429123,100.00000792543253,100.00002100225123,0.0,0.0,0.0
5.0,5.0,False,12,100.00000834088121,100.0000040702007,100.00001719328148,0.0,0.0,0.0
5.0,5.0,False,13,100.00000832963343,100.00000374350392,100.00001475246,0.0,0.0,0.0
5.0,5.0,False,14,100.00000745496811,100.00000332678368,100.000015165516,0.0,0.0,0.0
5.0,5.0,False,15,100.00000605893067,100.00000315713285,100.00001506721956,0.0,0.0,0.0
5.0,5.0,False,16,100.00000606402601,100.00000374527406,100.00001657180984,0.0,0.0,0.0
5.0,5.0,False,17,100.00000560669551,100.00000497055233,100.0000154657317,0.0,0.0,0.0
5.0,5.0,False,18,100.00000541942669,100.00000435696658,100.00001126984654,0.0,0.0,0.0
5.0,5.0,False,19,100.0000065962368,100.0000042464685,100.00001263825185,0.0,0.0,0.0
5.0,5.0,False,20,100.00000658826796,100.00000343419907,100.0000120086678,0.0,0.0,0.0
5.0,5.0,False,21,100.00000499244598,100.00000227181198,100.00000874229579,0.0,0.0,0.0
5.0,5.0,False,22,100.00000422460941,100.00000253583107,100.00000858579881,0.0,0.0,0.0
5.0,5.0,False,23,100.00000432613146,100.00000284268646,100.00000883405556,0.0,0.0,0.0
5.0,5.0,False,24,100.00000368756214,100.00000121684897,100.00000829252483,0.0,0.0,0.0
5.0,5.0,False,25,100.0000007119725,100.00000046701913,100.00000798284366,0.0,0.0,0.0
5.0,5.0,False,26,100.00000062800797,99.99999927780303,100.00000553319592,0.0,0.0,0.0
5.0,5.0,False,27,99.99999831948807,99.99999854832791,100.00000711174854,0.0,0.0,0.0
5.0,5.0,False,28,99.99999962564216,99.99999907978797,100.00000717202488,0.0,0.0,0.0
5.0,5.0,False,29,99.9999973184024,99.99999886468873,100.0000067392557,0.0,0.0,0.0
5.0,5.0,False,30,99.9999979675714,99.9999989623053,100.00000687835254,0.0,0.0,0.0
5.0,5.0,False,31,99.99999797162829,99.9999997598327,100.00000629000479,0.0,0.0,0.0
5.0,5.0,False,32,99.99999783005823,99.99999955333364,100.00000823510412,0.0,0.0,0.0
5.0,5.0,False,33,99.99999756537122,99.9999991298182,100.00000539004938,0.0,0.0,0.0
5.0,5.0,False,34,99.99999800093195,99.99999856598563,100.0000024944145,0.0,0.0,0.0
5.0,5.0,False,35,99.99999879739286,99.99999883273267,100.00000344920461,0.0,0.0,0.0
5.0,5.0,False,36,99.99999873844368,99.99999819769502,100.00000143481125,0.0,0.0,0.0
5.0,5.0,False,37,99.99999860452237,99.99999851750404,100.0000034934072,0.0,0.0,0.0
5.0,5.0,False,38,99.99999944632444,99.99999927994743,100.00000346600453,0.0,0.0,0.0
5.0,5.0,False,39,99.99999916723591,99.99999975976137,100.0000035438533,0.0,0.0,0.0
5.0,5.0,False,40,99.99999780967886,99.99999871101934,100.00000297493065,0.0,0.0,0.0
5.0,5.0,False,41,100.00000076068469,99.99999998060632,100.00000311461,0.0,0.0,0.0
5.0,5.0,False,42,100.0000012467709,100.00000009929116,100.00000194856099,0.0,0.0,0.0
5.0,5.0,False,43,100.00000062344893,100.00000077345001,100.0000028592973,0.0,0.0,0.0
5.0,5.0,False,44,100.00000017196072,100.00000064761423,100.00000207175998,0.0,0.0,0.0
5.0,5.0,False,45,100.00000029195846,100.00000066114413,100.00000186745339,0.0,0.0,0.0
5.0,5.0,False,46,99.99999998190003,100.0000010440217,100.0000043896804,0.0,0.0,0.0
5.0,5.0,False,47,99.99999978623529,100.00000043817215,100.00000395466941,0.0,0.0,0.0
5.0,5.0,False,48,100.00000018219487,100.00000084084472,100.00000404358067,0.0,0.0,0.0
5.0,5.0,False,49,100.00000145923156,100.00000098607865,100.00000269644426,0.0,0.0,0.0
5.0,5.0,False,50,100.00000112767037,100.00000087698677,100.0000026261109,0.0,0.0,0.0
5.0,5.0,True,1,100.12192168809247,100.12191804350826,100.12214878337636,0.0,0.0,0.0
5.0,5.0,True,2,99.99999498166231,99.99999943443365,100.0000224666137,0.0,0.0,0.0
5.0,5.0,True,3,100.00000799593215,100.00000408583048,100.00001948867039,0.0,0.0,0.0
5.0,5.0,True,4,99.99999982170496,100.00000133651812,100.00001983873062,0.0,0.0,0.0
5.0,5.0,True,5,100.00000732640547,100.00000651291387,100.00002321341688,0.0,0.0,0.0
5.0,5.0,True,6,100.0000199386564,100.00001140777447,100.00002820227954,0.0,0.0,0.0
5.0,5.0,True,7,100.00002157525586,100.00001338322456,100.00003256700175,0.0,0.0,0.0
5.0,5.0,True,8,100.0000210657184,100.0000131218694,100.00003238365622,0.0,0.0,0.0
5.0,5.0,True,9,100.00001289531755,100.00000993642027,100.00002615627658,0.0,0.0,0.0
5.0,5.0,True,10,100.00001461101387,100.0000082356535,100.00002393467713,0.0,0.0,0.0
5.0,5.0,True,11,100.0000164157828,100.00000858045708,100.00002180837487,0.0,0.0,0.0
5.0,5.0,True,12,100.00001053362995,100.00000625256305,100.00001642363716,0.0,0.0,0.0
5.0,5.0,True,13,100.00000780699503,100.00000435170507,100.00001358468671,0.0,0.0,0.0
5.0,5.0,True,14,100.00000725829597,100.00000402174537,100.00001403691807,0.0,0.0,0.0
5.0,5.0,True,15,100.00000727776913,100.00000338272989,100.0000139315452,0.0,0.0,0.0
5.0,5.0,True,16,100.00000821586616,100.00000367756311,100.00001483092223,0.0,0.0,0.0
5.0,5.0,True,17,100.00000578960913,100.00000415250743,100.00001494202553,0.0,0.0,0.0
5.0,5.0,True,18,100.00000605453073,100.00000384630488,100.00001141831757,0.0,0.0,0.0
5.0,5.0,True,19,100.00000755196228,100.00000405672407,100.00001255429612,0.0,0.0,0.0
5.0,5.0,True,20,100.00000751136571,100.00000359585808,100.00001121618268,0.0,0.0,0.0
5.0,5.0,True,21,100.00000662449284,100.00000285480577,100.0000094041085,0.0,0.0,0.0
5.0,5.0,True,22,100.0000057396737,100.00000292586932,100.00000861631494,0.0,0.0,0.0
5.0,5.0,True,23,100.00000579011459,100.00000312418263,100.00000921495574,0.0,0.0,0.0
5.0,5.0,True,24,100.00000449131758,100.00000130830276,100.00000749408476,0.0,0.0,0.0
5.0,5.0,True,25,100.00000398789395,100.00000151685735,100.00000746296823,0.0,0.0,0.0
5.0,5.0,True,26,100.00000357109087,100.00000031022644,100.00000535978234,0.0,0.0,0.0
5.0,5.0,True,27,100.00000237686669,100.00000014151306,100.00000819001446,0.0,0.0,0.0
5.0,5.0,True,28,100.00000202708918,99.99999989957442,100.00000818260537,0.0,0.0,0.0
5.0,5.0,True,29,100.00000146409977,99.99999975931688,100.00000798756528,0.0,0.0,0.0
5.0,5.0,True,30,99.99999946256446,99.99999933028809,100.00000761055873,0.0,0.0,0.0
5.0,5.0,True,31,99.99999967553819,99.99999981614948,100.00000695192128,0.0,0.0,0.0
5.0,5.0,True,32,99.99999945538951,99.99999984803057,100.00000738908187,0.0,0.0,0.0
5.0,5.0,True,33,99.9999986273715,99.99999917189753,100.00000375749337,0.0,0.0,0.0
5.0,5.0,True,34,99.99999825549703,99.99999821120034,100.0000008995392,0.0,0.0,0.0
5.0,5.0,True,35,99.99999895485723,99.99999851997691,100.00000258533717,0.0,0.0,0.0
5.0,5.0,True,36,99.99999862195439,99.99999817054146,100.00000164345812,0.0,0.0,0.0
5.0,5.0,True,37,99.99999828749874,99.99999857069648,100.00000358469427,0.0,0.0,0.0
5.0,5.0,True,38,100.00000229157266,99.99999957841696,100.00000361575101,0.0,0.0,0.0
5.0,5.0,True,39,100.00000044625352,100.00000005084932,100.00000485922081,0.0,0.0,0.0
5.0,5.0,True,40,99.9999992572682,99.99999933823752,100.00000340819764,0.0,0.0,0.0
5.0,5.0,True,41,100.00000032174849,100.00000080621274,100.00000264325304,0.0,0.0,0.0
5.0,5.0,True,42,100.00000037037982,100.00000037614107,100.00000232787289,0.0,0.0,0.0
5.0,5.0,True,43,100.00000045685144,100.00000064723736,100.00000168632255,0.0,0.0,0.0
5.0,5.0,True,44,100.00000016684587,100.00000045560938,100.00000136951135,0.0,0.0,0.0
5.0,5.0,True,45,100.00000012055956,100.00000043888531,100.00000171629519,0.0,0.0,0.0
5.0,5.0,True,46,100.0000000213333,100.00000033265073,100.00000241547949,0.0,0.0,0.0
5.0,5.0,True,47,100.00000040331923,100.00000055649221,100.00000279124144,0.0,0.0,0.0
5.0,5.0,True,48,100.00000095563405,100.00000086874782,100.00000285915159,0.0,0.0,0.0
5.0,5.0,True,49,100.00000105263896,100.00000041804901,100.00000190900565,0.0,0.0,0.0
5.0,5.0,True,50,100.0000010228822,100.00000048331326,100.00000215151519,0.0,0.0,0.0
5.0,10.0,False,1,99.98782721385064,99.98782692142488,99.98786990136959,0.0,0.0,0.0
5.0,10.0,False,2,99.99999449278468,99.99999866985468,100.00002188725065,0.0,0.0,0.0
5.0,10.0,False,3,100.00000707561014,100.00000309764219,100.00001931776107,0.0,0.0,0.0
5.0,10.0,False,4,99.99999784411229,100.00000065587105,100.00001960009443,0.0,0.0,0.0
5.0,10.0,False,5,100.00000120231519,100.00000459743212,100.00002325221723,0.0,0.0,0.0
5.0,10.0,False,6,100.00001064570593,100.00000767398267,100.00002221367907,0.0,0.0,0.0
5.0,10.0,False,7,100.00001202809008,100.00000860941284,100.00002315504932,0.0,0.0,0.0
5.0,10.0,False,8,100.0000200891416,100.00001133560666,100.00002785484594,0.0,0.0,0.0
5.0,10.0,False,9,100.0000190859158,100.00001063053682,100.00002476832049,0.0,0.0,0.0
5.0,10.0,False,10,100.00001495118018,100.00000836009603,100.00002207508116,0.0,0.0,0.0
5.0,10.0,False,11,100.00001581519825,100.00000792731184,100.00002100439363,0.0,0.0,0.0
5.0,10.0,False,12,100.00000834429524,100.00000407224746,100.0000171947894,0.0,0.0,0.0
5.0,10.0,False,13,100.00000833257089,100.00000374373296,100.00001475322696,0.0,0.0,0.0
5.0,10.0,False,14,100.00000745594232,100.00000332753622,100.00001516613428,0.0,0.0,0.0
5.0,10.0,False,15,100.00000605951132,100.00000315764552,100.0000150682171,0.0,0.0,0.0
5.0,10.0,False,16,100.0000060645616,100.00000374606529,100.000016572253,0.0,0.0,0.0
5.0,10.0,False,17,100.00000560690242,100.00000497163813,100.0000154671702,0.0,0.0,0.0
5.0,10.0,False,18,100.00000541934534,100.00000435715322,100.00001127104146,0.0,0.0,0.0
5.0,10.0,False,19,100.00000659653709,100.00000424759745,100.00001263987772,0.0,0.0,0.0
5.0,10.0,False,20,100.00000658860685,100.00000343443506,100.00001200887449,0.0,0.0,0.0
5.0,10.0,False,21,100.000004992866,100.00000227207478,100.00000874370302,0.0,0.0,0.0
5.0,10.0,False,22,100.00000422512568,100.00000253621201,100.0000085870985,0.0,0.0,0.0
5.0,10.0,False,23,100.00000432453264,100.00000284347865,100.0000088348954,0.0,0.0,0.0
5.0,10.0,False,24,100.00000369219504,100.00000121868452,100.00000829346914,0.0,0.0,0.0
5.0,10.0,False,25,100.00000071323996,100.00000046875705,100.00000798859392,0.0,0.0,0.0
5.0,10.0,False,26,100.00000062918012,99.99999927894132,100.0000055353504,0.0,0.0,0.0
5.0,10.0,False,27,99.99999832150988,99.99999854896262,100.00000711225456,0.0,0.0,0.0
5.0,10.0,False,28,99.9999996275226,99.99999908079147,100.00000717256398,0.0,0.0,0.0
5.0,10.0,False,29,99.99999732037631,99.99999886536163,100.00000673958172,0.0,0.0,0.0
5.0,10.0,False,30,99.9999979688738,99.99999896327137,100.00000687873145,0.0,0.0,0.0
5.0,10.0,False,31,99.99999797298179,99.99999976119722,100.00000629057939,0.0,0.0,0.0
5.0,10.0,False,32,99.99999783146555,99.99999955434689,100.00000823536497,0.0,0.0,0.0
5.0,10.0,False,33,99.9999975664399,99.9999991310908,100.00000539132273,0.0,0.0,0.0
5.0,10.0,False,34,99.99999800224832,99.99999856665411,100.00000249472583,0.0,0.0,0.0
5.0,10.0,False,35,99.99999879955794,99.9999988328767,100.0000034476603,0.0,0.0,0.0
5.0,10.0,False,36,99.99999874075957,99.99999819781468,100.00000143466693,0.0,0.0,0.0
5.0,10.0,False,37,99.9999986076115,99.99999851794864,100.00000349290687,0.0,0.0,0.0
5.0,10.0,False,38,99.9999994532695,99.99999928185078,100.0000034655089,0.0,0.0,0.0
5.0,10.0,False,39,99.99999916883766,99.99999976028553,100.00000354385641,0.0,0.0,0.0
5.0,10.0,False,40,99.99999781292777,99.99999871147993,100.00000297463593,0.0,0.0,0.0
5.0,10.0,False,41,100.0000007624305,99.99999998103877,100.00000311434991,0.0,0.0,0.0
5.0,10.0,False,42,100.00000124954221,100.00000010000028,100.00000194857193,0.0,0.0,0.0
5.0,10.0,False,43,100.0000006231995,100.0000007741361,100.00000285977987,0.0,0.0,0.0
5.0,10.0,False,44,100.00000017193389,100.00000064808829,100.00000207203476,0.0,0.0,0.0
5.0,10.0,False,45,100.0000002911294,100.00000066149913,100.00000186792904,0.0,0.0,0.0
5.0,10.0,False,46,99.99999998225651,100.0000010447302,100.00000439013493,0.0,0.0,0.0
5.0,10.0,False,47,99.99999978585691,100.00000043845277,100.00000395510148,0.0,0.0,0.0
5.0,10.0,False,48,100.00000018175524,100.0000008409767,100.00000404402397,0.0,0.0,0.0
5.0,10.0,False,49,100.00000145984467,100.00000098621487,100.00000269672009,0.0,0.0,0.0
5.0,10.0,False,50,100.00000112807741,100.00000087710912,100.00000262638716,0.0,0.0,0.0
5.0,10.0,True,1,100.45352868623854,100.45350744221031,100.45396239585078,0.0,0.0,0.0
5.0,10.0,True,2,99.99999497502039,99.99999942595596,100.00002244613799,0.0,0.0,0.0
5.0,10.0,True,3,100.00000799971951,100.00000408516712,100.00001948281894,0.0,0.0,0.0
5.0,10.0,True,4,99.99999982834748,100.0000013371655,100.0000198335189,0.0,0.0,0.0
5.0,10.0,True,5,100.00000732939225,100.0000065124963,100.00002321366802,0.0,0.0,0.0
5.0,10.0,True,6,100.00001993811122,100.00001140723803,100.00002819883007,0.0,0.0,0.0
5.0,10.0,True,7,100.0000215742504,100.00001338314044,100.00003256982066,0.0,0.0,0.0
5.0,10.0,True,8,100.00002106647236,100.00001312179735,100.0000323863022,0.0,0.0,0.0
5.0,10.0,True,9,100.0000128879559,100.00000993441562,100.00002615571563,0.0,0.0,0.0
5.0,10.0,True,10,100.00001461156106,100.000008234439,100.00002393687461,0.0,0.0,0.0
5.0,10.0,True,11,100.00001641486807,100.0000085802522,100.00002181145169,0.0,0.0,0.0
5.0,10.0,True,12,100.00001053587152,100.00000625370865,100.00001642727975,0.0,0.0,0.0
5.0,10.0,True,13,100.00000780706256,100.0000043519879,100.00001358302939,0.0,0.0,0.0
5.0,10.0,True,14,100.00000725825815,100.00000402196284,100.00001403556948,0.0,0.0,0.0
5.0,10.0,True,15,100.00000727755929,100.00000338287785,100.00001393010331,0.0,0.0,0.0
5.0,10.0,True,16,100.00000821702437,100.00000367742783,100.00001482820136,0.0,0.0,0.0
5.0,10.0,True,17,100.00000578823096,100.00000415174603,100.00001494058881,0.0,0.0,0.0
5.0,10.0,True,18,100.00000605522695,100.00000384363142,100.00001141742374,0.0,0.0,0.0
5.0,10.0,True,19,100.00000755196831,100.00000405714991,100.00001255497303,0.0,0.0,0.0
5.0,10.0,True,20,100.0000075109771,100.00000359713852,100.00001121538145,0.0,0.0,0.0
5.0,10.0,True,21,100.00000662490017,100.00000285558387,100.00000940269959,0.0,0.0,0.0
5.0,10.0,True,22,100.00000574006252,100.00000292670543,100.00000861537916,0.0,0.0,0.0
5.0,10.0,True,23,100.00000579027179,100.00000312505048,100.00000921435922,0.0,0.0,0.0
5.0,10.0,True,24,100.00000449127657,100.00000130873653,100.0000074930841,0.0,0.0,0.0
5.0,10.0,True,25,100.0000039880708,100.00000151779867,100.00000746244746,0.0,0.0,0.0
5.0,10.0,True,26,100.0000035717223,100.0000003111054,100.00000535993706,0.0,0.0,0.0
5.0,10.0,True,27,100.00000237545632,100.00000014234773,100.00000819070905,0.0,0.0,0.0
5.0,10.0,True,28,100.00000202753523,99.99999990067792,100.00000818328101,0.0,0.0,0.0
5.0,10.0,True,29,100.00000146432876,99.99999976060583,100.00000798821057,0.0,0.0,0.0
5.0,10.0,True,30,99.99999946302236,99.99999933117107,100.00000761110809,0.0,0.0,0.0
5.0,10.0,True,31,99.9999996758836,99.99999981659874,100.00000695193728,0.0,0.0,0.0
5.0,10.0,True,32,99.99999945611222,99.99999984893853,100.0000073932816,0.0,0.0,0.0
5.0,10.0,True,33,99.99999862665342,99.99999917168034,100.00000375806776,0.0,0.0,0.0
5.0,10.0,True,34,99.99999825485821,99.99999821271125,100.00000090121867,0.0,0.0,0.0
5.0,10.0,True,35,99.99999895446935,99.99999851960004,100.00000258732763,0.0,0.0,0.0
5.0,10.0,True,36,99.99999862153197,99.9999981704402,100.00000164366791,0.0,0.0,0.0
5.0,10.0,True,37,99.99999828715187,99.99999857000884,100.00000358533327,0.0,0.0,0.0
5.0,10.0,True,38,100.00000229234696,99.99999957869935,100.00000361637912,0.0,0.0,0.0
5.0,10.0,True,39,100.00000044600552,100.00000005057863,100.00000485927615,0.0,0.0,0.0
5.0,10.0,True,40,99.99999925745306,99.99999933799162,100.00000340780925,0.0,0.0,0.0
5.0,10.0,True,41,100.00000032176357,100.00000080631226,100.00000264448958,0.0,0.0,0.0
5.0,10.0,True,42,100.00000037023608,100.00000037582626,100.00000232703297,0.0,0.0,0.0
5.0,10.0,True,43,100.00000045752535,100.00000064757968,100.00000168747457,0.0,0.0,0.0
5.0,10.0,True,44,100.00000016696845,100.00000045575568,100.00000136956359,0.0,0.0,0.0
5.0,10.0,True,45,100.00000012066872,100.0000004392112,100.00000171675649,0.0,0.0,0.0
5.0,10.0,True,46,100.00000002161482,100.00000033290105,100.00000241515188,0.0,0.0,0.0
5.0,10.0,True,47,100.000000404393,100.00000055705894,100.00000279086841,0.0,0.0,0.0
5.0,10.0,True,48,100.0000009564632,100.00000086901036,100.00000285854637,0.0,0.0,0.0
5.0,10.0,True,49,100.00000105395118,100.00000041849933,100.00000190788838,0.0,0.0,0.0
5.0,10.0,True,50,100.00000102436795,100.00000048346526,100.0000021508832,0.0,0.0,0.0
5.0,15.0,False,1,99.92617062481787,99.92618453356476,99.92628217665481,0.0,0.0,0.0
5.0,15.0,False,2,99.99999449234933,99.99999866861357,100.00002188401203,0.0,0.0,0.0
5.0,15.0,False,3,100.00000707541832,100.0000030974256,100.00001931762345,0.0,0.0,0.0
5.0,15.0,False,4,99.9999978448096,100.00000065609895,100.0000196001474,0.0,0.0,0.0
5.0,15.0,False,5,100.00000120255973,100.00000459755925,100.000023252447,0.0,0.0,0.0
5.0,15.0,False,6,100.00001064930802,100.0000076749575,100.00002221370775,0.0,0.0,0.0
5.0,15.0,False,7,100.00001203311314,100.000008610632,100.00002315504065,0.0,0.0,0.0
5.0,15.0,False,8,100.00002008896018,100.00001133596261,100.00002785557791,0.0,0.0,0.0
5.0,15.0,False,9,100.00001908521136,100.00001063051154,100.00002476875142,0.0,0.0,0.0
5.0,15.0,False,10,100.00001495159486,100.00000836028576,100.00002207516769,0.0,0.0,0.0
5.0,15.0,False,11,100.00001581550026,100.00000792793848,100.0000210051075,0.0,0.0,0.0
5.0,15.0,False,12,100.00000834543364,100.00000407292966,100.00001719529179,0.0,0.0,0.0
5.0,15.0,False,13,100.00000833355,100.0000037438091,100.00001475348245,0.0,0.0,0.0
5.0,15.0,False,14,100.00000745626684,100.00000332778708,100.00001516634057,0.0,0.0,0.0
5.0,15.0,False,15,100.00000605970463,100.00000315781652,100.00001506854923,0.0,0.0,0.0
5.0,15.0,False,16,100.00000606473988,100.0000037463291,100.00001657240088,0.0,0.0,0.0
5.0,15.0,False,17,100.00000560697126,100.00000497199994,100.00001546764938,0.0,0.0,0.0
5.0,15.0,False,18,100.00000541931828,100.00000435721543,100.00001127143955,0.0,0.0,0.0
5.0,15.0,False,19,100.00000659663712,100.00000424797398,100.00001264041943,0.0,0.0,0.0
5.0,15.0,False,20,100.00000658871974,100.00000343451408,100.00001200894367,0.0,0.0,0.0
5.0,15.0,False,21,100.00000499300592,100.00000227216239,100.00000874417188,0.0,0.0,0.0
5.0,15.0,False,22,100.0000042252977,100.00000253633898,100.00000858753151,0.0,0.0,0.0
5.0,15.0,False,23,100.00000432400381,100.00000284374357,100.00000883517501,0.0,0.0,0.0
5.0,15.0,False,24,100.00000369374095,100.00000121929676,100.00000829378357,0.0,0.0,0.0
5.0,15.0,False,25,100.00000071366256,100.00000046933312,100.00000799049417,0.0,0.0,0.0
5.0,15.0,False,26,100.0000006295709,99.99999927932069,100.00000553606836,0.0,0.0,0.0
5.0,15.0,False,27,99.99999832218406,99.99999854917412,100.00000711242322,0.0,0.0,0.0
5.0,15.0,False,28,99.9999996281493,99.99999908112557,100.00000717274364,0.0,0.0,0.0
5.0,15.0,False,29,99.99999732103417,99.99999886558548,100.00000673969036,0.0,0.0,0.0
5.0,15.0,False,30,99.99999796930797,99.99999896359262,100.00000687885773,0.0,0.0,0.0
5.0,15.0,False,31,99.99999797343304,99.99999976165195,100.00000629077086,0.0,0.0,0.0
5.0,15.0,False,32,99.99999783193472,99.99999955468442,100.00000823545184,0.0,0.0,0.0
5.0,15.0,False,33,99.99999756679647,99.99999913151484,100.00000539174717,0.0,0.0,0.0
5.0,15.0,False,34,99.9999980026866,99.99999856687703,100.00000249482974,0.0,0.0,0.0
5.0,15.0,False,35,99.99999880027939,99.99999883292479,100.00000344714613,0.0,0.0,0.0
5.0,15.0,False,36,99.99999874153124,99.99999819785462,100.0000014346192,0.0,0.0,0.0
5.0,15.0,False,37,99.99999860864153,99.99999851809704,100.00000349274038,0.0,0.0,0.0
5.0,15.0,False,38,99.99999945557919,99.99999928248431,100.00000346534398,0.0,0.0,0.0
5.0,15.0,False,39,99.99999916937149,99.99999976046041,100.00000354385753,0.0,0.0,0.0
5.0,15.0,False,40,99.99999781401121,99.99999871163372,100.00000297453794,0.0,0.0,0.0
5.0,15.0,False,41,100.00000076301265,99.99999998118312,100.00000311426345,0.0,0.0,0.0
5.0,15.0,False,42,100.00000125046603,100.00000010023663,100.00000194857556,0.0,0.0,0.0
5.0,15.0,False,43,100.00000062311653,100.00000077436484,100.00000285994079,0.0,0.0,0.0
5.0,15.0,False,44,100.00000017192471,100.00000064824634,100.00000207212636,0.0,0.0,0.0
5.0,15.0,False,45,100.0000002908533,100.00000066161758,100.00000186808768,0.0,0.0,0.0
5.0,15.0,False,46,99.99999998237509,100.00000104496638,100.0000043902865,0.0,0.0,0.0
5.0,15.0,False,47,99.99999978573106,100.00000043854642,100.0000039552456,0.0,0.0,0.0
5.0,15.0,False,48,100.00000018160893,100.00000084102075,100.00000404417179,0.0,0.0,0.0
5.0,15.0,False,49,100.00000146004928,100.0000009862603,100.00000269681203,0.0,0.0,0.0
5.0,15.0,False,50,100.00000112821336,100.00000087714986,100.0000026264793,0.0,0.0,0.0
5.0,15.0,True,1,100.90061720005052,100.90057960394869,100.90126106341822,0.0,0.0,0.0
5.0,15.0,True,2,99.99999497280882,99.99999942313033,100.00002243930773,0.0,0.0,0.0
5.0,15.0,True,3,100.00000800098152,100.00000408494608,100.00001948086935,0.0,0.0,0.0
5.0,15.0,True,4,99.99999983056176,100.00000133738138,100.00001983178228,0.0,0.0,0.0
5.0,15.0,True,5,100.0000073303872,100.00000651235689,100.00002321375297,0.0,0.0,0.0
5.0,15.0,True,6,100.00001993793097,100.0000114070584,100.00002819767309,0.0,0.0,0.0
5.0,15.0,True,7,100.00002157391663,100.00001338311137,100.00003257075723,0.0,0.0,0.0
5.0,15.0,True,8,100.00002106672457,100.00001312177262,100.00003238718271,0.0,0.0,0.0
5.0,15.0,True,9,100.00001288550271,100.00000993374647,100.00002615552722,0.0,0.0,0.0
5.0,15.0,True,10,100.00001461174571,100.0000082340339,100.00002393760542,0.0,0.0,0.0
5.0,15.0,True,11,100.00001641456471,100.00000858018404,100.00002181247797,0.0,0.0,0.0
5.0,15.0,True,12,100.00001053661694,100.00000625409066,100.00001642849645,0.0,0.0,0.0
5.0,15.0,True,13,100.00000780708383,100.00000435208179,100.00001358247687,0.0,0.0,0.0
5.0,15.0,True,14,100.00000725824441,100.00000402203564,100.00001403512093,0.0,0.0,0.0
5.0,15.0,True,15,100.0000072774883,100.00000338292725,100.00001392962356,0.0,0.0,0.0
5.0,15.0,True,16,100.00000821740934,100.00000367738286,100.00001482729539,0.0,0.0,0.0
5.0,15.0,True,17,100.00000578777352,100.00000415149289,100.00001494010931,0.0,0.0,0.0
5.0,15.0,True,18,100.00000605545938,100.00000384273658,100.00001141712552,0.0,0.0,0.0
5.0,15.0,True,19,100.00000755197081,100.00000405729186,100.00001255519948,0.0,0.0,0.0
5.0,15.0,True,20,100.00000751084747,100.00000359756551,100.00001121511539,0.0,0.0,0.0
5.0,15.0,True,21,100.00000662503538,100.00000285584288,100.00000940222967,0.0,0.0,0.0
5.0,15.0,True,22,100.0000057401924,100.0000029269842,100.00000861506872,0.0,0.0,0.0
5.0,15.0,True,23,100.00000579032425,100.0000031253397,100.00000921416137,0.0,0.0,0.0
5.0,15.0,True,24,100.00000449126247,100.00000130888122,100.0000074927506,0.0,0.0,0.0
5.0,15.0,True,25,100.00000398812938,100.00000151811226,100.00000746227325,0.0,0.0,0.0
5.0,15.0,True,26,100.00000357193224,100.00000031139824,100.00000535998896,0.0,0.0,0.0
5.0,15.0,True,27,100.00000237498593,100.00000014262577,100.00000819094072,0.0,0.0,0.0
5.0,15.0,True,28,100.00000202768362,99.99999990104565,100.00000818350634,0.0,0.0,0.0
5.0,15.0,True,29,100.00000146440469,99.9999997610343,100.0000079884258,0.0,0.0,0.0
5.0,15.0,True,30,99.9999994631747,99.99999933146505,100.00000761129134,0.0,0.0,0.0
5.0,15.0,True,31,99.99999967599842,99.99999981674844,100.00000695194265,0.0,0.0,0.0
5.0,15.0,True,32,99.99999945635281,99.99999984923984,100.00000739467703,0.0,0.0,0.0
5.0,15.0,True,33,99.99999862641349,99.99999917160714,100.00000375825928,0.0,0.0,0.0
5.0,15.0,True,34,99.99999825464496,99.9999982132151,100.00000090177853,0.0,0.0,0.0
5.0,15.0,True,35,99.99999895433979,99.99999851947436,100.00000258799088,0.0,0.0,0.0
5.0,15.0,True,36,99.99999862139089,99.99999817040647,100.00000164373841,0.0,0.0,0.0
5.0,15.0,True,37,99.99999828703605,99.99999856977999,100.00000358554672,0.0,0.0,0.0
5.0,15.0,True,38,100.00000229260397,99.99999957879342,100.00000361658888,0.0,0.0,0.0
5.0,15.0,True,39,100.00000044592252,100.00000005048851,100.00000485929502,0.0,0.0,0.0
5.0,15.0,True,40,99.99999925751439,99.99999933790983,100.00000340767983,0.0,0.0,0.0
5.0,15.0,True,41,100.0000003217688,100.00000080634578,100.00000264490214,0.0,0.0,0.0
5.0,15.0,True,42,100.00000037018843,100.00000037572144,100.00000232675414,0.0,0.0,0.0
5.0,15.0,True,43,100.00000045775039,100.000000647694,100.00000168785957,0.0,0.0,0.0
5.0,15.0,True,44,100.00000016700923,100.00000045580455,100.00000136958167,0.0,0.0,0.0
5.0,15.0,True,45,100.00000012070451,100.00000043931993,100.00000171691073,0.0,0.0,0.0
5.0,15.0,True,46,100.00000002170862,100.0000003329845,100.0000024150429,0.0,0.0,0.0
5.0,15.0,True,47,100.00000040475092,100.00000055724804,100.00000279074413,0.0,0.0,0.0
5.0,15.0,True,48,100.00000095673954,100.0000008690977,100.00000285834412,0.0,0.0,0.0
5.0,15.0,True,49,100.00000105438849,100.00000041864928,100.0000019075158,0.0,0.0,0.0
5.0,15.0,True,50,100.00000102486302,100.00000048351583,100.00000215067308,0.0,0.0,0.0
5.0,20.0,False,1,99.7218091429429,99.72183301267684,99.72203051013753,0.0,0.0,0.0
5.0,20.0,False,2,99.99999449213165,99.99999866799305,100.00002188239208,0.0,0.0,0.0
5.0,20.0,False,3,100.00000707532266,100.0000030973175,100.0000193175547,0.0,0.0,0.0
5.0,20.0,False,4,99.99999784515859,100.00000065621302,100.00001960017391,0.0,0.0,0.0
5.0,20.0,False,5,100.00000120268221,100.00000459762288,100.00002325256173,0.0,0.0,0.0
5.0,20.0,False,6,100.0000106511096,100.00000767544508,100.00002221372205,0.0,0.0,0.0
5.0,20.0,False,7,100.00001203562556,100.00000861124178,100.00002315503627,0.0,0.0,0.0
5.0,20.0,False,8,100.00002008886945,100.00001133614069,100.00002785594369,0.0,0.0,0.0
5.0,20.0,False,9,100.00001908485937,100.00001063049898,100.00002476896674,0.0,0.0,0.0
5.0,20.0,False,10,100.00001495180211,100.00000836038063,100.00002207521096,0.0,0.0,0.0
5.0,20.0,False,11,100.0000158156513,100.00000792825195,100.00002100546442,0.0,0.0,0.0
5.0,20.0,False,12,100.00000834600294,100.00000407327082,100.00001719554288,0.0,0.0,0.0
5.0,20.0,False,13,100.00000833403958,100.00000374384722,100.00001475361007,0.0,0.0,0.0
5.0,20.0,False,14,100.0000074564291,100.0000033279126,100.00001516644369,0.0,0.0,0.0
5.0,20.0,False,15,100.00000605980131,100.00000315790211,100.00001506871513,0.0,0.0,0.0
5.0,20.0,False,16,100.000006064829,100.00000374646109,100.00001657247476,0.0,0.0,0.0
5.0,20.0,False,17,100.00000560700569,100.0000049721809,100.00001546788883,0.0,0.0,0.0
5.0,20.0,False,18,100.00000541930481,100.00000435724662,100.00001127163847,0.0,0.0,0.0
5.0,20.0,False,19,100.00000659668716,100.0000042481624,100.00001264069013,0.0,0.0,0.0
5.0,20.0,False,20,100.00000658877622,100.00000343455375,100.00001200897826,0.0,0.0,0.0
5.0,20.0,False,21,100.00000499307589,100.00000227220629,100.00000874440616,0.0,0.0,0.0
5.0,20.0,False,22,100.00000422538373,100.00000253640255,100.00000858774789,0.0,0.0,0.0
5.0,20.0,False,23,100.00000432374023,100.00000284387629,100.00000883531463,0.0,0.0,0.0
5.0,20.0,False,24,100.00000369451425,100.00000121960304,100.0000082939406,0.0,0.0,0.0
5.0,20.0,False,25,100.00000071387392,100.00000046962062,100.00000799144114,0.0,0.0,0.0
5.0,20.0,False,26,100.00000062976636,99.99999927951043,100.00000553642735,0.0,0.0,0.0
5.0,20.0,False,27,99.99999832252124,99.99999854927991,100.00000711250757,0.0,0.0,0.0
5.0,20.0,False,28,99.99999962846267,99.99999908129261,100.0000071728335,0.0,0.0,0.0
5.0,20.0,False,29,99.99999732136311,99.99999886569739,100.00000673974472,0.0,0.0,0.0
5.0,20.0,False,30,99.99999796952511,99.99999896375314,100.00000687892089,0.0,0.0,0.0
5.0,20.0,False,31,99.99999797365871,99.99999976187937,100.00000629086662,0.0,0.0,0.0
5.0,20.0,False,32,99.99999783216933,99.9999995548532,100.00000823549529,0.0,0.0,0.0
5.0,20.0,False,33,99.99999756697484,99.99999913172687,100.00000539195942,0.0,0.0,0.0
5.0,20.0,False,34,99.99999800290573,99.99999856698855,100.00000249488176,0.0,0.0,0.0
5.0,20.0,False,35,99.99999880064013,99.99999883294892,100.00000344688908,0.0,0.0,0.0
5.0,20.0,False,36,99.9999987419171,99.99999819787466,100.00000143459533,0.0,0.0,0.0
5.0,20.0,False,37,99.99999860915665,99.99999851817134,100.00000349265711,0.0,0.0,0.0
5.0,20.0,False,38,99.99999945673305,99.99999928280099,100.00000346526151,0.0,0.0,0.0
5.0,20.0,False,39,99.99999916963841,99.99999976054795,100.00000354385803,0.0,0.0,0.0
5.0,20.0,False,40,99.9999978145531,99.99999871171076,100.00000297448892,0.0,0.0,0.0
5.0,20.0,False,41,100.00000076330383,99.9999999812554,100.00000311422022,0.0,0.0,0.0
5.0,20.0,False,42,100.00000125092802,100.00000010035487,100.0000019485774,0.0,0.0,0.0
5.0,20.0,False,43,100.00000062307532,100.00000077447926,100.0000028600213,0.0,0.0,0.0
5.0,20.0,False,44,100.00000017191998,100.00000064832543,100.00000207217224,0.0,0.0,0.0
5.0,20.0,False,45,100.00000029071555,100.00000066167688,100.00000186816706,0.0,0.0,0.0
5.0,20.0,False,46,99.99999998243422,100.00000104508453,100.00000439036236,0.0,0.0,0.0
5.0,20.0,False,47,99.99999978566845,100.00000043859335,100.00000395531774,0.0,0.0,0.0
5.0,20.0,False,48,100.00000018153605,100.00000084104288,100.00000404424578,0.0,0.0,0.0
5.0,20.0,False,49,100.00000146015174,100.00000098628308,100.00000269685808,0.0,0.0,0.0
5.0,20.0,False,50,100.0000011282815,100.00000087717031,100.00000262652544,0.0,0.0,0.0
5.0,20.0,True,1,101.33386852493717,101.33381540156009,101.33472645381681,0.0,0.0,0.0
5.0,20.0,True,2,99.99999497170343,99.99999942171765,100.0000224358918,0.0,0.0,0.0
5.0,20.0,True,3,100.00000800161246,100.00000408483564,100.00001947989486,0.0,0.0,0.0
5.0,20.0,True,4,99.999999831669,100.00000133748935,100.0000198309142,0.0,0.0,0.0
5.0,20.0,True,5,100.00000733088461,100.0000065122872,100.00002321379561,0.0,0.0,0.0
5.0,20.0,True,6,100.00001993784107,100.0000114069685,100.00002819709331,0.0,0.0,0.0
5.0,20.0,True,7,100.00002157374995,100.00001338309669,100.000032571225,0.0,0.0,0.0
5.0,20.0,True,8,100.00002106685085,100.00001312176019,100.00003238762278,0.0,0.0,0.0
5.0,20.0,True,9,100.0000128842762,100.00000993341175,100.00002615543278,0.0,0.0,0.0
5.0,20.0,True,10,100.00001461183841,100.00000823383134,100.00002393797055,0.0,0.0,0.0
5.0,20.0,True,11,100.00001641441327,100.00000858015004,100.00002181299128,0.0,0.0,0.0
5.0,20.0,True,12,100.00001053698945,100.00000625428173,100.00001642910533,0.0,0.0,0.0
5.0,20.0,True,13,100.00000780709433,100.00000435212868,100.00001358220052,0.0,0.0,0.0
5.0,20.0,True,14,100.00000725823746,100.00000402207216,100.0000140348968,0.0,0.0,0.0
5.0,20.0,True,15,100.0000072774527,100.000003382952,100.00001392938381,0.0,0.0,0.0
5.0,20.0,True,16,100.00000821760176,100.00000367736047,100.00001482684254,0.0,0.0,0.0
5.0,20.0,True,17,100.00000578754519,100.00000415136647,100.00001493986936,0.0,0.0,0.0
5.0,20.0,True,18,100.0000060555757,100.0000038422885,100.00001141697629,0.0,0.0,0.0
5.0,20.0,True,19,100.0000075519722,100.00000405736289,100.0000125553128,0.0,0.0,0.0
5.0,20.0,True,20,100.0000075107827,100.00000359777911,100.00001121498251,0.0,0.0,0.0
5.0,20.0,True,21,100.000006625103,100.00000285597237,100.00000940199456,0.0,0.0,0.0
5.0,20.0,True,22,100.00000574025742,100.00000292712362,100.00000861491374,0.0,0.0,0.0
5.0,20.0,True,23,100.00000579035057,100.00000312548434,100.00000921406257,0.0,0.0,0.0
5.0,20.0,True,24,100.00000449125547,100.00000130895364,100.00000749258376,0.0,0.0,0.0
5.0,20.0,True,25,100.00000398815871,100.00000151826904,100.00000746218595,0.0,0.0,0.0
5.0,20.0,True,26,100.00000357203722,100.00000031154467,100.00000536001502,0.0,0.0,0.0
5.0,20.0,True,27,100.0000023747508,100.00000014276478,100.00000819105662,0.0,0.0,0.0
5.0,20.0,True,28,100.00000202775787,99.99999990122953,100.00000818361907,0.0,0.0,0.0
5.0,20.0,True,29,100.00000146444268,99.99999976124835,100.0000079885335,0.0,0.0,0.0
5.0,20.0,True,30,99.99999946325093,99.99999933161203,100.00000761138304,0.0,0.0,0.0
5.0,20.0,True,31,99.9999996760559,99.9999998168233,100.0000069519454,0.0,0.0,0.0
5.0,20.0,True,32,99.99999945647315,99.99999984939029,100.00000739537396,0.0,0.0,0.0
5.0,20.0,True,33,99.99999862629355,99.99999917157045,100.00000375835508,0.0,0.0,0.0
5.0,20.0,True,34,99.99999825453843,99.9999982134671,100.00000090205853,0.0,0.0,0.0
5.0,20.0,True,35,99.99999895427509,99.99999851941155,100.00000258832239,0.0,0.0,0.0
5.0,20.0,True,36,99.99999862132043,99.99999817038965,100.00000164377371,0.0,0.0,0.0
5.0,20.0,True,37,99.99999828697818,99.99999856966568,100.0000035856535,0.0,0.0,0.0
5.0,20.0,True,38,100.00000229273238,99.9999995788405,100.00000361669382,0.0,0.0,0.0
5.0,20.0,True,39,100.00000044588108,100.00000005044352,100.00000485930455,0.0,0.0,0.0
5.0,20.0,True,40,99.99999925754513,99.99999933786901,100.00000340761522,0.0,0.0,0.0
5.0,20.0,True,41,100.00000032177147,100.00000080636266,100.00000264510847,0.0,0.0,0.0
5.0,20.0,True,42,100.00000037016468,100.0000003756691,100.000002326615,0.0,0.0,0.0
5.0,20.0,True,43,100.00000045786314,100.00000064775125,100.0000016880523,0.0,0.0,0.0
5.0,20.0,True,44,100.0000001670297,100.00000045582905,100.00000136959086,0.0,0.0,0.0
5.0,20.0,True,45,100.00000012072222,100.00000043937436,100.00000171698801,0.0,0.0,0.0
5.0,20.0,True,46,100.0000000217556,100.00000033302624,100.00000241498847,0.0,0.0,0.0
5.0,20.0,True,47,100.00000040493,100.00000055734269,100.00000279068206,0.0,0.0,0.0
5.0,20.0,True,48,100.00000095687781,100.00000086914136,100.00000285824291,0.0,0.0,0.0
5.0,20.0,True,49,100.00000105460725,100.00000041872428,100.00000190732955,0.0,0.0,0.0
5.0,20.0,True,50,100.00000102511063,100.00000048354116,100.00000215056812,0.0,0.0,0.0
10.0,5.0,False,1,100.00002317689851,100.000022649025,100.00002782575515,0.0,0.0,0.0
10.0,5.0,False,2,99.99999972826205,99.99999997199502,100.00000481285542,0.0,0.0,0.0
10.0,5.0,False,3,100.00000029358299,100.00000050185994,100.00000514968247,0.0,0.0,0.0
10.0,5.0,False,4,100.00000087462521,100.0000005424769,100.0000053283348,0.0,0.0,0.0
10.0,5.0,False,5,100.00000082534346,100.00000094013646,100.00000518234,0.0,0.0,0.0
10.0,5.0,False,6,100.00000047070185,100.00000171898667,100.00000684065384,0.0,0.0,0.0
10.0,5.0,False,7,100.00000014278606,100.00000178576794,100.00000805599271,0.0,0.0,0.0
10.0,5.0,False,8,100.0000014170216,100.00000259468959,100.00000812427751,0.0,0.0,0.0
10.0,5.0,False,9,100.00000219425976,100.0000030463772,100.00000825546968,0.0,0.0,0.0
10.0,5.0,False,10,100.00000154823101,100.00000231699242,100.00000839898246,0.0,0.0,0.0
10.0,5.0,False,11,100.00000249533764,100.00000284563255,100.00000876657745,0.0,0.0,0.0
10.0,5.0,False,12,100.0000031834249,100.00000292662386,100.00000875721872,0.0,0.0,0.0
10.0,5.0,False,13,100.00000354182086,100.00000315195527,100.000008685756,0.0,0.0,0.0
10.0,5.0,False,14,100.00000341217554,100.00000222422462,100.00000516350578,0.0,0.0,0.0
10.0,5.0,False,15,100.00000179298885,100.00000219421621,100.00000583497803,0.0,0.0,0.0
10.0,5.0,False,16,100.00000211356611,100.00000240050085,100.00000582778735,0.0,0.0,0.0
10.0,5.0,False,17,100.00000164669173,100.0000030072441,100.00000675458739,0.0,0.0,0.0
10.0,5.0,False,18,100.0000026381019,100.0000028843995,100.00000666724968,0.0,0.0,0.0
10.0,5.0,False,19,100.00000226172504,100.00000232762083,100.00000541541198,0.0,0.0,0.0
10.0,5.0,False,20,100.00000160990884,100.00000211726005,100.00000508594039,0.0,0.0,0.0
10.0,5.0,False,21,100.000001812774,100.0000018949739,100.00000409326982,0.0,0.0,0.0
10.0,5.0,False,22,100.00000193601022,100.00000202645643,100.00000415061776,0.0,0.0,0.0
10.0,5.0,False,23,100.00000232589542,100.0000021170096,100.00000414233065,0.0,0.0,0.0
10.0,5.0,False,24,100.0000005583527,100.00000136289471,100.00000414656,0.0,0.0,0.0
10.0,5.0,False,25,100.00000118141729,100.00000087842058,100.00000388472648,0.0,0.0,0.0
10.0,5.0,False,26,100.00000141114627,100.00000061664177,100.00000312984332,0.0,0.0,0.0
10.0,5.0,False,27,100.00000144086115,100.00000051375862,100.00000243545546,0.0,0.0,0.0
10.0,5.0,False,28,100.00000149234562,100.00000059469065,100.0000024756867,0.0,0.0,0.0
10.0,5.0,False,29,100.00000152787206,100.00000053349738,100.000002426926,0.0,0.0,0.0
10.0,5.0,False,30,100.00000028885623,100.00000024238494,100.00000234715182,0.0,0.0,0.0
10.0,5.0,False,31,99.99999992876191,100.00000027143862,100.00000235268999,0.0,0.0,0.0
10.0,5.0,False,32,100.00000007419807,100.00000017645186,100.00000323677271,0.0,0.0,0.0
10.0,5.0,False,33,100.00000005835602,100.00000018276458,100.00000288221293,0.0,0.0,0.0
10.0,5.0,False,34,99.99999944015126,100.0000002708535,100.00000290876557,0.0,0.0,0.0
10.0,5.0,False,35,99.99999975881957,100.00000013408365,100.00000282728331,0.0,0.0,0.0
10.0,5.0,False,36,99.99999960508222,99.99999995781806,100.00000221156317,0.0,0.0,0.0
10.0,5.0,False,37,99.99999969568356,99.9999998281143,100.00000253426387,0.0,0.0,0.0
10.0,5.0,False,38,100.00000007891568,99.9999998778029,100.00000249989439,0.0,0.0,0.0
10.0,5.0,False,39,100.00000045822786,100.00000011158029,100.00000249563985,0.0,0.0,0.0
10.0,5.0,False,40,99.99999971291598,99.9999996967867,100.00000227553842,0.0,0.0,0.0
10.0,5.0,False,41,100.00000012918542,99.99999993573128,100.00000228241451,0.0,0.0,0.0
10.0,5.0,False,42,100.00000026657997,100.00000009120137,100.00000260032564,0.0,0.0,0.0
10.0,5.0,False,43,100.00000014328195,99.99999992286432,100.00000063099797,0.0,0.0,0.0
10.0,5.0,False,44,100.00000005478853,99.99999994295361,100.00000041601564,0.0,0.0,0.0
10.0,5.0,False,45,100.00000022456332,100.00000010509882,100.00000042544036,0.0,0.0,0.0
10.0,5.0,False,46,100.00000027056643,100.00000032423135,100.0000013879766,0.0,0.0,0.0
10.0,5.0,False,47,99.99999949135331,100.00000007042796,100.00000137883674,0.0,0.0,0.0
10.0,5.0,False,48,99.99999985744549,100.00000020436751,100.00000157066165,0.0,0.0,0.0
10.0,5.0,False,49,100.0000002330919,100.00000042298427,100.00000161372196,0.0,0.0,0.0
10.0,5.0,False,50,100.00000022298383,100.00000040460642,100.0000016143285,0.0,0.0,0.0
10.0,5.0,True,1,100.03152347105382,100.03152259188953,100.03158021992805,0.0,0.0,0.0
10.0,5.0,True,2,99.99999999240416,100.00000025128116,100.00000505389906,0.0,0.0,0.0
10.0,5.0,True,3,100.00000065440727,100.00000065416133,100.0000048206781,0.0,0.0,0.0
10.0,5.0,True,4,99.99999938419438,100.00000031397914,100.00000415655093,0.0,0.0,0.0
10.0,5.0,True,5,99.99999967064812,100.00000093088647,100.00000518089684,0.0,0.0,0.0
10.0,5.0,True,6,100.00000032072438,100.00000124178274,100.00000571806379,0.0,0.0,0.0
10.0,5.0,True,7,100.00000104914581,100.00000281479029,100.00000769777154,0.0,0.0,0.0
10.0,5.0,True,8,100.00000286024097,100.00000310345152,100.0000075730388,0.0,0.0,0.0
10.0,5.0,True,9,100.0000028277102,100.00000320512015,100.00000767722901,0.0,0.0,0.0
10.0,5.0,True,10,100.00000359974365,100.0000024643449,100.00000787325294,0.0,0.0,0.0
10.0,5.0,True,11,100.00000410677453,100.00000298073054,100.00000805046645,0.0,0.0,0.0
10.0,5.0,True,12,100.00000488421833,100.00000342911568,100.0000078707098,0.0,0.0,0.0
10.0,5.0,True,13,100.00000402286832,100.00000321003247,100.0000078481454,0.0,0.0,0.0
10.0,5.0,True,14,100.00000402855332,100.00000258329194,100.00000490015108,0.0,0.0,0.0
10.0,5.0,True,15,100.00000307501384,100.00000220807136,100.00000513868937,0.0,0.0,0.0
10.0,5.0,True,16,100.00000336095891,100.00000243676217,100.00000558035873,0.0,0.0,0.0
10.0,5.0,True,17,100.00000308803718,100.00000226726746,100.0000053101484,0.0,0.0,0.0
10.0,5.0,True,18,100.00000263712397,100.00000267595047,100.00000502850855,0.0,0.0,0.0
10.0,5.0,True,19,100.0000020773156,100.0000022393194,100.00000470040592,0.0,0.0,0.0
10.0,5.0,True,20,100.00000213514026,100.0000021845108,100.00000489711017,0.0,0.0,0.0
10.0,5.0,True,21,100.00000280079166,100.00000204853379,100.00000423747493,0.0,0.0,0.0
10.0,5.0,True,22,100.00000287349593,100.00000217478376,100.00000419401935,0.0,0.0,0.0
10.0,5.0,True,23,100.00000310617072,100.0000021546104,100.0000043922112,0.0,0.0,0.0
10.0,5.0,True,24,100.00000221646391,100.00000128959968,100.00000380242513,0.0,0.0,0.0
10.0,5.0,True,25,100.00000171991078,100.00000112605062,100.00000380509547,0.0,0.0,0.0
10.0,5.0,True,26,100.00000180795465,100.00000076037274,100.00000290420914,0.0,0.0,0.0
10.0,5.0,True,27,100.00000200070926,100.0000008793489,100.00000324648825,0.0,0.0,0.0
10.0,5.0,True,28,100.00000198030176,100.00000093255085,100.00000330955248,0.0,0.0,0.0
10.0,5.0,True,29,100.00000210853538,100.00000092138248,100.00000324731548,0.0,0.0,0.0
10.0,5.0,True,30,99.99999998668473,100.00000037704741,100.00000310602198,0.0,0.0,0.0
10.0,5.0,True,31,100.00000010074888,100.00000056856106,100.00000313935709,0.0,0.0,0.0
10.0,5.0,True,32,100.00000017907547,100.00000023455537,100.00000309045168,0.0,0.0,0.0
10.0,5.0,True,33,100.00000000780489,100.00000029524858,100.00000291885056,0.0,0.0,0.0
10.0,5.0,True,34,99.99999969782877,100.00000015211727,100.00000261502092,0.0,0.0,0.0
10.0,5.0,True,35,99.99999994048524,100.00000017279541,100.00000269450257,0.0,0.0,0.0
10.0,5.0,True,36,99.99999979084748,99.9999998233033,100.00000193407443,0.0,0.0,0.0
10.0,5.0,True,37,99.99999980354966,99.9999997333897,100.00000230283106,0.0,0.0,0.0
10.0,5.0,True,38,100.00000104902625,100.00000013725709,100.00000233010195,0.0,0.0,0.0
10.0,5.0,True,39,100.00000075143798,100.00000022390556,100.00000262581156,0.0,0.0,0.0
10.0,5.0,True,40,100.00000003338334,99.99999992155594,100.0000020889592,0.0,0.0,0.0
10.0,5.0,True,41,99.99999984431223,99.99999994761447,100.0000019480124,0.0,0.0,0.0
10.0,5.0,True,42,99.99999992554865,100.00000044672602,100.00000250395706,0.0,0.0,0.0
10.0,5.0,True,43,100.00000010024318,100.0000002452347,100.00000095082376,0.0,0.0,0.0
10.0,5.0,True,44,100.00000023026467,100.00000024246734,100.00000066647999,0.0,0.0,0.0
10.0,5.0,True,45,100.00000019937377,100.00000019674279,100.00000066350083,0.0,0.0,0.0
10.0,5.0,True,46,100.0000000868958,100.00000019677398,100.00000135738046,0.0,0.0,0.0
10.0,5.0,True,47,100.00000012151835,100.00000024155347,100.00000143076443,0.0,0.0,0.0
10.0,5.0,True,48,100.00000030154374,100.00000027286491,100.00000134136033,0.0,0.0,0.0
10.0,5.0,True,49,100.00000025735199,100.00000037653862,100.00000139588762,0.0,0.0,0.0
10.0,5.0,True,50,100.00000001450547,100.0000002166245,100.00000141846041,0.0,0.0,0.0
10.0,10.0,False,1,99.99944103722794,99.99944002437778,99.99944469612689,0.0,0.0,0.0
10.0,10.0,False,2,99.99999972818597,99.99999997101601,100.00000481007078,0.0,0.0,0.0
10.0,10.0,False,3,100.00000029378789,100.00000050099989,100.0000051471589,0.0,0.0,0.0
10.0,10.0,False,4,100.00000087211961,100.00000054145646,100.00000532643921,0.0,0.0,0.0
10.0,10.0,False,5,100.00000082275064,100.00000093889244,100.00000518037074,0.0,0.0,0.0
10.0,10.0,False,6,100.00000046766714,100.00000171772228,100.00000683904975,0.0,0.0,0.0
10.0,10.0,False,7,100.00000014263986,100.00000178508812,100.00000805443776,0.0,0.0,0.0
10.0,10.0,False,8,100.0000014173898,100.00000259443462,100.00000812277696,0.0,0.0,0.0
10.0,10.0,False,9,100.00000219411322,100.00000304586098,100.0000082540245,0.0,0.0,0.0
10.0,10.0,False,10,100.00000154809712,100.0000023167802,100.0000083982289,0.0,0.0,0.0
10.0,10.0,False,11,100.00000249535479,100.00000284539567,100.00000876523077,0.0,0.0,0.0
10.0,10.0,False,12,100.00000318317012,100.00000292648005,100.00000875584865,0.0,0.0,0.0
10.0,10.0,False,13,100.0000035418508,100.00000315157472,100.00000868450871,0.0,0.0,0.0
10.0,10.0,False,14,100.00000341207931,100.00000222420014,100.00000516358179,0.0,0.0,0.0
10.0,10.0,False,15,100.00000179342969,100.0000021940499,100.00000583423297,0.0,0.0,0.0
10.0,10.0,False,16,100.00000211394135,100.00000240062546,100.00000582765645,0.0,0.0,0.0
10.0,10.0,False,17,100.00000164599436,100.00000300708749,100.00000675412434,0.0,0.0,0.0
10.0,10.0,False,18,100.00000263770396,100.00000288432167,100.00000666764548,0.0,0.0,0.0
10.0,10.0,False,19,100.0000022622901,100.00000232796546,100.00000541693132,0.0,0.0,0.0
10.0,10.0,False,20,100.00000160958992,100.00000211744064,100.00000508720862,0.0,0.0,0.0
10.0,10.0,False,21,100.00000181214412,100.00000189497841,100.00000409400697,0.0,0.0,0.0
10.0,10.0,False,22,100.00000193537524,100.00000202645177,100.0000041513266,0.0,0.0,0.0
10.0,10.0,False,23,100.00000232365628,100.00000211670323,100.00000414303103,0.0,0.0,0.0
10.0,10.0,False,24,100.0000005589275,100.0000013645154,100.00000414716199,0.0,0.0,0.0
10.0,10.0,False,25,100.00000118157784,100.00000087866258,100.00000388500747,0.0,0.0,0.0
10.0,10.0,False,26,100.00000141137951,100.00000061687047,100.00000313018751,0.0,0.0,0.0
10.0,10.0,False,27,100.0000014418099,100.00000051398044,100.0000024356405,0.0,0.0,0.0
10.0,10.0,False,28,100.00000149332266,100.00000059492618,100.00000247573263,0.0,0.0,0.0
10.0,10.0,False,29,100.00000152937031,100.00000053372857,100.00000242705744,0.0,0.0,0.0
10.0,10.0,False,30,100.00000028771966,100.00000024211391,100.00000234713494,0.0,0.0,0.0
10.0,10.0,False,31,99.99999992891037,100.00000027139929,100.00000235300055,0.0,0.0,0.0
10.0,10.0,False,32,100.00000007467723,100.00000017660908,100.00000323687891,0.0,0.0,0.0
10.0,10.0,False,33,100.0000000587607,100.00000018306251,100.00000288239411,0.0,0.0,0.0
10.0,10.0,False,34,99.99999944047026,100.00000027110359,100.00000290911893,0.0,0.0,0.0
10.0,10.0,False,35,99.99999975921055,100.00000013453645,100.00000282771674,0.0,0.0,0.0
10.0,10.0,False,36,99.99999960545374,99.99999995789952,100.00000221178587,0.0,0.0,0.0
10.0,10.0,False,37,99.99999969599003,99.99999982832645,100.00000253398161,0.0,0.0,0.0
10.0,10.0,False,38,100.00000008084108,99.99999987838619,100.00000249964016,0.0,0.0,0.0
10.0,10.0,False,39,100.00000045881208,100.0000001115947,100.00000249544061,0.0,0.0,0.0
10.0,10.0,False,40,99.99999971368251,99.99999969682081,100.00000227537578,0.0,0.0,0.0
10.0,10.0,False,41,100.00000012986311,99.99999993587808,100.00000228227194,0.0,0.0,0.0
10.0,10.0,False,42,100.00000026764081,100.00000009137793,100.00000260018706,0.0,0.0,0.0
10.0,10.0,False,43,100.00000014327907,99.99999992306473,100.00000063085099,0.0,0.0,0.0
10.0,10.0,False,44,100.0000000547937,99.99999994307785,100.0000004165808,0.0,0.0,0.0
10.0,10.0,False,45,100.00000022460537,100.00000010519899,100.0000004259064,0.0,0.0,0.0
10.0,10.0,False,46,100.00000027063463,100.00000032435204,100.00000138782363,0.0,0.0,0.0
10.0,10.0,False,47,99.999999491324,100.0000000704671,100.00000137884263,0.0,0.0,0.0
10.0,10.0,False,48,99.99999985749395,100.00000020428119,100.00000157047212,0.0,0.0,0.0
10.0,10.0,False,49,100.00000023264519,100.00000042304605,100.00000161403362,0.0,0.0,0.0
10.0,10.0,False,50,100.00000022325867,100.0000004047038,100.00000161463798,0.0,0.0,0.0
10.0,10.0,True,1,100.12419549268621,100.12419013145568,100.12430353602306,0.0,0.0,0.0
10.0,10.0,True,2,99.99999999267925,100.00000025108014,100.00000505128367,0.0,0.0,0.0
10.0,10.0,True,3,100.00000065505712,100.00000065410549,100.00000481845771,0.0,0.0,0.0
10.0,10.0,True,4,99.99999938533935,100.0000003140384,100.00000415450882,0.0,0.0,0.0
10.0,10.0,True,5,99.99999967221638,100.00000093103161,100.00000517912267,0.0,0.0,0.0
10.0,10.0,True,6,100.00000032212853,100.00000124214175,100.00000571739719,0.0,0.0,0.0
10.0,10.0,True,7,100.00000104613004,100.00000281411641,100.00000769650967,0.0,0.0,0.0
10.0,10.0,True,8,100.00000286081593,100.00000310347768,100.00000757161985,0.0,0.0,0.0
10.0,10.0,True,9,100.00000282902262,100.00000320532033,100.00000767570246,0.0,0.0,0.0
10.0,10.0,True,10,100.00000360164009,100.00000246469452,100.00000787139857,0.0,0.0,0.0
10.0,10.0,True,11,100.00000410829247,100.00000298095804,100.00000804877851,0.0,0.0,0.0
10.0,10.0,True,12,100.00000488557417,100.00000342951284,100.00000786887765,0.0,0.0,0.0
10.0,10.0,True,13,100.00000402316672,100.00000321029964,100.00000784644129,0.0,0.0,0.0
10.0,10.0,True,14,100.00000402703154,100.00000258357325,100.00000490058645,0.0,0.0,0.0
10.0,10.0,True,15,100.00000307664578,100.00000220867183,100.00000513913741,0.0,0.0,0.0
10.0,10.0,True,16,100.00000336279288,100.00000243723242,100.00000558006484,0.0,0.0,0.0
10.0,10.0,True,17,100.00000308894496,100.0000022675545,100.00000531030393,0.0,0.0,0.0
10.0,10.0,True,18,100.0000026380107,100.00000267583555,100.00000502661254,0.0,0.0,0.0
10.0,10.0,True,19,100.00000207813241,100.00000223941709,100.0000047003715,0.0,0.0,0.0
10.0,10.0,True,20,100.00000213613292,100.00000218542986,100.00000489712691,0.0,0.0,0.0
10.0,10.0,True,21,100.00000280177437,100.00000204912557,100.00000423748868,0.0,0.0,0.0
10.0,10.0,True,22,100.00000287438183,100.00000217538184,100.00000419417347,0.0,0.0,0.0
10.0,10.0,True,23,100.00000310741073,100.00000215497013,100.00000439212198,0.0,0.0,0.0
10.0,10.0,True,24,100.00000221729226,100.00000128976956,100.00000380260133,0.0,0.0,0.0
10.0,10.0,True,25,100.00000172002294,100.0000011262863,100.00000380532575,0.0,0.0,0.0
10.0,10.0,True,26,100.00000180803137,100.00000076053749,100.00000290413885,0.0,0.0,0.0
10.0,10.0,True,27,100.00000200038693,100.00000087951591,100.0000032468514,0.0,0.0,0.0
10.0,10.0,True,28,100.00000197990727,100.00000093288934,100.00000330987802,0.0,0.0,0.0
10.0,10.0,True,29,100.00000210824412,100.00000092154558,100.00000324763235,0.0,0.0,0.0
10.0,10.0,True,30,99.99999998719858,100.00000037741289,100.00000310631012,0.0,0.0,0.0
10.0,10.0,True,31,100.00000009998655,100.00000056864073,100.00000313897817,0.0,0.0,0.0
10.0,10.0,True,32,100.00000017985539,100.00000023511738,100.00000309110717,0.0,0.0,0.0
10.0,10.0,True,33,100.0000000077093,100.00000029558937,100.00000291939514,0.0,0.0,0.0
10.0,10.0,True,34,99.99999969760671,100.0000001528072,100.00000261508745,0.0,0.0,0.0
10.0,10.0,True,35,99.99999994034056,100.00000017309391,100.00000269422635,0.0,0.0,0.0
10.0,10.0,True,36,99.99999979069793,99.99999982381223,100.00000193413916,0.0,0.0,0.0
10.0,10.0,True,37,99.99999980343378,99.99999973319922,100.00000230292554,0.0,0.0,0.0
10.0,10.0,True,38,100.0000010495931,100.00000013745486,100.00000233020207,0.0,0.0,0.0
10.0,10.0,True,39,100.00000075124142,100.00000022384597,100.00000262621046,0.0,0.0,0.0
10.0,10.0,True,40,100.00000003334219,99.99999992149301,100.00000208909762,0.0,0.0,0.0
10.0,10.0,True,41,99.99999984392494,99.99999994769483,100.00000194822132,0.0,0.0,0.0
10.0,10.0,True,42,99.99999992494558,100.00000044678703,100.00000250413791,0.0,0.0,0.0
10.0,10.0,True,43,100.00000010004504,100.00000024655186,100.0000009572448,0.0,0.0,0.0
10.0,10.0,True,44,100.00000023018924,100.00000024262397,100.0000006668871,0.0,0.0,0.0
10.0,10.0,True,45,100.00000019930908,100.00000019684587,100.00000066381183,0.0,0.0,0.0
10.0,10.0,True,46,100.00000008703441,100.00000019669265,100.00000135694579,0.0,0.0,0.0
10.0,10.0,True,47,100.0000001217468,100.00000024164727,100.00000143041,0.0,0.0,0.0
10.0,10.0,True,48,100.00000030167132,100.00000027287135,100.00000134069131,0.0,0.0,0.0
10.0,10.0,True,49,100.00000025750144,100.00000037682325,100.00000139529331,0.0,0.0,0.0
10.0,10.0,True,50,100.00000001499293,100.00000021677286,100.0000014178827,0.0,0.0,0.0
10.0,15.0,False,1,99.9963438109498,99.99634415626082,99.99635522151722,0.0,0.0,0.0
10.0,15.0,False,2,99.99999972816093,99.99999997068974,100.00000480914214,0.0,0.0,0.0
10.0,15.0,False,3,100.00000029385637,100.00000050071324,100.0000051463173,0.0,0.0,0.0
10.0,15.0,False,4,100.00000087128464,100.00000054111635,100.00000532580691,0.0,0.0,0.0
10.0,15.0,False,5,100.00000082188645,100.00000093847783,100.00000517971382,0.0,0.0,0.0
10.0,15.0,False,6,100.00000046665548,100.00000171730085,100.00000683851445,0.0,0.0,0.0
10.0,15.0,False,7,100.00000014259135,100.00000178486172,100.00000805391889,0.0,0.0,0.0
10.0,15.0,False,8,100.0000014175125,100.0000025943496,100.00000812227617,0.0,0.0,0.0
10.0,15.0,False,9,100.0000021940646,100.00000304568887,100.00000825354223,0.0,0.0,0.0
10.0,15.0,False,10,100.00000154805268,100.0000023167095,100.00000839797744,0.0,0.0,0.0
10.0,15.0,False,11,100.00000249536072,100.00000284531686,100.00000876478136,0.0,0.0,0.0
10.0,15.0,False,12,100.0000031830854,100.00000292643206,100.00000875539143,0.0,0.0,0.0
10.0,15.0,False,13,100.00000354186093,100.00000315144784,100.00000868409239,0.0,0.0,0.0
10.0,15.0,False,14,100.00000341204738,100.00000222419195,100.00000516360706,0.0,0.0,0.0
10.0,15.0,False,15,100.0000017935767,100.00000219399443,100.00000583398409,0.0,0.0,0.0
10.0,15.0,False,16,100.00000211406649,100.00000240066683,100.00000582761277,0.0,0.0,0.0
10.0,15.0,False,17,100.00000164576136,100.00000300703506,100.00000675396947,0.0,0.0,0.0
10.0,15.0,False,18,100.00000263757127,100.00000288429558,100.00000666777629,0.0,0.0,0.0
10.0,15.0,False,19,100.0000022624779,100.00000232808027,100.00000541743762,0.0,0.0,0.0
10.0,15.0,False,20,100.00000160948427,100.00000211750103,100.00000508763131,0.0,0.0,0.0
10.0,15.0,False,21,100.00000181193408,100.00000189497995,100.00000409425255,0.0,0.0,0.0
10.0,15.0,False,22,100.00000193516351,100.00000202645023,100.00000415156276,0.0,0.0,0.0
10.0,15.0,False,23,100.0000023229097,100.00000211660108,100.00000414326433,0.0,0.0,0.0
10.0,15.0,False,24,100.00000055911912,100.00000136505669,100.00000414736249,0.0,0.0,0.0
10.0,15.0,False,25,100.00000118163152,100.0000008787433,100.0000038851008,0.0,0.0,0.0
10.0,15.0,False,26,100.00000141145742,100.00000061694674,100.00000313030213,0.0,0.0,0.0
10.0,15.0,False,27,100.00000144212615,100.00000051405443,100.00000243570227,0.0,0.0,0.0
10.0,15.0,False,28,100.00000149364834,100.0000005950047,100.00000247574806,0.0,0.0,0.0
10.0,15.0,False,29,100.00000152986956,100.00000053380565,100.00000242710121,0.0,0.0,0.0
10.0,15.0,False,30,100.00000028734081,100.00000024202367,100.00000234712944,0.0,0.0,0.0
10.0,15.0,False,31,99.99999992895992,100.0000002713862,100.00000235310404,0.0,0.0,0.0
10.0,15.0,False,32,100.00000007483695,100.0000001766615,100.00000323691441,0.0,0.0,0.0
10.0,15.0,False,33,100.00000005889564,100.00000018316183,100.0000028824546,0.0,0.0,0.0
10.0,15.0,False,34,99.9999994405766,100.0000002711869,100.0000029092365,0.0,0.0,0.0
10.0,15.0,False,35,99.9999997593409,100.00000013468753,100.00000282786107,0.0,0.0,0.0
10.0,15.0,False,36,99.99999960557757,99.99999995792665,100.00000221185996,0.0,0.0,0.0
10.0,15.0,False,37,99.99999969609217,99.99999982839722,100.00000253388751,0.0,0.0,0.0
10.0,15.0,False,38,100.00000008148228,99.99999987858054,100.00000249955545,0.0,0.0,0.0
10.0,15.0,False,39,100.00000045900674,100.00000011159959,100.00000249537425,0.0,0.0,0.0
10.0,15.0,False,40,99.99999971393794,99.9999996968323,100.0000022753216,0.0,0.0,0.0
10.0,15.0,False,41,100.00000013008909,99.99999993592715,100.00000228222446,0.0,0.0,0.0
10.0,15.0,False,42,100.00000026799452,100.00000009143687,100.0000026001409,0.0,0.0,0.0
10.0,15.0,False,43,100.00000014327816,99.99999992313167,100.00000063080216,0.0,0.0,0.0
10.0,15.0,False,44,100.00000005479546,99.99999994311938,100.0000004167693,0.0,0.0,0.0
10.0,15.0,False,45,100.0000002246195,100.00000010523249,100.00000042606197,0.0,0.0,0.0
10.0,15.0,False,46,100.00000027065735,100.00000032439235,100.00000138777266,0.0,0.0,0.0
10.0,15.0,False,47,99.99999949131458,100.00000007048023,100.00000137884457,0.0,0.0,0.0
10.0,15.0,False,48,99.99999985751009,100.00000020425247,100.00000157040878,0.0,0.0,0.0
10.0,15.0,False,49,100.00000023249652,100.00000042306672,100.00000161413755,0.0,0.0,0.0
10.0,15.0,False,50,100.00000022335044,100.00000040473645,100.0000016147412,0.0,0.0,0.0
10.0,15.0,True,1,100.26950726428441,100.26949758651527,100.26966703061541,0.0,0.0,0.0
10.0,15.0,True,2,99.99999999277122,100.0000002510134,100.00000505041183,0.0,0.0,0.0
10.0,15.0,True,3,100.0000006552738,100.00000065408709,100.00000481771751,0.0,0.0,0.0
10.0,15.0,True,4,99.9999993857212,100.00000031405838,100.00000415382792,0.0,0.0,0.0
10.0,15.0,True,5,99.99999967273907,100.00000093108018,100.0000051785311,0.0,0.0,0.0
10.0,15.0,True,6,100.00000032259666,100.00000124226167,100.00000571717484,0.0,0.0,0.0
10.0,15.0,True,7,100.00000104512843,100.00000281389255,100.00000769608847,0.0,0.0,0.0
10.0,15.0,True,8,100.00000286100754,100.00000310348645,100.00000757114637,0.0,0.0,0.0
10.0,15.0,True,9,100.00000282946053,100.00000320538692,100.00000767519296,0.0,0.0,0.0
10.0,15.0,True,10,100.0000036022728,100.00000246481108,100.00000787077957,0.0,0.0,0.0
10.0,15.0,True,11,100.00000410879878,100.00000298103389,100.0000080482151,0.0,0.0,0.0
10.0,15.0,True,12,100.00000488602642,100.00000342964529,100.0000078682662,0.0,0.0,0.0
10.0,15.0,True,13,100.00000402326708,100.00000321038874,100.00000784587243,0.0,0.0,0.0
10.0,15.0,True,14,100.00000402652427,100.00000258366711,100.00000490073162,0.0,0.0,0.0
10.0,15.0,True,15,100.00000307718989,100.0000022088719,100.00000513928691,0.0,0.0,0.0
10.0,15.0,True,16,100.00000336340426,100.00000243738899,100.00000557996668,0.0,0.0,0.0
10.0,15.0,True,17,100.00000308924726,100.00000226765026,100.00000531035579,0.0,0.0,0.0
10.0,15.0,True,18,100.00000263830646,100.00000267579682,100.00000502597854,0.0,0.0,0.0
10.0,15.0,True,19,100.00000207840483,100.00000223944974,100.00000470036007,0.0,0.0,0.0
10.0,15.0,True,20,100.00000213646402,100.00000218573632,100.00000489713256,0.0,0.0,0.0
10.0,15.0,True,21,100.00000280210207,100.00000204932277,100.00000423749333,0.0,0.0,0.0
10.0,15.0,True,22,100.00000287467725,100.00000217558117,100.00000419422508,0.0,0.0,0.0
10.0,15.0,True,23,100.00000310782417,100.00000215509002,100.0000043920923,0.0,0.0,0.0
10.0,15.0,True,24,100.00000221756919,100.00000128982623,100.00000380266047,0.0,0.0,0.0
10.0,15.0,True,25,100.00000172006051,100.00000112636486,100.00000380540249,0.0,0.0,0.0
10.0,15.0,True,26,100.00000180805714,100.00000076059241,100.00000290411538,0.0,0.0,0.0
10.0,15.0,True,27,100.00000200027922,100.00000087957154,100.00000324697262,0.0,0.0,0.0
10.0,15.0,True,28,100.0000019797755,100.0000009330021,100.00000330998671,0.0,0.0,0.0
10.0,15.0,True,29,100.00000210814656,100.00000092159976,100.0000032477381,0.0,0.0,0.0
10.0,15.0,True,30,99.99999998737238,100.00000037753523,100.00000310640633,0.0,0.0,0.0
10.0,15.0,True,31,100.00000009973252,100.00000056866739,100.00000313885201,0.0,0.0,0.0
10.0,15.0,True,32,100.00000018011559,100.00000023530478,100.00000309132585,0.0,0.0,0.0
10.0,15.0,True,33,100.00000000767741,100.00000029570295,100.00000291957684,0.0,0.0,0.0
10.0,15.0,True,34,99.99999969753274,100.00000015303706,100.00000261510937,0.0,0.0,0.0
10.0,15.0,True,35,99.99999994029235,100.00000017319333,100.00000269413393,0.0,0.0,0.0
10.0,15.0,True,36,99.99999979064813,99.99999982398204,100.00000193416093,0.0,0.0,0.0
10.0,15.0,True,37,99.99999980339521,99.99999973313584,100.00000230295723,0.0,0.0,0.0
10.0,15.0,True,38,100.00000104978196,100.00000013752101,100.0000023302356,0.0,0.0,0.0
10.0,15.0,True,39,100.00000075117578,100.00000022382615,100.00000262634347,0.0,0.0,0.0
10.0,15.0,True,40,100.00000003332845,99.99999992147212,100.00000208914392,0.0,0.0,0.0
10.0,15.0,True,41,99.99999984379595,99.9999999477217,100.00000194829113,0.0,0.0,0.0
10.0,15.0,True,42,99.9999999247447,100.00000044680743,100.00000250419824,0.0,0.0,0.0
10.0,15.0,True,43,100.00000009997927,100.0000002469905,100.00000095938248,0.0,0.0,0.0
10.0,15.0,True,44,100.00000023016418,100.0000002426764,100.0000006670234,0.0,0.0,0.0
10.0,15.0,True,45,100.00000019928761,100.00000019688045,100.00000066391576,0.0,0.0,0.0
10.0,15.0,True,46,100.00000008708065,100.0000001966658,100.00000135680098,0.0,0.0,0.0
10.0,15.0,True,47,100.00000012182298,100.00000024167868,100.00000143029196,0.0,0.0,0.0
10.0,15.0,True,48,100.00000030171398,100.00000027287366,100.00000134046857,0.0,0.0,0.0
10.0,15.0,True,49,100.00000025755145,100.00000037691814,100.0000013950953,0.0,0.0,0.0
10.0,15.0,True,50,100.00000001515534,100.00000021682243,100.00000141769021,0.0,0.0,0.0
10.0,20.0,False,1,99.9872683225469,99.98727111738984,99.98729016983535,0.0,0.0,0.0
10.0,20.0,False,2,99.99999972814828,99.99999997052662,100.00000480867774,0.0,0.0,0.0
10.0,20.0,False,3,100.00000029389047,100.00000050056993,100.0000051458964,0.0,0.0,0.0
10.0,20.0,False,4,100.00000087086728,100.00000054094633,100.00000532549073,0.0,0.0,0.0
10.0,20.0,False,5,100.00000082145445,100.00000093827052,100.00000517938527,0.0,0.0,0.0
10.0,20.0,False,6,100.00000046614971,100.00000171709011,100.00000683824669,0.0,0.0,0.0
10.0,20.0,False,7,100.00000014256699,100.00000178474856,100.00000805365936,0.0,0.0,0.0
10.0,20.0,False,8,100.0000014175738,100.00000259430706,100.00000812202565,0.0,0.0,0.0
10.0,20.0,False,9,100.00000219404018,100.00000304560278,100.00000825330099,0.0,0.0,0.0
10.0,20.0,False,10,100.00000154803048,100.00000231667417,100.00000839785167,0.0,0.0,0.0
10.0,20.0,False,11,100.00000249536373,100.00000284527748,100.00000876455655,0.0,0.0,0.0
10.0,20.0,False,12,100.00000318304308,100.00000292640807,100.00000875516272,0.0,0.0,0.0
10.0,20.0,False,13,100.00000354186602,100.00000315138439,100.00000868388412,0.0,0.0,0.0
10.0,20.0,False,14,100.00000341203145,100.00000222418781,100.00000516361973,0.0,0.0,0.0
10.0,20.0,False,15,100.00000179365018,100.00000219396668,100.00000583385953,0.0,0.0,0.0
10.0,20.0,False,16,100.00000211412902,100.00000240068746,100.00000582759097,0.0,0.0,0.0
10.0,20.0,False,17,100.00000164564483,100.00000300700881,100.00000675389194,0.0,0.0,0.0
10.0,20.0,False,18,100.00000263750499,100.00000288428251,100.00000666784149,0.0,0.0,0.0
10.0,20.0,False,19,100.00000226257178,100.00000232813764,100.00000541769076,0.0,0.0,0.0
10.0,20.0,False,20,100.00000160943165,100.00000211753124,100.00000508784265,0.0,0.0,0.0
10.0,20.0,False,21,100.00000181182915,100.00000189498071,100.0000040943753,0.0,0.0,0.0
10.0,20.0,False,22,100.00000193505772,100.00000202644948,100.0000041516808,0.0,0.0,0.0
10.0,20.0,False,23,100.00000232253643,100.00000211655,100.00000414338096,0.0,0.0,0.0
10.0,20.0,False,24,100.00000055921493,100.0000013653275,100.0000041474627,0.0,0.0,0.0
10.0,20.0,False,25,100.00000118165829,100.00000087878364,100.00000388514746,0.0,0.0,0.0
10.0,20.0,False,26,100.00000141149633,100.00000061698488,100.00000313035949,0.0,0.0,0.0
10.0,20.0,False,27,100.00000144228429,100.00000051409143,100.00000243573311,0.0,0.0,0.0
10.0,20.0,False,28,100.00000149381117,100.00000059504394,100.00000247575574,0.0,0.0,0.0
10.0,20.0,False,29,100.0000015301192,100.00000053384417,100.00000242712315,0.0,0.0,0.0
10.0,20.0,False,30,100.00000028715138,100.00000024197857,100.00000234712667,0.0,0.0,0.0
10.0,20.0,False,31,99.99999992898469,100.00000027137963,100.00000235315582,0.0,0.0,0.0
10.0,20.0,False,32,100.0000000749168,100.00000017668768,100.00000323693212,0.0,0.0,0.0
10.0,20.0,False,33,100.00000005896312,100.00000018321145,100.00000288248478,0.0,0.0,0.0
10.0,20.0,False,34,99.99999944062978,100.00000027122852,100.00000290929529,0.0,0.0,0.0
10.0,20.0,False,35,99.99999975940608,100.00000013476306,100.00000282793322,0.0,0.0,0.0
10.0,20.0,False,36,99.99999960563952,99.99999995794019,100.00000221189705,0.0,0.0,0.0
10.0,20.0,False,37,99.99999969614328,99.9999998284326,100.00000253384059,0.0,0.0,0.0
10.0,20.0,False,38,100.00000008180277,99.99999987867768,100.00000249951324,0.0,0.0,0.0
10.0,20.0,False,39,100.00000045910406,100.00000011160203,100.00000249534119,0.0,0.0,0.0
10.0,20.0,False,40,99.99999971406565,99.99999969683809,100.00000227529465,0.0,0.0,0.0
10.0,20.0,False,41,100.00000013020214,99.99999993595168,100.00000228220085,0.0,0.0,0.0
10.0,20.0,False,42,100.00000026817145,100.00000009146636,100.00000260011797,0.0,0.0,0.0
10.0,20.0,False,43,100.00000014327783,99.99999992316513,100.00000063077769,0.0,0.0,0.0
10.0,20.0,False,44,100.00000005479649,99.99999994314017,100.0000004168636,0.0,0.0,0.0
10.0,20.0,False,45,100.00000022462655,100.00000010524927,100.00000042613985,0.0,0.0,0.0
10.0,20.0,False,46,100.00000027066883,100.00000032441251,100.00000138774716,0.0,0.0,0.0
10.0,20.0,False,47,99.99999949130975,100.00000007048679,100.00000137884555,0.0,0.0,0.0
10.0,20.0,False,48,99.99999985751815,100.00000020423813,100.0000015703771,0.0,0.0,0.0
10.0,20.0,False,49,100.00000023242205,100.00000042307708,100.00000161418947,0.0,0.0,0.0
10.0,20.0,False,50,100.00000022339641,100.00000040475281,100.00000161479275,0.0,0.0,0.0
10.0,20.0,True,1,100.45678333847621,100.45676952993985,100.45699529650494,0.0,0.0,0.0
10.0,20.0,True,2,99.99999999281712,100.00000025098004,100.00000504997583,0.0,0.0,0.0
10.0,20.0,True,3,100.00000065538201,100.0000006540779,100.0000048173473,0.0,0.0,0.0
10.0,20.0,True,4,99.99999938591228,100.00000031406834,100.00000415348734,0.0,0.0,0.0
10.0,20.0,True,5,99.99999967300025,100.00000093110445,100.00000517823518,0.0,0.0,0.0
10.0,20.0,True,6,100.00000032283062,100.00000124232163,100.00000571706357,0.0,0.0,0.0
10.0,20.0,True,7,100.0000010446282,100.00000281378071,100.00000769587768,0.0,0.0,0.0
10.0,20.0,True,8,100.00000286110327,100.0000031034908,100.00000757090946,0.0,0.0,0.0
10.0,20.0,True,9,100.00000282967969,100.00000320542014,100.00000767493799,0.0,0.0,0.0
10.0,20.0,True,10,100.00000360258917,100.00000246486933,100.00000787046983,0.0,0.0,0.0
10.0,20.0,True,11,100.00000410905191,100.00000298107179,100.00000804793319,0.0,0.0,0.0
10.0,20.0,True,12,100.0000048862525,100.00000342971148,100.00000786796025,0.0,0.0,0.0
10.0,20.0,True,13,100.00000402331752,100.00000321043326,100.00000784558773,0.0,0.0,0.0
10.0,20.0,True,14,100.00000402627056,100.00000258371401,100.00000490080433,0.0,0.0,0.0
10.0,20.0,True,15,100.00000307746188,100.00000220897188,100.0000051393618,0.0,0.0,0.0
10.0,20.0,True,16,100.00000336370988,100.0000024374672,100.00000557991766,0.0,0.0,0.0
10.0,20.0,True,17,100.00000308939823,100.00000226769808,100.0000053103818,0.0,0.0,0.0
10.0,20.0,True,18,100.00000263845428,100.00000267577735,100.00000502566105,0.0,0.0,0.0
10.0,20.0,True,19,100.00000207854097,100.00000223946604,100.00000470035444,0.0,0.0,0.0
10.0,20.0,True,20,100.00000213662952,100.00000218588951,100.00000489713547,0.0,0.0,0.0
10.0,20.0,True,21,100.00000280226587,100.00000204942133,100.00000423749574,0.0,0.0,0.0
10.0,20.0,True,22,100.00000287482487,100.00000217568078,100.000004194251,0.0,0.0,0.0
10.0,20.0,True,23,100.0000031080308,100.00000215514991,100.00000439207756,0.0,0.0,0.0
10.0,20.0,True,24,100.00000221770772,100.00000128985451,100.00000380269022,0.0,0.0,0.0
10.0,20.0,True,25,100.00000172007915,100.00000112640409,100.00000380544094,0.0,0.0,0.0
10.0,20.0,True,26,100.00000180806987,100.0000007606198,100.00000290410375,0.0,0.0,0.0
10.0,20.0,True,27,100.00000200022525,100.0000008795993,100.0000032470331,0.0,0.0,0.0
10.0,20.0,True,28,100.00000197970951,100.0000009330584,100.00000331004088,0.0,0.0,0.0
10.0,20.0,True,29,100.00000210809759,100.00000092162676,100.00000324779086,0.0,0.0,0.0
10.0,20.0,True,30,99.99999998745966,100.00000037759644,100.00000310645429,0.0,0.0,0.0
10.0,20.0,True,31,100.00000009960544,100.00000056868063,100.00000313878874,0.0,0.0,0.0
10.0,20.0,True,32,100.00000018024565,100.00000023539846,100.00000309143508,0.0,0.0,0.0
10.0,20.0,True,33,100.00000000766138,100.00000029575966,100.00000291966757,0.0,0.0,0.0
10.0,20.0,True,34,99.9999996974957,100.0000001531519,100.0000026151204,0.0,0.0,0.0
10.0,20.0,True,35,99.99999994026821,100.00000017324297,100.00000269408774,0.0,0.0,0.0
10.0,20.0,True,36,99.99999979062316,99.9999998240669,100.00000193417188,0.0,0.0,0.0
10.0,20.0,True,37,99.99999980337586,99.99999973310409,100.00000230297314,0.0,0.0,0.0
10.0,20.0,True,38,100.00000104987629,100.00000013755405,100.00000233025244,0.0,0.0,0.0
10.0,20.0,True,39,100.00000075114286,100.00000022381616,100.00000262640978,0.0,0.0,0.0
10.0,20.0,True,40,100.0000000333215,99.99999992146164,100.00000208916714,0.0,0.0,0.0
10.0,20.0,True,41,99.99999984373147,99.99999994773509,100.00000194832606,0.0,0.0,0.0
10.0,20.0,True,42,99.99999992464427,100.00000044681761,100.00000250422843,0.0,0.0,0.0
10.0,20.0,True,43,100.00000009994642,100.00000024720964,100.00000096045059,0.0,0.0,0.0
10.0,20.0,True,44,100.00000023015156,100.00000024270261,100.00000066709157,0.0,0.0,0.0
10.0,20.0,True,45,100.00000019927678,100.00000019689769,100.0000006639677,0.0,0.0,0.0
10.0,20.0,True,46,100.00000008710367,100.00000019665234,100.00000135672849,0.0,0.0,0.0
10.0,20.0,True,47,100.000000121861,100.00000024169432,100.00000143023289,0.0,0.0,0.0
10.0,20.0,True,48,100.00000030173533,100.00000027287479,100.00000134035722,0.0,0.0,0.0
10.0,20.0,True,49,100.00000025757649,100.00000037696552,100.0000013949963,0.0,0.0,0.0
10.0,20.0,True,50,100.0000000152364,100.0000002168472,100.00000141759395,0.0,0.0,0.0
