snr,comb_amp,overlap,k,seed,bias_plus,coverage
0.5,5.0,True,1,42,110.22440326316553,0.05
0.5,5.0,True,2,42,100.0162904859105,0.0
0.5,5.0,True,3,42,100.00013276938483,0.0
0.5,5.0,True,4,42,100.00013234358582,0.0
0.5,5.0,True,5,42,100.00008730220992,0.0
0.5,5.0,True,6,42,100.00011920431527,0.0
0.5,5.0,True,7,42,100.0001278822431,0.0
0.5,5.0,True,8,42,100.00011386004638,0.0
0.5,5.0,True,9,42,100.00009690019039,0.0
0.5,5.0,True,10,42,100.00005108670176,0.0
0.5,5.0,True,11,42,100.00004085810811,0.0
0.5,5.0,True,12,42,100.00003021717538,0.0
0.5,5.0,True,13,42,100.00003016942557,0.0
0.5,5.0,True,14,42,100.00002595875722,0.0
0.5,5.0,True,15,42,100.00002668933895,0.0
0.5,5.0,True,16,42,100.00002245525359,0.0
0.5,5.0,True,17,42,100.00002402381699,0.0
0.5,5.0,True,18,42,100.00001539244982,0.0
0.5,5.0,True,19,42,100.00005000870101,0.0
0.5,5.0,True,20,42,100.00004984623456,0.0
0.5,5.0,True,21,42,100.00003849382466,0.0
0.5,5.0,True,22,42,100.0000405518648,0.0
0.5,5.0,True,23,42,100.00002889835949,0.0
0.5,5.0,True,24,42,100.00002959805963,0.0
0.5,5.0,True,25,42,100.00004369809815,0.0
0.5,5.0,True,26,42,100.00004106907724,0.0
0.5,5.0,True,27,42,100.00004506280887,0.0
0.5,5.0,True,28,42,100.00002512806428,0.0
0.5,5.0,True,29,42,100.00002415781839,0.0
0.5,5.0,True,30,42,100.00000031756555,0.0
0.5,5.0,True,31,42,100.00000346996279,0.0
0.5,5.0,True,32,42,100.00000325523855,0.0
0.5,5.0,True,33,42,99.99998510717988,0.0
0.5,5.0,True,34,42,99.99998649819432,0.0
0.5,5.0,True,35,42,99.99999706034808,0.0
0.5,5.0,True,36,42,99.99999973160371,0.0
0.5,5.0,True,37,42,100.00002488650938,0.0
0.5,5.0,True,38,42,99.99999127696378,0.0
0.5,5.0,True,39,42,99.99998797247761,0.0
0.5,5.0,True,40,42,99.99999776330787,0.0
0.5,5.0,True,41,42,99.99999618516551,0.0
0.5,5.0,True,42,42,99.9999973291428,0.0
0.5,5.0,True,43,42,99.99999744023198,0.0
0.5,5.0,True,44,42,99.99999019583777,0.0
0.5,5.0,True,45,42,99.99998780158677,0.0
0.5,5.0,True,46,42,99.99998817215618,0.0
0.5,5.0,True,47,42,99.99999287521646,0.0
0.5,5.0,True,48,42,99.99999671808888,0.0
0.5,5.0,True,49,42,99.99998057307567,0.0
0.5,5.0,True,50,42,99.99998071753618,0.0
0.5,5.0,True,1,43,110.21771951532301,0.05
0.5,5.0,True,2,43,100.01385791738664,0.0
0.5,5.0,True,3,43,100.00001369970474,0.0
0.5,5.0,True,4,43,100.00001606149355,0.0
0.5,5.0,True,5,43,100.00002362700397,0.0
0.5,5.0,True,6,43,100.00001205002283,0.0
0.5,5.0,True,7,43,100.00001864658297,0.0
0.5,5.0,True,8,43,99.99999610698023,0.0
0.5,5.0,True,9,43,99.99999544687658,0.0
0.5,5.0,True,10,43,99.99999544066662,0.0
0.5,5.0,True,11,43,100.00000597712136,0.0
0.5,5.0,True,12,43,100.00002376336909,0.0
0.5,5.0,True,13,43,100.00001666706405,0.0
0.5,5.0,True,14,43,100.00001621170688,0.0
0.5,5.0,True,15,43,100.00001291010977,0.0
0.5,5.0,True,16,43,100.0000103879273,0.0
0.5,5.0,True,17,43,100.00002123637802,0.0
0.5,5.0,True,18,43,100.0000206844334,0.0
0.5,5.0,True,19,43,100.00002249089005,0.0
0.5,5.0,True,20,43,100.00002913486628,0.0
0.5,5.0,True,21,43,99.99998355375286,0.0
0.5,5.0,True,22,43,99.99997990100456,0.0
0.5,5.0,True,23,43,99.99998312300531,0.0
0.5,5.0,True,24,43,99.9999829430685,0.0
0.5,5.0,True,25,43,99.9999788655125,0.0
0.5,5.0,True,26,43,99.99997910762397,0.0
0.5,5.0,True,27,43,99.99998359790273,0.0
0.5,5.0,True,28,43,99.9999795135343,0.0
0.5,5.0,True,29,43,99.99998544087568,0.0
0.5,5.0,True,30,43,99.99999635262041,0.0
0.5,5.0,True,31,43,100.00000321491734,0.0
0.5,5.0,True,32,43,99.99999925635245,0.0
0.5,5.0,True,33,43,100.000010482307,0.0
0.5,5.0,True,34,43,100.00001002952348,0.0
0.5,5.0,True,35,43,99.99999921221048,0.0
0.5,5.0,True,36,43,99.99999677808879,0.0
0.5,5.0,True,37,43,100.0000012341815,0.0
0.5,5.0,True,38,43,100.00000117768255,0.0
0.5,5.0,True,39,43,100.00000440458322,0.0
0.5,5.0,True,40,43,99.99999891793823,0.0
0.5,5.0,True,41,43,99.99998071360447,0.0
0.5,5.0,True,42,43,99.99999783931123,0.0
0.5,5.0,True,43,43,99.99999546743567,0.0
0.5,5.0,True,44,43,99.99999567845079,0.0
0.5,5.0,True,45,43,100.00000390990755,0.0
0.5,5.0,True,46,43,100.00000669467873,0.0
0.5,5.0,True,47,43,100.00000437012818,0.0
0.5,5.0,True,48,43,100.0000009025091,0.0
0.5,5.0,True,49,43,99.99998456127746,0.0
0.5,5.0,True,50,43,99.99998962734006,0.0
0.5,5.0,True,1,44,110.30001222105608,0.05
0.5,5.0,True,2,44,100.01527345540447,0.0
0.5,5.0,True,3,44,99.99973902364266,0.0
0.5,5.0,True,4,44,99.99973964504498,0.0
0.5,5.0,True,5,44,99.99980369815424,0.0
0.5,5.0,True,6,44,99.99983056596125,0.0
0.5,5.0,True,7,44,99.9998269926202,0.0
0.5,5.0,True,8,44,99.99982727063099,0.0
0.5,5.0,True,9,44,99.99983456114973,0.0
0.5,5.0,True,10,44,99.99985979855161,0.0
0.5,5.0,True,11,44,99.99985965314875,0.0
0.5,5.0,True,12,44,99.99992999994589,0.0
0.5,5.0,True,13,44,99.99994535159829,0.0
0.5,5.0,True,14,44,99.99992571841668,0.0
0.5,5.0,True,15,44,99.99989446735673,0.0
0.5,5.0,True,16,44,99.99992112004875,0.0
0.5,5.0,True,17,44,99.9999578124424,0.0
0.5,5.0,True,18,44,99.99998310390077,0.0
0.5,5.0,True,19,44,99.99999148123572,0.0
0.5,5.0,True,20,44,99.99999035908957,0.0
0.5,5.0,True,21,44,99.9999926803978,0.0
0.5,5.0,True,22,44,99.99998804030929,0.0
0.5,5.0,True,23,44,99.99996309309414,0.0
0.5,5.0,True,24,44,99.9999530819303,0.0
0.5,5.0,True,25,44,99.99995084253354,0.0
0.5,5.0,True,26,44,99.9999579077308,0.0
0.5,5.0,True,27,44,99.99996186893183,0.0
0.5,5.0,True,28,44,99.99993588563949,0.0
0.5,5.0,True,29,44,99.9999358182913,0.0
0.5,5.0,True,30,44,99.99995553477802,0.0
0.5,5.0,True,31,44,99.99995601908202,0.0
0.5,5.0,True,32,44,99.99995590938539,0.0
0.5,5.0,True,33,44,99.99996836786386,0.0
0.5,5.0,True,34,44,99.99997379136585,0.0
0.5,5.0,True,35,44,99.99996863507853,0.0
0.5,5.0,True,36,44,99.99996655252514,0.0
0.5,5.0,True,37,44,99.99997930834037,0.0
0.5,5.0,True,38,44,99.99997948600848,0.0
0.5,5.0,True,39,44,99.99998184270149,0.0
0.5,5.0,True,40,44,99.99996804405541,0.0
0.5,5.0,True,41,44,99.99998668580443,0.0
0.5,5.0,True,42,44,99.99998925060012,0.0
0.5,5.0,True,43,44,99.99999725219706,0.0
0.5,5.0,True,44,44,99.99999842892248,0.0
0.5,5.0,True,45,44,99.9999977455652,0.0
0.5,5.0,True,46,44,99.9999952957603,0.0
0.5,5.0,True,47,44,100.00000304631843,0.0
0.5,5.0,True,48,44,99.99999433205218,0.0
0.5,5.0,True,49,44,100.00000031350687,0.0
0.5,5.0,True,50,44,100.00000023414677,0.0
0.5,5.0,True,1,45,110.22814990487895,0.05
0.5,5.0,True,2,45,100.01187218198977,0.0
0.5,5.0,True,3,45,100.00006935590757,0.0
0.5,5.0,True,4,45,100.00000165540622,0.0
0.5,5.0,True,5,45,100.0000231259089,0.0
0.5,5.0,True,6,45,100.00001023427379,0.0
0.5,5.0,True,7,45,100.00001086479921,0.0
0.5,5.0,True,8,45,100.00001612140943,0.0
0.5,5.0,True,9,45,100.00002820633722,0.0
0.5,5.0,True,10,45,99.99999034215588,0.0
0.5,5.0,True,11,45,99.99998917235762,0.0
0.5,5.0,True,12,45,99.99995502956861,0.0
0.5,5.0,True,13,45,99.99996649968227,0.0
0.5,5.0,True,14,45,99.99996586942437,0.0
0.5,5.0,True,15,45,99.99996356911514,0.0
0.5,5.0,True,16,45,99.99995322147666,0.0
0.5,5.0,True,17,45,99.99993984620387,0.0
0.5,5.0,True,18,45,99.99993470271309,0.0
0.5,5.0,True,19,45,99.99998096371341,0.0
0.5,5.0,True,20,45,99.99997986391247,0.0
0.5,5.0,True,21,45,99.99998445392524,0.0
0.5,5.0,True,22,45,99.99998430823959,0.0
0.5,5.0,True,23,45,99.99998191623432,0.0
0.5,5.0,True,24,45,99.9999671032894,0.0
0.5,5.0,True,25,45,99.99999153638086,0.0
0.5,5.0,True,26,45,99.99996992523482,0.0
0.5,5.0,True,27,45,99.9999480731546,0.0
0.5,5.0,True,28,45,99.99994854339884,0.0
0.5,5.0,True,29,45,99.99994799881689,0.0
0.5,5.0,True,30,45,99.99994959772127,0.0
0.5,5.0,True,31,45,99.99997822227658,0.0
0.5,5.0,True,32,45,99.99997910951129,0.0
0.5,5.0,True,33,45,100.00000434062117,0.0
0.5,5.0,True,34,45,100.00001420432251,0.0
0.5,5.0,True,35,45,100.00002706419063,0.0
0.5,5.0,True,36,45,100.00001969201116,0.0
0.5,5.0,True,37,45,100.00002364955515,0.0
0.5,5.0,True,38,45,100.0000130717693,0.0
0.5,5.0,True,39,45,100.00001960162223,0.0
0.5,5.0,True,40,45,100.00001976080068,0.0
0.5,5.0,True,41,45,100.00002462335638,0.0
0.5,5.0,True,42,45,100.00002457492826,0.0
0.5,5.0,True,43,45,100.00002789290866,0.0
0.5,5.0,True,44,45,100.00002802650675,0.0
0.5,5.0,True,45,45,100.00002227342415,0.0
0.5,5.0,True,46,45,100.0000165928318,0.0
0.5,5.0,True,47,45,100.00001343890031,0.0
0.5,5.0,True,48,45,100.00001815562213,0.0
0.5,5.0,True,49,45,100.00001928944991,0.0
0.5,5.0,True,50,45,100.00001704138853,0.0
0.5,5.0,True,1,46,110.24247752625831,0.05
0.5,5.0,True,2,46,100.01312224588361,0.0
0.5,5.0,True,3,46,100.0000231236624,0.0
0.5,5.0,True,4,46,99.99997573107639,0.0
0.5,5.0,True,5,46,99.99999893594955,0.0
0.5,5.0,True,6,46,100.00001120926504,0.0
0.5,5.0,True,7,46,100.00000719342682,0.0
0.5,5.0,True,8,46,100.00001250905393,0.0
0.5,5.0,True,9,46,99.99996209416457,0.0
0.5,5.0,True,10,46,99.99996130180776,0.0
0.5,5.0,True,11,46,99.99996299139578,0.0
0.5,5.0,True,12,46,99.99996367936421,0.0
0.5,5.0,True,13,46,100.00000667365211,0.0
0.5,5.0,True,14,46,100.00003394751539,0.0
0.5,5.0,True,15,46,100.00003475964567,0.0
0.5,5.0,True,16,46,100.00003849114391,0.0
0.5,5.0,True,17,46,100.00003262732338,0.0
0.5,5.0,True,18,46,100.00002611085719,0.0
0.5,5.0,True,19,46,100.00003921269195,0.0
0.5,5.0,True,20,46,100.00003893291515,0.0
0.5,5.0,True,21,46,100.00002867422026,0.0
0.5,5.0,True,22,46,100.00002706987554,0.0
0.5,5.0,True,23,46,100.00002806421791,0.0
0.5,5.0,True,24,46,100.0000292922965,0.0
0.5,5.0,True,25,46,100.00002067035962,0.0
0.5,5.0,True,26,46,100.00002256367642,0.0
0.5,5.0,True,27,46,100.0000384214513,0.0
0.5,5.0,True,28,46,100.00003774648937,0.0
0.5,5.0,True,29,46,100.00003395861097,0.0
0.5,5.0,True,30,46,100.00003154760827,0.0
0.5,5.0,True,31,46,100.00001166041422,0.0
0.5,5.0,True,32,46,100.00001558415246,0.0
0.5,5.0,True,33,46,100.00000250112875,0.0
0.5,5.0,True,34,46,99.99998932511599,0.0
0.5,5.0,True,35,46,99.99998793713215,0.0
0.5,5.0,True,36,46,100.00000126791905,0.0
0.5,5.0,True,37,46,100.00003017667188,0.0
0.5,5.0,True,38,46,100.00001770835567,0.0
0.5,5.0,True,39,46,100.00002184084227,0.0
0.5,5.0,True,40,46,100.0000094236299,0.0
0.5,5.0,True,41,46,100.00000321777352,0.0
0.5,5.0,True,42,46,100.00000309076401,0.0
0.5,5.0,True,43,46,99.99999995687627,0.0
0.5,5.0,True,44,46,99.99999283227356,0.0
0.5,5.0,True,45,46,99.99999909873341,0.0
0.5,5.0,True,46,46,100.00000562880669,0.0
0.5,5.0,True,47,46,100.00000735825256,0.0
0.5,5.0,True,48,46,100.00000666781338,0.0
0.5,5.0,True,49,46,99.99999666529736,0.0
0.5,5.0,True,50,46,99.99999772884243,0.0
0.5,5.0,False,1,42,54.03321332925769,0.1
0.5,5.0,False,2,42,100.02121875085497,0.0
0.5,5.0,False,3,42,100.00007803809252,0.0
0.5,5.0,False,4,42,100.00007802061945,0.0
0.5,5.0,False,5,42,100.00003592490734,0.0
0.5,5.0,False,6,42,100.00008698195978,0.0
0.5,5.0,False,7,42,100.00008821779784,0.0
0.5,5.0,False,8,42,100.00007537892742,0.0
0.5,5.0,False,9,42,100.00006881664271,0.0
0.5,5.0,False,10,42,100.00001619731718,0.0
0.5,5.0,False,11,42,99.99999850011652,0.0
0.5,5.0,False,12,42,99.9999889856396,0.0
0.5,5.0,False,13,42,99.99998945947019,0.0
0.5,5.0,False,14,42,99.9999857489961,0.0
0.5,5.0,False,15,42,99.99998363145669,0.0
0.5,5.0,False,16,42,99.99998392734221,0.0
0.5,5.0,False,17,42,99.99997660779115,0.0
0.5,5.0,False,18,42,99.99998150724927,0.0
0.5,5.0,False,19,42,100.00000880643834,0.0
0.5,5.0,False,20,42,100.00001038598327,0.0
0.5,5.0,False,21,42,99.99999857991483,0.0
0.5,5.0,False,22,42,100.00000106796799,0.0
0.5,5.0,False,23,42,99.99998889353765,0.0
0.5,5.0,False,24,42,99.99998959732761,0.0
0.5,5.0,False,25,42,99.99999573661947,0.0
0.5,5.0,False,26,42,99.99999544892484,0.0
0.5,5.0,False,27,42,100.00000588688371,0.0
0.5,5.0,False,28,42,99.99998626706792,0.0
0.5,5.0,False,29,42,99.9999706670728,0.0
0.5,5.0,False,30,42,99.99996969174808,0.0
0.5,5.0,False,31,42,99.99996962203866,0.0
0.5,5.0,False,32,42,99.99996948490279,0.0
0.5,5.0,False,33,42,99.99996141355425,0.0
0.5,5.0,False,34,42,99.99994953575691,0.0
0.5,5.0,False,35,42,99.99996516698519,0.0
0.5,5.0,False,36,42,99.99998614663782,0.0
0.5,5.0,False,37,42,99.99998248449401,0.0
0.5,5.0,False,38,42,99.99996596488312,0.0
0.5,5.0,False,39,42,99.99997140960224,0.0
0.5,5.0,False,40,42,99.99998484885836,0.0
0.5,5.0,False,41,42,99.99998459326687,0.0
0.5,5.0,False,42,42,99.999984262006,0.0
0.5,5.0,False,43,42,99.99998818188443,0.0
0.5,5.0,False,44,42,99.99998385575326,0.0
0.5,5.0,False,45,42,99.99998401428692,0.0
0.5,5.0,False,46,42,99.99998296542888,0.0
0.5,5.0,False,47,42,99.99997448741954,0.0
0.5,5.0,False,48,42,99.99999886082517,0.0
0.5,5.0,False,49,42,99.99998354500414,0.0
0.5,5.0,False,50,42,99.9999833450101,0.0
0.5,5.0,False,1,43,54.016547428128966,0.1
0.5,5.0,False,2,43,100.01870632060997,0.0
0.5,5.0,False,3,43,100.00001847183248,0.0
0.5,5.0,False,4,43,100.00001980533771,0.0
0.5,5.0,False,5,43,100.00002736943011,0.0
0.5,5.0,False,6,43,100.00002477649288,0.0
0.5,5.0,False,7,43,100.00001840700875,0.0
0.5,5.0,False,8,43,100.00001154496269,0.0
0.5,5.0,False,9,43,100.00001098048223,0.0
0.5,5.0,False,10,43,99.99999608852843,0.0
0.5,5.0,False,11,43,99.99999654779539,0.0
0.5,5.0,False,12,43,100.0000221520414,0.0
0.5,5.0,False,13,43,100.00001152583812,0.0
0.5,5.0,False,14,43,100.00001150678008,0.0
0.5,5.0,False,15,43,100.0000025386326,0.0
0.5,5.0,False,16,43,100.0000101638264,0.0
0.5,5.0,False,17,43,100.00001884899481,0.0
0.5,5.0,False,18,43,100.00001777533973,0.0
0.5,5.0,False,19,43,100.00002417354122,0.0
0.5,5.0,False,20,43,100.00002615065048,0.0
0.5,5.0,False,21,43,99.99997956029597,0.0
0.5,5.0,False,22,43,99.99997587357765,0.0
0.5,5.0,False,23,43,99.99997943001563,0.0
0.5,5.0,False,24,43,99.9999783062977,0.0
0.5,5.0,False,25,43,99.99997951404836,0.0
0.5,5.0,False,26,43,99.9999752983156,0.0
0.5,5.0,False,27,43,99.99997886675519,0.0
0.5,5.0,False,28,43,99.99997558848816,0.0
0.5,5.0,False,29,43,99.9999787673858,0.0
0.5,5.0,False,30,43,99.99999034240483,0.0
0.5,5.0,False,31,43,100.00000010875236,0.0
0.5,5.0,False,32,43,99.99999686741359,0.0
0.5,5.0,False,33,43,100.00000554073986,0.0
0.5,5.0,False,34,43,100.00000504344983,0.0
0.5,5.0,False,35,43,99.99999171596312,0.0
0.5,5.0,False,36,43,99.99999362846543,0.0
0.5,5.0,False,37,43,99.99999867289597,0.0
0.5,5.0,False,38,43,99.99999794840494,0.0
0.5,5.0,False,39,43,99.99999766036082,0.0
0.5,5.0,False,40,43,99.99999808316733,0.0
0.5,5.0,False,41,43,99.99998699535021,0.0
0.5,5.0,False,42,43,99.9999943347438,0.0
0.5,5.0,False,43,43,99.99999708103935,0.0
0.5,5.0,False,44,43,99.99999876692189,0.0
0.5,5.0,False,45,43,99.99999880364948,0.0
0.5,5.0,False,46,43,99.99999960757728,0.0
0.5,5.0,False,47,43,100.00000325207729,0.0
0.5,5.0,False,48,43,99.99999855273563,0.0
0.5,5.0,False,49,43,99.99998561485958,0.0
0.5,5.0,False,50,43,99.99998759684107,0.0
0.5,5.0,False,1,44,54.081065954753285,0.1
0.5,5.0,False,2,44,100.02035784542238,0.0
0.5,5.0,False,3,44,99.99977783359442,0.0
0.5,5.0,False,4,44,99.99978546866143,0.0
0.5,5.0,False,5,44,99.99983190535607,0.0
0.5,5.0,False,6,44,99.999861516324,0.0
0.5,5.0,False,7,44,99.99985532903943,0.0
0.5,5.0,False,8,44,99.99986834263538,0.0
0.5,5.0,False,9,44,99.99987481485685,0.0
0.5,5.0,False,10,44,99.99991043260414,0.0
0.5,5.0,False,11,44,99.9999202880727,0.0
0.5,5.0,False,12,44,99.99996300180534,0.0
0.5,5.0,False,13,44,99.9999717168267,0.0
0.5,5.0,False,14,44,99.99993242838374,0.0
0.5,5.0,False,15,44,99.99992326282346,0.0
0.5,5.0,False,16,44,99.99993821820232,0.0
0.5,5.0,False,17,44,99.99998537433666,0.0
0.5,5.0,False,18,44,100.00002590266696,0.0
0.5,5.0,False,19,44,100.0000261189758,0.0
0.5,5.0,False,20,44,100.00001759673606,0.0
0.5,5.0,False,21,44,100.00002091570789,0.0
0.5,5.0,False,22,44,100.00001608958644,0.0
0.5,5.0,False,23,44,99.99997723176547,0.0
0.5,5.0,False,24,44,99.99996936870596,0.0
0.5,5.0,False,25,44,99.99996584930881,0.0
0.5,5.0,False,26,44,99.99996794228399,0.0
0.5,5.0,False,27,44,99.99995871151143,0.0
0.5,5.0,False,28,44,99.9999696590962,0.0
0.5,5.0,False,29,44,99.99997615742463,0.0
0.5,5.0,False,30,44,99.99997028964528,0.0
0.5,5.0,False,31,44,99.99996958219207,0.0
0.5,5.0,False,32,44,99.99996818121201,0.0
0.5,5.0,False,33,44,99.9999799425193,0.0
0.5,5.0,False,34,44,99.9999886244058,0.0
0.5,5.0,False,35,44,99.9999844191217,0.0
0.5,5.0,False,36,44,99.99998170222318,0.0
0.5,5.0,False,37,44,99.99999439926029,0.0
0.5,5.0,False,38,44,99.99999449959606,0.0
0.5,5.0,False,39,44,99.99999548370673,0.0
0.5,5.0,False,40,44,100.00000173786364,0.0
0.5,5.0,False,41,44,100.00000296843507,0.0
0.5,5.0,False,42,44,100.00000867580897,0.0
0.5,5.0,False,43,44,100.00000947065813,0.0
0.5,5.0,False,44,44,100.00000926503233,0.0
0.5,5.0,False,45,44,100.00000929127296,0.0
0.5,5.0,False,46,44,100.00000609377769,0.0
0.5,5.0,False,47,44,100.00001027609258,0.0
0.5,5.0,False,48,44,100.00000166104618,0.0
0.5,5.0,False,49,44,100.00000555714699,0.0
0.5,5.0,False,50,44,100.00001364291174,0.0
0.5,5.0,False,1,45,54.04897834948663,0.1
0.5,5.0,False,2,45,100.01654368823955,0.0
0.5,5.0,False,3,45,100.0000551631635,0.0
0.5,5.0,False,4,45,99.9999869422707,0.0
0.5,5.0,False,5,45,100.0000107490252,0.0
0.5,5.0,False,6,45,99.99999844395259,0.0
0.5,5.0,False,7,45,99.99999850167112,0.0
0.5,5.0,False,8,45,100.00001270456937,0.0
0.5,5.0,False,9,45,100.00001816131635,0.0
0.5,5.0,False,10,45,99.99997596695647,0.0
0.5,5.0,False,11,45,99.99997369610367,0.0
0.5,5.0,False,12,45,99.99993642364217,0.0
0.5,5.0,False,13,45,99.99995052041095,0.0
0.5,5.0,False,14,45,99.99995044976043,0.0
0.5,5.0,False,15,45,99.9999428201287,0.0
0.5,5.0,False,16,45,99.99995650085454,0.0
0.5,5.0,False,17,45,99.99996979903801,0.0
0.5,5.0,False,18,45,99.99995753551092,0.0
0.5,5.0,False,19,45,99.99996079352425,0.0
0.5,5.0,False,20,45,99.99998170225315,0.0
0.5,5.0,False,21,45,99.99997830944196,0.0
0.5,5.0,False,22,45,99.99998371934637,0.0
0.5,5.0,False,23,45,99.99998207537632,0.0
0.5,5.0,False,24,45,99.99996814036355,0.0
0.5,5.0,False,25,45,99.99998446817123,0.0
0.5,5.0,False,26,45,99.9999539897256,0.0
0.5,5.0,False,27,45,99.99994052975657,0.0
0.5,5.0,False,28,45,99.99994103450993,0.0
0.5,5.0,False,29,45,99.99994185770487,0.0
0.5,5.0,False,30,45,99.99994403747004,0.0
0.5,5.0,False,31,45,99.99997819314376,0.0
0.5,5.0,False,32,45,99.9999977498773,0.0
0.5,5.0,False,33,45,100.0000040313592,0.0
0.5,5.0,False,34,45,100.00002105326917,0.0
0.5,5.0,False,35,45,100.00002654904273,0.0
0.5,5.0,False,36,45,100.00002218173154,0.0
0.5,5.0,False,37,45,100.00002231347375,0.0
0.5,5.0,False,38,45,100.0000035943794,0.0
0.5,5.0,False,39,45,100.0000139247054,0.0
0.5,5.0,False,40,45,100.00001378788758,0.0
0.5,5.0,False,41,45,100.00002631356732,0.0
0.5,5.0,False,42,45,100.00002624287839,0.0
0.5,5.0,False,43,45,100.00003105254268,0.0
0.5,5.0,False,44,45,100.00003714602096,0.0
0.5,5.0,False,45,45,100.00003307827825,0.0
0.5,5.0,False,46,45,100.00002315034072,0.0
0.5,5.0,False,47,45,100.00002284069828,0.0
0.5,5.0,False,48,45,100.0000272819513,0.0
0.5,5.0,False,49,45,100.00003575589233,0.0
0.5,5.0,False,50,45,100.00003393359862,0.0
0.5,5.0,False,1,46,54.040557331401864,0.1
0.5,5.0,False,2,46,100.01759387727924,0.0
0.5,5.0,False,3,46,100.00000651332127,0.0
0.5,5.0,False,4,46,99.99995875817277,0.0
0.5,5.0,False,5,46,99.99997768987068,0.0
0.5,5.0,False,6,46,100.00000087675215,0.0
0.5,5.0,False,7,46,99.99999256941564,0.0
0.5,5.0,False,8,46,99.99999390425202,0.0
0.5,5.0,False,9,46,99.99998020157054,0.0
0.5,5.0,False,10,46,99.999979343739,0.0
0.5,5.0,False,11,46,99.99997480614985,0.0
0.5,5.0,False,12,46,99.99997424709525,0.0
0.5,5.0,False,13,46,100.00002103784766,0.0
0.5,5.0,False,14,46,100.00004156921506,0.0
0.5,5.0,False,15,46,100.00005820491285,0.0
0.5,5.0,False,16,46,100.00006431533944,0.0
0.5,5.0,False,17,46,100.00006187684613,0.0
0.5,5.0,False,18,46,100.00005906701249,0.0
0.5,5.0,False,19,46,100.00005881565218,0.0
0.5,5.0,False,20,46,100.00005700235519,0.0
0.5,5.0,False,21,46,100.00004250278616,0.0
0.5,5.0,False,22,46,100.00004072707699,0.0
0.5,5.0,False,23,46,100.00004558116657,0.0
0.5,5.0,False,24,46,100.00004869218212,0.0
0.5,5.0,False,25,46,100.00004414857058,0.0
0.5,5.0,False,26,46,100.00004110305963,0.0
0.5,5.0,False,27,46,100.00005739984258,0.0
0.5,5.0,False,28,46,100.00005870885295,0.0
0.5,5.0,False,29,46,100.00005288853856,0.0
0.5,5.0,False,30,46,100.00005633285025,0.0
0.5,5.0,False,31,46,100.0000415015867,0.0
0.5,5.0,False,32,46,100.0000364962473,0.0
0.5,5.0,False,33,46,100.00001504400953,0.0
0.5,5.0,False,34,46,99.99999841069578,0.0
0.5,5.0,False,35,46,99.99999718510658,0.0
0.5,5.0,False,36,46,100.00000672386743,0.0
0.5,5.0,False,37,46,100.00003385746237,0.0
0.5,5.0,False,38,46,100.00003286818946,0.0
0.5,5.0,False,39,46,100.00003206859913,0.0
0.5,5.0,False,40,46,100.00002041448413,0.0
0.5,5.0,False,41,46,100.00002775558218,0.0
0.5,5.0,False,42,46,100.00002469552408,0.0
0.5,5.0,False,43,46,100.00001550889203,0.0
0.5,5.0,False,44,46,100.00001062987894,0.0
0.5,5.0,False,45,46,100.00001567478378,0.0
0.5,5.0,False,46,46,100.00001588753382,0.0
0.5,5.0,False,47,46,100.00001130475246,0.0
0.5,5.0,False,48,46,100.00001069351518,0.0
0.5,5.0,False,49,46,99.99999872403058,0.0
0.5,5.0,False,50,46,99.9999956934166,0.0
0.5,10.0,True,1,42,76.51120856188129,0.1
0.5,10.0,True,2,42,100.01615817368605,0.0
0.5,10.0,True,3,42,100.00013278031643,0.0
0.5,10.0,True,4,42,100.00013235389545,0.0
0.5,10.0,True,5,42,100.00008731656493,0.0
0.5,10.0,True,6,42,100.0001192069899,0.0
0.5,10.0,True,7,42,100.00012788879708,0.0
0.5,10.0,True,8,42,100.0001138683829,0.0
0.5,10.0,True,9,42,100.00009689391561,0.0
0.5,10.0,True,10,42,100.000051088361,0.0
0.5,10.0,True,11,42,100.00004087623401,0.0
0.5,10.0,True,12,42,100.00003023102894,0.0
0.5,10.0,True,13,42,100.00003018311153,0.0
0.5,10.0,True,14,42,100.0000259752316,0.0
0.5,10.0,True,15,42,100.00002670282211,0.0
0.5,10.0,True,16,42,100.00002247105789,0.0
0.5,10.0,True,17,42,100.00002403924798,0.0
0.5,10.0,True,18,42,100.00001538862672,0.0
0.5,10.0,True,19,42,100.00005002358635,0.0
0.5,10.0,True,20,42,100.00004985831949,0.0
0.5,10.0,True,21,42,100.00003850188699,0.0
0.5,10.0,True,22,42,100.00004056151657,0.0
0.5,10.0,True,23,42,100.00002889995868,0.0
0.5,10.0,True,24,42,100.00002960040311,0.0
0.5,10.0,True,25,42,100.0000437002724,0.0
0.5,10.0,True,26,42,100.00004107232596,0.0
0.5,10.0,True,27,42,100.00004506589384,0.0
0.5,10.0,True,28,42,100.00002513456968,0.0
0.5,10.0,True,29,42,100.00002416247887,0.0
0.5,10.0,True,30,42,100.00000032619961,0.0
0.5,10.0,True,31,42,100.00000347617703,0.0
0.5,10.0,True,32,42,100.00000326030991,0.0
0.5,10.0,True,33,42,99.99998510245523,0.0
0.5,10.0,True,34,42,99.99998649755918,0.0
0.5,10.0,True,35,42,99.99999706424373,0.0
0.5,10.0,True,36,42,99.99999974949884,0.0
0.5,10.0,True,37,42,100.00002488226745,0.0
0.5,10.0,True,38,42,99.99999127848831,0.0
0.5,10.0,True,39,42,99.9999879756442,0.0
0.5,10.0,True,40,42,99.99999776513323,0.0
0.5,10.0,True,41,42,99.99999618879085,0.0
0.5,10.0,True,42,42,99.99999733331549,0.0
0.5,10.0,True,43,42,99.99999744321698,0.0
0.5,10.0,True,44,42,99.99999020025818,0.0
0.5,10.0,True,45,42,99.99998780430144,0.0
0.5,10.0,True,46,42,99.9999881752579,0.0
0.5,10.0,True,47,42,99.99999288640376,0.0
0.5,10.0,True,48,42,99.99999672390754,0.0
0.5,10.0,True,49,42,99.99998057732317,0.0
0.5,10.0,True,50,42,99.9999807215115,0.0
0.5,10.0,True,1,43,76.5271199403939,0.1
0.5,10.0,True,2,43,100.0137382180193,0.0
0.5,10.0,True,3,43,100.0000137030708,0.0
0.5,10.0,True,4,43,100.00001606509514,0.0
0.5,10.0,True,5,43,100.0000236293327,0.0
0.5,10.0,True,6,43,100.00001205079195,0.0
0.5,10.0,True,7,43,100.00001864900645,0.0
0.5,10.0,True,8,43,99.9999961022088,0.0
0.5,10.0,True,9,43,99.99999543661897,0.0
0.5,10.0,True,10,43,99.99999545277223,0.0
0.5,10.0,True,11,43,100.00000601497702,0.0
0.5,10.0,True,12,43,100.00002375956034,0.0
0.5,10.0,True,13,43,100.0000166755005,0.0
0.5,10.0,True,14,43,100.00001622263147,0.0
0.5,10.0,True,15,43,100.00001292955656,0.0
0.5,10.0,True,16,43,100.0000104225349,0.0
0.5,10.0,True,17,43,100.00002124489782,0.0
0.5,10.0,True,18,43,100.00002068423149,0.0
0.5,10.0,True,19,43,100.0000224945577,0.0
0.5,10.0,True,20,43,100.00002913908628,0.0
0.5,10.0,True,21,43,99.99998355846265,0.0
0.5,10.0,True,22,43,99.99997990812346,0.0
0.5,10.0,True,23,43,99.99998312798229,0.0
0.5,10.0,True,24,43,99.99998294964766,0.0
0.5,10.0,True,25,43,99.99997886989158,0.0
0.5,10.0,True,26,43,99.99997911057841,0.0
0.5,10.0,True,27,43,99.99998360029318,0.0
0.5,10.0,True,28,43,99.99997951521524,0.0
0.5,10.0,True,29,43,99.99998543780026,0.0
0.5,10.0,True,30,43,99.99999634828,0.0
0.5,10.0,True,31,43,100.00000320994477,0.0
0.5,10.0,True,32,43,99.9999992535643,0.0
0.5,10.0,True,33,43,100.0000104939794,0.0
0.5,10.0,True,34,43,100.00001004224629,0.0
0.5,10.0,True,35,43,99.99999922658056,0.0
0.5,10.0,True,36,43,99.99999678855482,0.0
0.5,10.0,True,37,43,100.00000124564443,0.0
0.5,10.0,True,38,43,100.00000118872322,0.0
0.5,10.0,True,39,43,100.00000441649291,0.0
0.5,10.0,True,40,43,99.99999893119109,0.0
0.5,10.0,True,41,43,99.99998072961023,0.0
0.5,10.0,True,42,43,99.99999785013898,0.0
0.5,10.0,True,43,43,99.99999547457836,0.0
0.5,10.0,True,44,43,99.99999568469266,0.0
0.5,10.0,True,45,43,100.00000391702304,0.0
0.5,10.0,True,46,43,100.00000670265213,0.0
0.5,10.0,True,47,43,100.00000436676356,0.0
0.5,10.0,True,48,43,100.00000090842468,0.0
0.5,10.0,True,49,43,99.99998456332446,0.0
0.5,10.0,True,50,43,99.99998962692968,0.0
0.5,10.0,True,1,44,76.49504695878916,0.1
0.5,10.0,True,2,44,100.0151519796185,0.0
0.5,10.0,True,3,44,99.99973904564021,0.0
0.5,10.0,True,4,44,99.99973966615252,0.0
0.5,10.0,True,5,44,99.99980371199443,0.0
0.5,10.0,True,6,44,99.99983058259605,0.0
0.5,10.0,True,7,44,99.99982701079666,0.0
0.5,10.0,True,8,44,99.99982731007432,0.0
0.5,10.0,True,9,44,99.9998346052093,0.0
0.5,10.0,True,10,44,99.99985982345072,0.0
0.5,10.0,True,11,44,99.99985964552508,0.0
0.5,10.0,True,12,44,99.99993003201726,0.0
0.5,10.0,True,13,44,99.99994539687961,0.0
0.5,10.0,True,14,44,99.99992577796266,0.0
0.5,10.0,True,15,44,99.99989447376433,0.0
0.5,10.0,True,16,44,99.99992110033679,0.0
0.5,10.0,True,17,44,99.99995781471019,0.0
0.5,10.0,True,18,44,99.99998310993455,0.0
0.5,10.0,True,19,44,99.9999914911003,0.0
0.5,10.0,True,20,44,99.99999038645889,0.0
0.5,10.0,True,21,44,99.99999269992374,0.0
0.5,10.0,True,22,44,99.99998807407448,0.0
0.5,10.0,True,23,44,99.99996309897762,0.0
0.5,10.0,True,24,44,99.99995309124961,0.0
0.5,10.0,True,25,44,99.999950852951,0.0
0.5,10.0,True,26,44,99.99995792044876,0.0
0.5,10.0,True,27,44,99.99996188098903,0.0
0.5,10.0,True,28,44,99.99993589152265,0.0
0.5,10.0,True,29,44,99.99993591312307,0.0
0.5,10.0,True,30,44,99.99995555370857,0.0
0.5,10.0,True,31,44,99.99995601832842,0.0
0.5,10.0,True,32,44,99.99995590929834,0.0
0.5,10.0,True,33,44,99.99996836813835,0.0
0.5,10.0,True,34,44,99.99997379057123,0.0
0.5,10.0,True,35,44,99.99996863308654,0.0
0.5,10.0,True,36,44,99.99996654921813,0.0
0.5,10.0,True,37,44,99.99997930633587,0.0
0.5,10.0,True,38,44,99.9999794835506,0.0
0.5,10.0,True,39,44,99.99998184169854,0.0
0.5,10.0,True,40,44,99.99996804499438,0.0
0.5,10.0,True,41,44,99.999986702299,0.0
0.5,10.0,True,42,44,99.99998926527286,0.0
0.5,10.0,True,43,44,99.99999727244676,0.0
0.5,10.0,True,44,44,99.99999844560529,0.0
0.5,10.0,True,45,44,99.99999776191427,0.0
0.5,10.0,True,46,44,99.99999530974735,0.0
0.5,10.0,True,47,44,100.00000305923442,0.0
0.5,10.0,True,48,44,99.99999434860419,0.0
0.5,10.0,True,49,44,100.00000033438852,0.0
0.5,10.0,True,50,44,100.00000025946588,0.0
0.5,10.0,True,1,45,76.49937921919573,0.1
0.5,10.0,True,2,45,100.01174973549124,0.0
0.5,10.0,True,3,45,100.00006935914999,0.0
0.5,10.0,True,4,45,100.00000166040579,0.0
0.5,10.0,True,5,45,100.00002313279265,0.0
0.5,10.0,True,6,45,100.00001024948308,0.0
0.5,10.0,True,7,45,100.00001088106777,0.0
0.5,10.0,True,8,45,100.00001613539435,0.0
0.5,10.0,True,9,45,100.00002821542236,0.0
0.5,10.0,True,10,45,99.99999034955167,0.0
0.5,10.0,True,11,45,99.99998916433006,0.0
0.5,10.0,True,12,45,99.99995503526051,0.0
0.5,10.0,True,13,45,99.99996649537744,0.0
0.5,10.0,True,14,45,99.9999658650231,0.0
0.5,10.0,True,15,45,99.99996356816726,0.0
0.5,10.0,True,16,45,99.99995320501006,0.0
0.5,10.0,True,17,45,99.99993986139594,0.0
0.5,10.0,True,18,45,99.99993467763608,0.0
0.5,10.0,True,19,45,99.99998096952822,0.0
0.5,10.0,True,20,45,99.99997987363162,0.0
0.5,10.0,True,21,45,99.99998445488214,0.0
0.5,10.0,True,22,45,99.99998430809862,0.0
0.5,10.0,True,23,45,99.99998191260995,0.0
0.5,10.0,True,24,45,99.99996710373227,0.0
0.5,10.0,True,25,45,99.99999154390483,0.0
0.5,10.0,True,26,45,99.99996993087301,0.0
0.5,10.0,True,27,45,99.99994807633851,0.0
0.5,10.0,True,28,45,99.99994854352335,0.0
0.5,10.0,True,29,45,99.99994799860544,0.0
0.5,10.0,True,30,45,99.99994960369415,0.0
0.5,10.0,True,31,45,99.99997821739115,0.0
0.5,10.0,True,32,45,99.9999790973335,0.0
0.5,10.0,True,33,45,100.0000043262176,0.0
0.5,10.0,True,34,45,100.00001418630882,0.0
0.5,10.0,True,35,45,100.00002706666038,0.0
0.5,10.0,True,36,45,100.00001969464216,0.0
0.5,10.0,True,37,45,100.0000236553509,0.0
0.5,10.0,True,38,45,100.0000130583827,0.0
0.5,10.0,True,39,45,100.00001959500297,0.0
0.5,10.0,True,40,45,100.0000197603436,0.0
0.5,10.0,True,41,45,100.00002462057753,0.0
0.5,10.0,True,42,45,100.00002457092975,0.0
0.5,10.0,True,43,45,100.00002789051815,0.0
0.5,10.0,True,44,45,100.00002802486682,0.0
0.5,10.0,True,45,45,100.00002227401153,0.0
0.5,10.0,True,46,45,100.00001659164292,0.0
0.5,10.0,True,47,45,100.00001343094237,0.0
0.5,10.0,True,48,45,100.00001816463404,0.0
0.5,10.0,True,49,45,100.0000192956922,0.0
0.5,10.0,True,50,45,100.00001704769821,0.0
0.5,10.0,True,1,46,76.49518342975318,0.1
0.5,10.0,True,2,46,100.01300269541514,0.0
0.5,10.0,True,3,46,100.00002311693962,0.0
0.5,10.0,True,4,46,99.99997572865855,0.0
0.5,10.0,True,5,46,99.99999893451178,0.0
0.5,10.0,True,6,46,100.00001120592466,0.0
0.5,10.0,True,7,46,100.00000719000536,0.0
0.5,10.0,True,8,46,100.00001250439024,0.0
0.5,10.0,True,9,46,99.99996209117397,0.0
0.5,10.0,True,10,46,99.99996129207956,0.0
0.5,10.0,True,11,46,99.99996298377116,0.0
0.5,10.0,True,12,46,99.99996367065575,0.0
0.5,10.0,True,13,46,100.0000066717991,0.0
0.5,10.0,True,14,46,100.00003397065328,0.0
0.5,10.0,True,15,46,100.0000347667625,0.0
0.5,10.0,True,16,46,100.00003850857343,0.0
0.5,10.0,True,17,46,100.00003263617265,0.0
0.5,10.0,True,18,46,100.00002612870357,0.0
0.5,10.0,True,19,46,100.00003921381148,0.0
0.5,10.0,True,20,46,100.0000389278857,0.0
0.5,10.0,True,21,46,100.00002868085588,0.0
0.5,10.0,True,22,46,100.00002707246654,0.0
0.5,10.0,True,23,46,100.00002806063999,0.0
0.5,10.0,True,24,46,100.00002929269468,0.0
0.5,10.0,True,25,46,100.00002067605968,0.0
0.5,10.0,True,26,46,100.00002257060181,0.0
0.5,10.0,True,27,46,100.00003842749878,0.0
0.5,10.0,True,28,46,100.00003775284442,0.0
0.5,10.0,True,29,46,100.00003396478755,0.0
0.5,10.0,True,30,46,100.00003155236364,0.0
0.5,10.0,True,31,46,100.00001166853772,0.0
0.5,10.0,True,32,46,100.00001559985682,0.0
0.5,10.0,True,33,46,100.00000250483347,0.0
0.5,10.0,True,34,46,99.99998933252199,0.0
0.5,10.0,True,35,46,99.99998793493987,0.0
0.5,10.0,True,36,46,100.00000127970112,0.0
0.5,10.0,True,37,46,100.0000301905643,0.0
0.5,10.0,True,38,46,100.0000177116542,0.0
0.5,10.0,True,39,46,100.00002185276423,0.0
0.5,10.0,True,40,46,100.00000943319549,0.0
0.5,10.0,True,41,46,100.00000325029214,0.0
0.5,10.0,True,42,46,100.00000312469373,0.0
0.5,10.0,True,43,46,99.9999999818128,0.0
0.5,10.0,True,44,46,99.99999284514372,0.0
0.5,10.0,True,45,46,99.99999911363503,0.0
0.5,10.0,True,46,46,100.00000563489151,0.0
0.5,10.0,True,47,46,100.00000736398619,0.0
0.5,10.0,True,48,46,100.0000066696876,0.0
0.5,10.0,True,49,46,99.99999666503456,0.0
0.5,10.0,True,50,46,99.99999773321257,0.0
0.5,10.0,False,1,42,14.84282094912471,0.3
0.5,10.0,False,2,42,100.02123833108459,0.0
0.5,10.0,False,3,42,100.0000780650935,0.0
0.5,10.0,False,4,42,100.000078047528,0.0
0.5,10.0,False,5,42,100.00003594936565,0.0
0.5,10.0,False,6,42,100.00008700227977,0.0
0.5,10.0,False,7,42,100.00008824271859,0.0
0.5,10.0,False,8,42,100.00007545346786,0.0
0.5,10.0,False,9,42,100.00006883934363,0.0
0.5,10.0,False,10,42,100.00001621793928,0.0
0.5,10.0,False,11,42,99.99999852679636,0.0
0.5,10.0,False,12,42,99.99998901002974,0.0
0.5,10.0,False,13,42,99.99998948438595,0.0
0.5,10.0,False,14,42,99.99998577646838,0.0
0.5,10.0,False,15,42,99.99998365604466,0.0
0.5,10.0,False,16,42,99.99998395473796,0.0
0.5,10.0,False,17,42,99.99997663290797,0.0
0.5,10.0,False,18,42,99.99998150027272,0.0
0.5,10.0,False,19,42,100.0000088366534,0.0
0.5,10.0,False,20,42,100.00001040726707,0.0
0.5,10.0,False,21,42,99.99999859899896,0.0
0.5,10.0,False,22,42,100.00000108586288,0.0
0.5,10.0,False,23,42,99.99998891241393,0.0
0.5,10.0,False,24,42,99.99998961506046,0.0
0.5,10.0,False,25,42,99.99999575405928,0.0
0.5,10.0,False,26,42,99.99999546555837,0.0
0.5,10.0,False,27,42,100.00000590621042,0.0
0.5,10.0,False,28,42,99.99998627847839,0.0
0.5,10.0,False,29,42,99.99997069467616,0.0
0.5,10.0,False,30,42,99.99996970350338,0.0
0.5,10.0,False,31,42,99.99996963743094,0.0
0.5,10.0,False,32,42,99.99996949995368,0.0
0.5,10.0,False,33,42,99.99996141101934,0.0
0.5,10.0,False,34,42,99.99994954879577,0.0
0.5,10.0,False,35,42,99.99996518526065,0.0
0.5,10.0,False,36,42,99.99998615824471,0.0
0.5,10.0,False,37,42,99.99998251099494,0.0
0.5,10.0,False,38,42,99.99996597479955,0.0
0.5,10.0,False,39,42,99.9999714150947,0.0
0.5,10.0,False,40,42,99.99998485434915,0.0
0.5,10.0,False,41,42,99.9999845971535,0.0
0.5,10.0,False,42,42,99.99998426556108,0.0
0.5,10.0,False,43,42,99.9999881822043,0.0
0.5,10.0,False,44,42,99.99998385766808,0.0
0.5,10.0,False,45,42,99.99998401615564,0.0
0.5,10.0,False,46,42,99.99998296586679,0.0
0.5,10.0,False,47,42,99.9999744889503,0.0
0.5,10.0,False,48,42,99.99999886132865,0.0
0.5,10.0,False,49,42,99.9999835474055,0.0
0.5,10.0,False,50,42,99.9999833472491,0.0
0.5,10.0,False,1,43,14.899929329897743,0.35
0.5,10.0,False,2,43,100.01872447385799,0.0
0.5,10.0,False,3,43,100.00001847942823,0.0
0.5,10.0,False,4,43,100.00001981298513,0.0
0.5,10.0,False,5,43,100.00002737816635,0.0
0.5,10.0,False,6,43,100.00002478507972,0.0
0.5,10.0,False,7,43,100.00001839080656,0.0
0.5,10.0,False,8,43,100.0000115413928,0.0
0.5,10.0,False,9,43,100.0000109765788,0.0
0.5,10.0,False,10,43,99.9999960883909,0.0
0.5,10.0,False,11,43,99.99999655049972,0.0
0.5,10.0,False,12,43,100.00002215149364,0.0
0.5,10.0,False,13,43,100.00001152185649,0.0
0.5,10.0,False,14,43,100.00001150244586,0.0
0.5,10.0,False,15,43,100.00000253361739,0.0
0.5,10.0,False,16,43,100.00001016154587,0.0
0.5,10.0,False,17,43,100.00001884538646,0.0
0.5,10.0,False,18,43,100.00001777565498,0.0
0.5,10.0,False,19,43,100.00002417203712,0.0
0.5,10.0,False,20,43,100.00002614908689,0.0
0.5,10.0,False,21,43,99.99997955847832,0.0
0.5,10.0,False,22,43,99.99997587190987,0.0
0.5,10.0,False,23,43,99.9999794293131,0.0
0.5,10.0,False,24,43,99.99997830597295,0.0
0.5,10.0,False,25,43,99.9999795140794,0.0
0.5,10.0,False,26,43,99.99997530152243,0.0
0.5,10.0,False,27,43,99.99997886776197,0.0
0.5,10.0,False,28,43,99.99997558940655,0.0
0.5,10.0,False,29,43,99.99997876680405,0.0
0.5,10.0,False,30,43,99.99999034995656,0.0
0.5,10.0,False,31,43,100.00000012051537,0.0
0.5,10.0,False,32,43,99.99999687971551,0.0
0.5,10.0,False,33,43,100.00000553609429,0.0
0.5,10.0,False,34,43,100.00000503842874,0.0
0.5,10.0,False,35,43,99.99999171015301,0.0
0.5,10.0,False,36,43,99.99999362517306,0.0
0.5,10.0,False,37,43,99.99999866840339,0.0
0.5,10.0,False,38,43,99.99999794412113,0.0
0.5,10.0,False,39,43,99.99999766043777,0.0
0.5,10.0,False,40,43,99.99999807955344,0.0
0.5,10.0,False,41,43,99.99998699962049,0.0
0.5,10.0,False,42,43,99.99999433133159,0.0
0.5,10.0,False,43,43,99.99999707510844,0.0
0.5,10.0,False,44,43,99.99999876139627,0.0
0.5,10.0,False,45,43,99.99999879741438,0.0
0.5,10.0,False,46,43,99.99999960256744,0.0
0.5,10.0,False,47,43,100.00000325209808,0.0
0.5,10.0,False,48,43,99.99999854564882,0.0
0.5,10.0,False,49,43,99.99998561038626,0.0
0.5,10.0,False,50,43,99.99998754688869,0.0
0.5,10.0,False,1,44,14.914096107354542,0.35
0.5,10.0,False,2,44,100.02037718311792,0.0
0.5,10.0,False,3,44,99.99977784114604,0.0
0.5,10.0,False,4,44,99.99978547417759,0.0
0.5,10.0,False,5,44,99.99983190868144,0.0
0.5,10.0,False,6,44,99.99986152507624,0.0
0.5,10.0,False,7,44,99.99985533665603,0.0
0.5,10.0,False,8,44,99.99986836181584,0.0
0.5,10.0,False,9,44,99.99987480390242,0.0
0.5,10.0,False,10,44,99.99991043417053,0.0
0.5,10.0,False,11,44,99.99992031933246,0.0
0.5,10.0,False,12,44,99.99996299755452,0.0
0.5,10.0,False,13,44,99.99997170079632,0.0
0.5,10.0,False,14,44,99.9999324010698,0.0
0.5,10.0,False,15,44,99.9999232564395,0.0
0.5,10.0,False,16,44,99.99993826304396,0.0
0.5,10.0,False,17,44,99.99998538097557,0.0
0.5,10.0,False,18,44,100.00002590017309,0.0
0.5,10.0,False,19,44,100.00002612062355,0.0
0.5,10.0,False,20,44,100.00001760406887,0.0
0.5,10.0,False,21,44,100.00002092028114,0.0
0.5,10.0,False,22,44,100.00001608723247,0.0
0.5,10.0,False,23,44,99.99997723555431,0.0
0.5,10.0,False,24,44,99.99996937470189,0.0
0.5,10.0,False,25,44,99.99996585640243,0.0
0.5,10.0,False,26,44,99.99996794744428,0.0
0.5,10.0,False,27,44,99.99995870700921,0.0
0.5,10.0,False,28,44,99.99996968890217,0.0
0.5,10.0,False,29,44,99.99997613022404,0.0
0.5,10.0,False,30,44,99.99997030350085,0.0
0.5,10.0,False,31,44,99.99996959743987,0.0
0.5,10.0,False,32,44,99.99996819528928,0.0
0.5,10.0,False,33,44,99.99997995660613,0.0
0.5,10.0,False,34,44,99.99998863902314,0.0
0.5,10.0,False,35,44,99.99998443890317,0.0
0.5,10.0,False,36,44,99.99998172170409,0.0
0.5,10.0,False,37,44,99.99999441833712,0.0
0.5,10.0,False,38,44,99.99999451951305,0.0
0.5,10.0,False,39,44,99.99999550536313,0.0
0.5,10.0,False,40,44,100.00000172772218,0.0
0.5,10.0,False,41,44,100.00000297658971,0.0
0.5,10.0,False,42,44,100.00000868909436,0.0
0.5,10.0,False,43,44,100.00000948010677,0.0
0.5,10.0,False,44,44,100.00000927392355,0.0
0.5,10.0,False,45,44,100.00000930068722,0.0
0.5,10.0,False,46,44,100.00000609926997,0.0
0.5,10.0,False,47,44,100.00001028119917,0.0
0.5,10.0,False,48,44,100.00000166937241,0.0
0.5,10.0,False,49,44,100.0000055691666,0.0
0.5,10.0,False,50,44,100.00001365612532,0.0
0.5,10.0,False,1,45,14.865019799403038,0.35
0.5,10.0,False,2,45,100.01656539545212,0.0
0.5,10.0,False,3,45,100.00005516970408,0.0
0.5,10.0,False,4,45,99.99998694548722,0.0
0.5,10.0,False,5,45,100.00001075207743,0.0
0.5,10.0,False,6,45,99.99999844259492,0.0
0.5,10.0,False,7,45,99.99999849980341,0.0
0.5,10.0,False,8,45,100.00001273486629,0.0
0.5,10.0,False,9,45,100.00001816240308,0.0
0.5,10.0,False,10,45,99.99997596636356,0.0
0.5,10.0,False,11,45,99.9999736996619,0.0
0.5,10.0,False,12,45,99.99993642683502,0.0
0.5,10.0,False,13,45,99.99995053082435,0.0
0.5,10.0,False,14,45,99.99995045993862,0.0
0.5,10.0,False,15,45,99.99994282997048,0.0
0.5,10.0,False,16,45,99.99995650895308,0.0
0.5,10.0,False,17,45,99.99996979796151,0.0
0.5,10.0,False,18,45,99.9999574870462,0.0
0.5,10.0,False,19,45,99.99996079635996,0.0
0.5,10.0,False,20,45,99.99998171095243,0.0
0.5,10.0,False,21,45,99.99997832805872,0.0
0.5,10.0,False,22,45,99.999983723555,0.0
0.5,10.0,False,23,45,99.99998208134834,0.0
0.5,10.0,False,24,45,99.99996814533489,0.0
0.5,10.0,False,25,45,99.9999844769861,0.0
0.5,10.0,False,26,45,99.99995400395679,0.0
0.5,10.0,False,27,45,99.99994053811722,0.0
0.5,10.0,False,28,45,99.9999410414411,0.0
0.5,10.0,False,29,45,99.99994186421952,0.0
0.5,10.0,False,30,45,99.99994404422472,0.0
0.5,10.0,False,31,45,99.99997819368258,0.0
0.5,10.0,False,32,45,99.99999775823215,0.0
0.5,10.0,False,33,45,100.00000403288934,0.0
0.5,10.0,False,34,45,100.00002105705137,0.0
0.5,10.0,False,35,45,100.00002655159362,0.0
0.5,10.0,False,36,45,100.00002218459281,0.0
0.5,10.0,False,37,45,100.00002231451006,0.0
0.5,10.0,False,38,45,100.00000360631248,0.0
0.5,10.0,False,39,45,100.00001393012741,0.0
0.5,10.0,False,40,45,100.00001379271694,0.0
0.5,10.0,False,41,45,100.00002631553376,0.0
0.5,10.0,False,42,45,100.00002624495221,0.0
0.5,10.0,False,43,45,100.00003105244028,0.0
0.5,10.0,False,44,45,100.00003714710512,0.0
0.5,10.0,False,45,45,100.00003308127509,0.0
0.5,10.0,False,46,45,100.00002315409867,0.0
0.5,10.0,False,47,45,100.00002284214617,0.0
0.5,10.0,False,48,45,100.0000272839128,0.0
0.5,10.0,False,49,45,100.00003575895087,0.0
0.5,10.0,False,50,45,100.00003393617715,0.0
0.5,10.0,False,1,46,14.863812997599748,0.3
0.5,10.0,False,2,46,100.01761334369971,0.0
0.5,10.0,False,3,46,100.00000651364174,0.0
0.5,10.0,False,4,46,99.99995876284953,0.0
0.5,10.0,False,5,46,99.99997769599733,0.0
0.5,10.0,False,6,46,100.00000088239892,0.0
0.5,10.0,False,7,46,99.99999257672661,0.0
0.5,10.0,False,8,46,99.99999391229022,0.0
0.5,10.0,False,9,46,99.99998019995118,0.0
0.5,10.0,False,10,46,99.99997933690636,0.0
0.5,10.0,False,11,46,99.99997480166228,0.0
0.5,10.0,False,12,46,99.9999742432936,0.0
0.5,10.0,False,13,46,100.00002102484899,0.0
0.5,10.0,False,14,46,100.00004153926221,0.0
0.5,10.0,False,15,46,100.00005819938585,0.0
0.5,10.0,False,16,46,100.00006431666316,0.0
0.5,10.0,False,17,46,100.00006187657355,0.0
0.5,10.0,False,18,46,100.00005905939592,0.0
0.5,10.0,False,19,46,100.00005881525189,0.0
0.5,10.0,False,20,46,100.00005699205602,0.0
0.5,10.0,False,21,46,100.00004250338607,0.0
0.5,10.0,False,22,46,100.00004072775329,0.0
0.5,10.0,False,23,46,100.00004557707939,0.0
0.5,10.0,False,24,46,100.00004869791806,0.0
0.5,10.0,False,25,46,100.0000441524146,0.0
0.5,10.0,False,26,46,100.00004110605362,0.0
0.5,10.0,False,27,46,100.00005740122204,0.0
0.5,10.0,False,28,46,100.00005871175388,0.0
0.5,10.0,False,29,46,100.00005288944519,0.0
0.5,10.0,False,30,46,100.00005633363767,0.0
0.5,10.0,False,31,46,100.00004150331176,0.0
0.5,10.0,False,32,46,100.00003649772287,0.0
0.5,10.0,False,33,46,100.0000150422832,0.0
0.5,10.0,False,34,46,99.99999839988325,0.0
0.5,10.0,False,35,46,99.99999717679049,0.0
0.5,10.0,False,36,46,100.00000670339266,0.0
0.5,10.0,False,37,46,100.00003385817156,0.0
0.5,10.0,False,38,46,100.0000328707727,0.0
0.5,10.0,False,39,46,100.00003205721194,0.0
0.5,10.0,False,40,46,100.00002040951347,0.0
0.5,10.0,False,41,46,100.00002775198689,0.0
0.5,10.0,False,42,46,100.00002469236343,0.0
0.5,10.0,False,43,46,100.00001551345395,0.0
0.5,10.0,False,44,46,100.000010633482,0.0
0.5,10.0,False,45,46,100.00001567841588,0.0
0.5,10.0,False,46,46,100.00001589128206,0.0
0.5,10.0,False,47,46,100.00001130821065,0.0
0.5,10.0,False,48,46,100.00001069792796,0.0
0.5,10.0,False,49,46,99.99999873223507,0.0
0.5,10.0,False,50,46,99.99999569984675,0.0
0.5,15.0,True,1,42,64.74959645465634,0.15
0.5,15.0,True,2,42,100.01611378873471,0.0
0.5,15.0,True,3,42,100.00013278395755,0.0
0.5,15.0,True,4,42,100.00013235732948,0.0
0.5,15.0,True,5,42,100.00008732134827,0.0
0.5,15.0,True,6,42,100.0001192079053,0.0
0.5,15.0,True,7,42,100.00012789097896,0.0
0.5,15.0,True,8,42,100.00011387115829,0.0
0.5,15.0,True,9,42,100.0000968918127,0.0
0.5,15.0,True,10,42,100.0000510889125,0.0
0.5,15.0,True,11,42,100.00004088227456,0.0
0.5,15.0,True,12,42,100.00003023564587,0.0
0.5,15.0,True,13,42,100.00003018767272,0.0
0.5,15.0,True,14,42,100.00002598072271,0.0
0.5,15.0,True,15,42,100.00002670731654,0.0
0.5,15.0,True,16,42,100.0000224763291,0.0
0.5,15.0,True,17,42,100.00002404439118,0.0
0.5,15.0,True,18,42,100.00001538742278,0.0
0.5,15.0,True,19,42,100.0000500285385,0.0
0.5,15.0,True,20,42,100.0000498623434,0.0
0.5,15.0,True,21,42,100.0000385045719,0.0
0.5,15.0,True,22,42,100.00004056473207,0.0
0.5,15.0,True,23,42,100.00002890048904,0.0
0.5,15.0,True,24,42,100.00002960118046,0.0
0.5,15.0,True,25,42,100.00004370099339,0.0
0.5,15.0,True,26,42,100.00004107340567,0.0
0.5,15.0,True,27,42,100.00004506691693,0.0
0.5,15.0,True,28,42,100.00002513673729,0.0
0.5,15.0,True,29,42,100.00002416403163,0.0
0.5,15.0,True,30,42,100.00000032907587,0.0
0.5,15.0,True,31,42,100.00000347824538,0.0
0.5,15.0,True,32,42,100.00000326199674,0.0
0.5,15.0,True,33,42,99.99998510087826,0.0
0.5,15.0,True,34,42,99.99998649734643,0.0
0.5,15.0,True,35,42,99.99999706554138,0.0
0.5,15.0,True,36,42,99.99999975546746,0.0
0.5,15.0,True,37,42,100.000024880854,0.0
0.5,15.0,True,38,42,99.99999127899682,0.0
0.5,15.0,True,39,42,99.99998797670072,0.0
0.5,15.0,True,40,42,99.99999776574222,0.0
0.5,15.0,True,41,42,99.99999618999925,0.0
0.5,15.0,True,42,42,99.99999733470617,0.0
0.5,15.0,True,43,42,99.99999744421177,0.0
0.5,15.0,True,44,42,99.9999902017318,0.0
0.5,15.0,True,45,42,99.99998780520676,0.0
0.5,15.0,True,46,42,99.99998817629208,0.0
0.5,15.0,True,47,42,99.99999289013151,0.0
0.5,15.0,True,48,42,99.99999672584843,0.0
0.5,15.0,True,49,42,99.99998057874163,0.0
0.5,15.0,True,50,42,99.99998072283903,0.0
0.5,15.0,True,1,43,64.7782867776238,0.15
0.5,15.0,True,2,43,100.01369808694584,0.0
0.5,15.0,True,3,43,100.00001370419498,0.0
0.5,15.0,True,4,43,100.0000160662981,0.0
0.5,15.0,True,5,43,100.00002363011131,0.0
0.5,15.0,True,6,43,100.00001205105126,0.0
0.5,15.0,True,7,43,100.00001864981071,0.0
0.5,15.0,True,8,43,99.99999610062653,0.0
0.5,15.0,True,9,43,99.999995433197,0.0
0.5,15.0,True,10,43,99.99999545680186,0.0
0.5,15.0,True,11,43,100.00000602760295,0.0
0.5,15.0,True,12,43,100.00002375828862,0.0
0.5,15.0,True,13,43,100.00001667831287,0.0
0.5,15.0,True,14,43,100.00001622627246,0.0
0.5,15.0,True,15,43,100.00001293604285,0.0
0.5,15.0,True,16,43,100.00001043422296,0.0
0.5,15.0,True,17,43,100.00002124774211,0.0
0.5,15.0,True,18,43,100.0000206841635,0.0
0.5,15.0,True,19,43,100.00002249578195,0.0
0.5,15.0,True,20,43,100.00002914049328,0.0
0.5,15.0,True,21,43,99.99998356003358,0.0
0.5,15.0,True,22,43,99.99997991049736,0.0
0.5,15.0,True,23,43,99.99998312964146,0.0
0.5,15.0,True,24,43,99.99998295183988,0.0
0.5,15.0,True,25,43,99.99997887135225,0.0
0.5,15.0,True,26,43,99.99997911156261,0.0
0.5,15.0,True,27,43,99.99998360108853,0.0
0.5,15.0,True,28,43,99.99997951577394,0.0
0.5,15.0,True,29,43,99.9999854367845,0.0
0.5,15.0,True,30,43,99.99999634683077,0.0
0.5,15.0,True,31,43,100.00000320828183,0.0
0.5,15.0,True,32,43,99.99999925263305,0.0
0.5,15.0,True,33,43,100.00001049786849,0.0
0.5,15.0,True,34,43,100.00001004648644,0.0
0.5,15.0,True,35,43,99.99999923136967,0.0
0.5,15.0,True,36,43,99.99999679204282,0.0
0.5,15.0,True,37,43,100.00000124946416,0.0
0.5,15.0,True,38,43,100.000001192402,0.0
0.5,15.0,True,39,43,100.0000044204613,0.0
0.5,15.0,True,40,43,99.99999893560894,0.0
0.5,15.0,True,41,43,99.99998073494768,0.0
0.5,15.0,True,42,43,99.99999785374806,0.0
0.5,15.0,True,43,43,99.99999547695884,0.0
0.5,15.0,True,44,43,99.9999956867729,0.0
0.5,15.0,True,45,43,100.00000391939305,0.0
0.5,15.0,True,46,43,100.00000670530689,0.0
0.5,15.0,True,47,43,100.00000436563059,0.0
0.5,15.0,True,48,43,100.0000009103927,0.0
0.5,15.0,True,49,43,99.99998456400597,0.0
0.5,15.0,True,50,43,99.99998962678987,0.0
0.5,15.0,True,1,44,64.72881762593315,0.15
0.5,15.0,True,2,44,100.01511125347423,0.0
0.5,15.0,True,3,44,99.99973905297273,0.0
0.5,15.0,True,4,44,99.99973967318806,0.0
0.5,15.0,True,5,44,99.99980371660531,0.0
0.5,15.0,True,6,44,99.9998305881391,0.0
0.5,15.0,True,7,44,99.99982701685423,0.0
0.5,15.0,True,8,44,99.99982732321035,0.0
0.5,15.0,True,9,44,99.99983461989663,0.0
0.5,15.0,True,10,44,99.99985983174585,0.0
0.5,15.0,True,11,44,99.99985964299711,0.0
0.5,15.0,True,12,44,99.99993004269979,0.0
0.5,15.0,True,13,44,99.99994541197424,0.0
0.5,15.0,True,14,44,99.99992579780438,0.0
0.5,15.0,True,15,44,99.99989447589715,0.0
0.5,15.0,True,16,44,99.99992109376035,0.0
0.5,15.0,True,17,44,99.99995781546463,0.0
0.5,15.0,True,18,44,99.99998311194373,0.0
0.5,15.0,True,19,44,99.99999149438784,0.0
0.5,15.0,True,20,44,99.99999039557957,0.0
0.5,15.0,True,21,44,99.99999270642721,0.0
0.5,15.0,True,22,44,99.99998808531794,0.0
0.5,15.0,True,23,44,99.99996310093425,0.0
0.5,15.0,True,24,44,99.99995309435226,0.0
0.5,15.0,True,25,44,99.99995085641974,0.0
0.5,15.0,True,26,44,99.99995792468485,0.0
0.5,15.0,True,27,44,99.99996188500508,0.0
0.5,15.0,True,28,44,99.99993589348551,0.0
0.5,15.0,True,29,44,99.99993594483175,0.0
0.5,15.0,True,30,44,99.99995556000223,0.0
0.5,15.0,True,31,44,99.99995601807825,0.0
0.5,15.0,True,32,44,99.99995590927065,0.0
0.5,15.0,True,33,44,99.99996836823112,0.0
0.5,15.0,True,34,44,99.99997379030631,0.0
0.5,15.0,True,35,44,99.99996863242473,0.0
0.5,15.0,True,36,44,99.99996654811805,0.0
0.5,15.0,True,37,44,99.99997930567183,0.0
0.5,15.0,True,38,44,99.99997948273571,0.0
0.5,15.0,True,39,44,99.99998184136815,0.0
0.5,15.0,True,40,44,99.99996804531405,0.0
0.5,15.0,True,41,44,99.9999867077998,0.0
0.5,15.0,True,42,44,99.99998927016489,0.0
0.5,15.0,True,43,44,99.99999727919614,0.0
0.5,15.0,True,44,44,99.9999984511656,0.0
0.5,15.0,True,45,44,99.99999776736402,0.0
0.5,15.0,True,46,44,99.99999531440895,0.0
0.5,15.0,True,47,44,100.00000306353735,0.0
0.5,15.0,True,48,44,99.99999435411961,0.0
0.5,15.0,True,49,44,100.00000034134801,0.0
0.5,15.0,True,50,44,100.00000026790708,0.0
0.5,15.0,True,1,45,64.73506439272813,0.15
0.5,15.0,True,2,45,100.01170866847791,0.0
0.5,15.0,True,3,45,100.00006936023493,0.0
0.5,15.0,True,4,45,100.00000166207624,0.0
0.5,15.0,True,5,45,100.00002313508901,0.0
0.5,15.0,True,6,45,100.00001025455111,0.0
0.5,15.0,True,7,45,100.00001088648652,0.0
0.5,15.0,True,8,45,100.00001614006464,0.0
0.5,15.0,True,9,45,100.00002821844998,0.0
0.5,15.0,True,10,45,99.99999035201677,0.0
0.5,15.0,True,11,45,99.99998916165971,0.0
0.5,15.0,True,12,45,99.99995503716701,0.0
0.5,15.0,True,13,45,99.99996649395109,0.0
0.5,15.0,True,14,45,99.99996586356468,0.0
0.5,15.0,True,15,45,99.99996356786104,0.0
0.5,15.0,True,16,45,99.9999531995289,0.0
0.5,15.0,True,17,45,99.99993986645126,0.0
0.5,15.0,True,18,45,99.99993466928532,0.0
0.5,15.0,True,19,45,99.99998097146144,0.0
0.5,15.0,True,20,45,99.99997987687809,0.0
0.5,15.0,True,21,45,99.99998445520194,0.0
0.5,15.0,True,22,45,99.99998430805553,0.0
0.5,15.0,True,23,45,99.99998191140892,0.0
0.5,15.0,True,24,45,99.99996710388507,0.0
0.5,15.0,True,25,45,99.99999154641884,0.0
0.5,15.0,True,26,45,99.99996993275914,0.0
0.5,15.0,True,27,45,99.99994807740728,0.0
0.5,15.0,True,28,45,99.99994854357115,0.0
0.5,15.0,True,29,45,99.99994799854124,0.0
0.5,15.0,True,30,45,99.99994960569099,0.0
0.5,15.0,True,31,45,99.99997821576633,0.0
0.5,15.0,True,32,45,99.99997909328839,0.0
0.5,15.0,True,33,45,100.00000432141806,0.0
0.5,15.0,True,34,45,100.00001418030617,0.0
0.5,15.0,True,35,45,100.00002706748693,0.0
0.5,15.0,True,36,45,100.00001969552252,0.0
0.5,15.0,True,37,45,100.00002365728437,0.0
0.5,15.0,True,38,45,100.00001305391898,0.0
0.5,15.0,True,39,45,100.00001959279962,0.0
0.5,15.0,True,40,45,100.00001976019595,0.0
0.5,15.0,True,41,45,100.00002461965431,0.0
0.5,15.0,True,42,45,100.00002456959963,0.0
0.5,15.0,True,43,45,100.00002788972427,0.0
0.5,15.0,True,44,45,100.000028024325,0.0
0.5,15.0,True,45,45,100.0000222742129,0.0
0.5,15.0,True,46,45,100.00001659125127,0.0
0.5,15.0,True,47,45,100.00001342829435,0.0
0.5,15.0,True,48,45,100.00001816764029,0.0
0.5,15.0,True,49,45,100.00001929777373,0.0
0.5,15.0,True,50,45,100.0000170498031,0.0
0.5,15.0,True,1,46,64.72421530621898,0.15
0.5,15.0,True,2,46,100.01296261765815,0.0
0.5,15.0,True,3,46,100.00002311470578,0.0
0.5,15.0,True,4,46,99.99997572785914,0.0
0.5,15.0,True,5,46,99.99999893403958,0.0
0.5,15.0,True,6,46,100.00001120481753,0.0
0.5,15.0,True,7,46,100.00000718887111,0.0
0.5,15.0,True,8,46,100.0000125028419,0.0
0.5,15.0,True,9,46,99.9999620901842,0.0
0.5,15.0,True,10,46,99.99996128884503,0.0
0.5,15.0,True,11,46,99.99996298123503,0.0
0.5,15.0,True,12,46,99.99996366775864,0.0
0.5,15.0,True,13,46,100.00000667118945,0.0
0.5,15.0,True,14,46,100.00003397833964,0.0
0.5,15.0,True,15,46,100.00003476913787,0.0
0.5,15.0,True,16,46,100.00003851438515,0.0
0.5,15.0,True,17,46,100.00003263912433,0.0
0.5,15.0,True,18,46,100.00002613465358,0.0
0.5,15.0,True,19,46,100.0000392141897,0.0
0.5,15.0,True,20,46,100.00003892620205,0.0
0.5,15.0,True,21,46,100.00002868307035,0.0
0.5,15.0,True,22,46,100.00002707333337,0.0
0.5,15.0,True,23,46,100.00002805945343,0.0
0.5,15.0,True,24,46,100.00002929283181,0.0
0.5,15.0,True,25,46,100.00002067796258,0.0
0.5,15.0,True,26,46,100.00002257291261,0.0
0.5,15.0,True,27,46,100.0000384295171,0.0
0.5,15.0,True,28,46,100.00003775496515,0.0
0.5,15.0,True,29,46,100.00003396684906,0.0
0.5,15.0,True,30,46,100.0000315539512,0.0
0.5,15.0,True,31,46,100.0000116712479,0.0
0.5,15.0,True,32,46,100.00001560508525,0.0
0.5,15.0,True,33,46,100.00000250607039,0.0
0.5,15.0,True,34,46,99.99998933499268,0.0
0.5,15.0,True,35,46,99.99998793422313,0.0
0.5,15.0,True,36,46,100.00000128362868,0.0
0.5,15.0,True,37,46,100.00003019519556,0.0
0.5,15.0,True,38,46,100.00001771275367,0.0
0.5,15.0,True,39,46,100.00002185673813,0.0
0.5,15.0,True,40,46,100.00000943638403,0.0
0.5,15.0,True,41,46,100.0000032611306,0.0
0.5,15.0,True,42,46,100.0000031360004,0.0
0.5,15.0,True,43,46,99.99999999011965,0.0
0.5,15.0,True,44,46,99.99999284943354,0.0
0.5,15.0,True,45,46,99.99999911859847,0.0
0.5,15.0,True,46,46,100.00000563691648,0.0
0.5,15.0,True,47,46,100.00000736589297,0.0
0.5,15.0,True,48,46,100.0000066703038,0.0
0.5,15.0,True,49,46,99.99999666494128,0.0
0.5,15.0,True,50,46,99.99999773466197,0.0
0.5,15.0,False,1,42,13.123135386520563,0.3
0.5,15.0,False,2,42,100.02124470838477,0.0
0.5,15.0,False,3,42,100.00007807409648,0.0
0.5,15.0,False,4,42,100.00007805650014,0.0
0.5,15.0,False,5,42,100.00003595752256,0.0
0.5,15.0,False,6,42,100.00008700905911,0.0
0.5,15.0,False,7,42,100.00008825102944,0.0
0.5,15.0,False,8,42,100.00007547833857,0.0
0.5,15.0,False,9,42,100.0000688469153,0.0
0.5,15.0,False,10,42,100.00001622481773,0.0
0.5,15.0,False,11,42,99.99999853569366,0.0
0.5,15.0,False,12,42,99.99998901816426,0.0
0.5,15.0,False,13,42,99.9999894926957,0.0
0.5,15.0,False,14,42,99.99998578563017,0.0
0.5,15.0,False,15,42,99.99998366424589,0.0
0.5,15.0,False,16,42,99.99998396387218,0.0
0.5,15.0,False,17,42,99.9999766412868,0.0
0.5,15.0,False,18,42,99.99998149796238,0.0
0.5,15.0,False,19,42,100.00000884673804,0.0
0.5,15.0,False,20,42,100.00001041436272,0.0
0.5,15.0,False,21,42,99.99999860536258,0.0
0.5,15.0,False,22,42,100.00000109183028,0.0
0.5,15.0,False,23,42,99.99998891870851,0.0
0.5,15.0,False,24,42,99.99998962097351,0.0
0.5,15.0,False,25,42,99.99999575987445,0.0
0.5,15.0,False,26,42,99.9999954711044,0.0
0.5,15.0,False,27,42,100.00000591265189,0.0
0.5,15.0,False,28,42,99.99998628228394,0.0
0.5,15.0,False,29,42,99.99997070386686,0.0
0.5,15.0,False,30,42,99.99996970742409,0.0
0.5,15.0,False,31,42,99.99996964256218,0.0
0.5,15.0,False,32,42,99.99996950497123,0.0
0.5,15.0,False,33,42,99.99996141018713,0.0
0.5,15.0,False,34,42,99.99994955314455,0.0
0.5,15.0,False,35,42,99.999965191355,0.0
0.5,15.0,False,36,42,99.9999861621201,0.0
0.5,15.0,False,37,42,99.99998251982592,0.0
0.5,15.0,False,38,42,99.99996597810434,0.0
0.5,15.0,False,39,42,99.99997141692621,0.0
0.5,15.0,False,40,42,99.99998485617996,0.0
0.5,15.0,False,41,42,99.99998459844987,0.0
0.5,15.0,False,42,42,99.99998426674696,0.0
0.5,15.0,False,43,42,99.99998818231163,0.0
0.5,15.0,False,44,42,99.99998385830727,0.0
0.5,15.0,False,45,42,99.99998401677944,0.0
0.5,15.0,False,46,42,99.99998296601296,0.0
0.5,15.0,False,47,42,99.99997448946122,0.0
0.5,15.0,False,48,42,99.99999886149632,0.0
0.5,15.0,False,49,42,99.9999835482069,0.0
0.5,15.0,False,50,42,99.9999833479965,0.0
0.5,15.0,False,1,43,13.174162710829787,0.3
0.5,15.0,False,2,43,100.01873040934652,0.0
0.5,15.0,False,3,43,100.00001848196246,0.0
0.5,15.0,False,4,43,100.00001981553646,0.0
0.5,15.0,False,5,43,100.00002738108046,0.0
0.5,15.0,False,6,43,100.00002478794534,0.0
0.5,15.0,False,7,43,100.00001838540658,0.0
0.5,15.0,False,8,43,100.00001154019994,0.0
0.5,15.0,False,9,43,100.00001097527465,0.0
0.5,15.0,False,10,43,99.99999608834241,0.0
0.5,15.0,False,11,43,99.99999655139787,0.0
0.5,15.0,False,12,43,100.00002215130908,0.0
0.5,15.0,False,13,43,100.00001152053036,0.0
0.5,15.0,False,14,43,100.00001150100216,0.0
0.5,15.0,False,15,43,100.00000253194695,0.0
0.5,15.0,False,16,43,100.00001016078679,0.0
0.5,15.0,False,17,43,100.00001884418427,0.0
0.5,15.0,False,18,43,100.00001777575997,0.0
0.5,15.0,False,19,43,100.0000241715363,0.0
0.5,15.0,False,20,43,100.0000261485655,0.0
0.5,15.0,False,21,43,99.99997955787249,0.0
0.5,15.0,False,22,43,99.999975871354,0.0
0.5,15.0,False,23,43,99.99997942907888,0.0
0.5,15.0,False,24,43,99.99997830586466,0.0
0.5,15.0,False,25,43,99.99997951408992,0.0
0.5,15.0,False,26,43,99.99997530259034,0.0
0.5,15.0,False,27,43,99.99997886809678,0.0
0.5,15.0,False,28,43,99.99997558971184,0.0
0.5,15.0,False,29,43,99.999978766611,0.0
0.5,15.0,False,30,43,99.99999035247248,0.0
0.5,15.0,False,31,43,100.00000012443026,0.0
0.5,15.0,False,32,43,99.99999688380561,0.0
0.5,15.0,False,33,43,100.00000553454423,0.0
0.5,15.0,False,34,43,100.0000050367538,0.0
0.5,15.0,False,35,43,99.99999170821475,0.0
0.5,15.0,False,36,43,99.99999362407459,0.0
0.5,15.0,False,37,43,99.99999866690467,0.0
0.5,15.0,False,38,43,99.99999794269216,0.0
0.5,15.0,False,39,43,99.99999766046838,0.0
0.5,15.0,False,40,43,99.99999807834865,0.0
0.5,15.0,False,41,43,99.99998700104267,0.0
0.5,15.0,False,42,43,99.99999433019367,0.0
0.5,15.0,False,43,43,99.9999970731302,0.0
0.5,15.0,False,44,43,99.99999875955311,0.0
0.5,15.0,False,45,43,99.99999879533445,0.0
0.5,15.0,False,46,43,99.99999960089613,0.0
0.5,15.0,False,47,43,100.00000325209997,0.0
0.5,15.0,False,48,43,99.99999854328404,0.0
0.5,15.0,False,49,43,99.99998560889354,0.0
0.5,15.0,False,50,43,99.99998753020782,0.0
0.5,15.0,False,1,44,13.117200008224435,0.3
0.5,15.0,False,2,44,100.02038350793866,0.0
0.5,15.0,False,3,44,99.99977784366042,0.0
0.5,15.0,False,4,44,99.99978547601444,0.0
0.5,15.0,False,5,44,99.99983190978557,0.0
0.5,15.0,False,6,44,99.99986152798897,0.0
0.5,15.0,False,7,44,99.99985533919097,0.0
0.5,15.0,False,8,44,99.99986836820618,0.0
0.5,15.0,False,9,44,99.9998748002584,0.0
0.5,15.0,False,10,44,99.99991043468934,0.0
0.5,15.0,False,11,44,99.9999203297528,0.0
0.5,15.0,False,12,44,99.99996299613198,0.0
0.5,15.0,False,13,44,99.99997169545202,0.0
0.5,15.0,False,14,44,99.99993239196496,0.0
0.5,15.0,False,15,44,99.99992325431275,0.0
0.5,15.0,False,16,44,99.99993827802142,0.0
0.5,15.0,False,17,44,99.99998538318616,0.0
0.5,15.0,False,18,44,100.00002589933575,0.0
0.5,15.0,False,19,44,100.00002612116681,0.0
0.5,15.0,False,20,44,100.00001760651179,0.0
0.5,15.0,False,21,44,100.00002092180196,0.0
0.5,15.0,False,22,44,100.00001608644322,0.0
0.5,15.0,False,23,44,99.99997723681415,0.0
0.5,15.0,False,24,44,99.99996937669749,0.0
0.5,15.0,False,25,44,99.99996585876399,0.0
0.5,15.0,False,26,44,99.99996794916171,0.0
0.5,15.0,False,27,44,99.99995870550956,0.0
0.5,15.0,False,28,44,99.99996969881396,0.0
0.5,15.0,False,29,44,99.99997612117782,0.0
0.5,15.0,False,30,44,99.9999703081038,0.0
0.5,15.0,False,31,44,99.99996960251818,0.0
0.5,15.0,False,32,44,99.99996819997989,0.0
0.5,15.0,False,33,44,99.99997996129989,0.0
0.5,15.0,False,34,44,99.99998864389119,0.0
0.5,15.0,False,35,44,99.99998444549813,0.0
0.5,15.0,False,36,44,99.99998172819893,0.0
0.5,15.0,False,37,44,99.99999442469843,0.0
0.5,15.0,False,38,44,99.99999452615478,0.0
0.5,15.0,False,39,44,99.9999955125844,0.0
0.5,15.0,False,40,44,100.00000172434038,0.0
0.5,15.0,False,41,44,100.00000297930829,0.0
0.5,15.0,False,42,44,100.00000869351908,0.0
0.5,15.0,False,43,44,100.000009483257,0.0
0.5,15.0,False,44,44,100.00000927688787,0.0
0.5,15.0,False,45,44,100.00000930382494,0.0
0.5,15.0,False,46,44,100.00000610110102,0.0
0.5,15.0,False,47,44,100.00001028290163,0.0
0.5,15.0,False,48,44,100.00000167214998,0.0
0.5,15.0,False,49,44,100.00000557317313,0.0
0.5,15.0,False,50,44,100.00001366051646,0.0
0.5,15.0,False,1,45,13.1112060126571,0.3
0.5,15.0,False,2,45,100.01657249511845,0.0
0.5,15.0,False,3,45,100.00005517188575,0.0
0.5,15.0,False,4,45,99.99998694656037,0.0
0.5,15.0,False,5,45,100.00001075309555,0.0
0.5,15.0,False,6,45,99.99999844214202,0.0
0.5,15.0,False,7,45,99.99999849918072,0.0
0.5,15.0,False,8,45,100.00001274496876,0.0
0.5,15.0,False,9,45,100.00001816276591,0.0
0.5,15.0,False,10,45,99.99997596616613,0.0
0.5,15.0,False,11,45,99.9999737008493,0.0
0.5,15.0,False,12,45,99.99993642790173,0.0
0.5,15.0,False,13,45,99.99995053429379,0.0
0.5,15.0,False,14,45,99.9999504633295,0.0
0.5,15.0,False,15,45,99.99994283325404,0.0
0.5,15.0,False,16,45,99.9999565116506,0.0
0.5,15.0,False,17,45,99.99996979759734,0.0
0.5,15.0,False,18,45,99.99995747090766,0.0
0.5,15.0,False,19,45,99.99996079732327,0.0
0.5,15.0,False,20,45,99.99998171385113,0.0
0.5,15.0,False,21,45,99.9999783342625,0.0
0.5,15.0,False,22,45,99.99998372495858,0.0
0.5,15.0,False,23,45,99.99998208333977,0.0
0.5,15.0,False,24,45,99.99996814699225,0.0
0.5,15.0,False,25,45,99.9999844799238,0.0
0.5,15.0,False,26,45,99.99995400870102,0.0
0.5,15.0,False,27,45,99.99994054090487,0.0
0.5,15.0,False,28,45,99.99994104375106,0.0
0.5,15.0,False,29,45,99.99994186639071,0.0
0.5,15.0,False,30,45,99.99994404647515,0.0
0.5,15.0,False,31,45,99.99997819386245,0.0
0.5,15.0,False,32,45,99.99999776101563,0.0
0.5,15.0,False,33,45,100.00000403339932,0.0
0.5,15.0,False,34,45,100.0000210583103,0.0
0.5,15.0,False,35,45,100.00002655244418,0.0
0.5,15.0,False,36,45,100.0000221855469,0.0
0.5,15.0,False,37,45,100.00002231485567,0.0
0.5,15.0,False,38,45,100.0000036102909,0.0
0.5,15.0,False,39,45,100.00001393193591,0.0
0.5,15.0,False,40,45,100.0000137943274,0.0
0.5,15.0,False,41,45,100.00002631618973,0.0
0.5,15.0,False,42,45,100.00002624564411,0.0
0.5,15.0,False,43,45,100.00003105240702,0.0
0.5,15.0,False,44,45,100.00003714746705,0.0
0.5,15.0,False,45,45,100.00003308227491,0.0
0.5,15.0,False,46,45,100.0000231553521,0.0
0.5,15.0,False,47,45,100.00002284262993,0.0
0.5,15.0,False,48,45,100.00002728456751,0.0
0.5,15.0,False,49,45,100.0000357599712,0.0
0.5,15.0,False,50,45,100.0000339370375,0.0
0.5,15.0,False,1,46,13.11238540699242,0.3
0.5,15.0,False,2,46,100.01761971316596,0.0
0.5,15.0,False,3,46,100.00000651374779,0.0
0.5,15.0,False,4,46,99.9999587644075,0.0
0.5,15.0,False,5,46,99.99997769803814,0.0
0.5,15.0,False,6,46,100.00000088427474,0.0
0.5,15.0,False,7,46,99.99999257915673,0.0
0.5,15.0,False,8,46,99.99999391496249,0.0
0.5,15.0,False,9,46,99.99998019940617,0.0
0.5,15.0,False,10,46,99.99997933462441,0.0
0.5,15.0,False,11,46,99.99997480016299,0.0
0.5,15.0,False,12,46,99.99997424202317,0.0
0.5,15.0,False,13,46,100.00002102051567,0.0
0.5,15.0,False,14,46,100.00004152927781,0.0
0.5,15.0,False,15,46,100.0000581975402,0.0
0.5,15.0,False,16,46,100.0000643171001,0.0
0.5,15.0,False,17,46,100.0000618764795,0.0
0.5,15.0,False,18,46,100.00005905685725,0.0
0.5,15.0,False,19,46,100.00005881511609,0.0
0.5,15.0,False,20,46,100.00005698860184,0.0
0.5,15.0,False,21,46,100.00004250358387,0.0
0.5,15.0,False,22,46,100.00004072797702,0.0
0.5,15.0,False,23,46,100.00004557571283,0.0
0.5,15.0,False,24,46,100.00004869982939,0.0
0.5,15.0,False,25,46,100.00004415369455,0.0
0.5,15.0,False,26,46,100.00004110705046,0.0
0.5,15.0,False,27,46,100.0000574016806,0.0
0.5,15.0,False,28,46,100.00005871271983,0.0
0.5,15.0,False,29,46,100.00005288974647,0.0
0.5,15.0,False,30,46,100.00005633389912,0.0
0.5,15.0,False,31,46,100.00004150388583,0.0
0.5,15.0,False,32,46,100.000036498214,0.0
0.5,15.0,False,33,46,100.00001504170844,0.0
0.5,15.0,False,34,46,99.9999983962779,0.0
0.5,15.0,False,35,46,99.99999717401764,0.0
0.5,15.0,False,36,46,100.00000669656916,0.0
0.5,15.0,False,37,46,100.00003385840716,0.0
0.5,15.0,False,38,46,100.00003287163308,0.0
0.5,15.0,False,39,46,100.00003205341818,0.0
0.5,15.0,False,40,46,100.00002040785986,0.0
0.5,15.0,False,41,46,100.0000277507868,0.0
0.5,15.0,False,42,46,100.00002469130831,0.0
0.5,15.0,False,43,46,100.00001551497492,0.0
0.5,15.0,False,44,46,100.00001063468241,0.0
0.5,15.0,False,45,46,100.00001567962688,0.0
0.5,15.0,False,46,46,100.00001589253148,0.0
0.5,15.0,False,47,46,100.00001130936356,0.0
0.5,15.0,False,48,46,100.00001069939839,0.0
0.5,15.0,False,49,46,99.99999873496989,0.0
0.5,15.0,False,50,46,99.99999570199046,0.0
0.5,20.0,True,1,42,59.50048891330087,0.15
0.5,20.0,True,2,42,100.01609154274543,0.0
0.5,20.0,True,3,42,100.0001327857776,0.0
0.5,20.0,True,4,42,100.000132359046,0.0
0.5,20.0,True,5,42,100.00008732373965,0.0
0.5,20.0,True,6,42,100.00011920836748,0.0
0.5,20.0,True,7,42,100.00012789206937,0.0
0.5,20.0,True,8,42,100.00011387254534,0.0
0.5,20.0,True,9,42,100.00009689075912,0.0
0.5,20.0,True,10,42,100.00005108918798,0.0
0.5,20.0,True,11,42,100.0000408852946,0.0
0.5,20.0,True,12,42,100.00003023795415,0.0
0.5,20.0,True,13,42,100.00003018995315,0.0
0.5,20.0,True,14,42,100.00002598346822,0.0
0.5,20.0,True,15,42,100.00002670956374,0.0
0.5,20.0,True,16,42,100.00002247896528,0.0
0.5,20.0,True,17,42,100.00002404696271,0.0
0.5,20.0,True,18,42,100.00001538683384,0.0
0.5,20.0,True,19,42,100.00005003101276,0.0
0.5,20.0,True,20,42,100.00004986435455,0.0
0.5,20.0,True,21,42,100.00003850591388,0.0
0.5,20.0,True,22,42,100.0000405663395,0.0
0.5,20.0,True,23,42,100.0000289007537,0.0
0.5,20.0,True,24,42,100.00002960156843,0.0
0.5,20.0,True,25,42,100.00004370135318,0.0
0.5,20.0,True,26,42,100.00004107394491,0.0
0.5,20.0,True,27,42,100.0000450674275,0.0
0.5,20.0,True,28,42,100.00002513782093,0.0
0.5,20.0,True,29,42,100.00002416480784,0.0
0.5,20.0,True,30,42,100.00000033051366,0.0
0.5,20.0,True,31,42,100.00000347927897,0.0
0.5,20.0,True,32,42,100.0000032628395,0.0
0.5,20.0,True,33,42,99.99998510008939,0.0
0.5,20.0,True,34,42,99.99998649723986,0.0
0.5,20.0,True,35,42,99.99999706619002,0.0
0.5,20.0,True,36,42,99.99999975845239,0.0
0.5,20.0,True,37,42,100.00002488014735,0.0
0.5,20.0,True,38,42,99.99999127925122,0.0
0.5,20.0,True,39,42,99.99998797722928,0.0
0.5,20.0,True,40,42,99.99999776604693,0.0
0.5,20.0,True,41,42,99.99999619060357,0.0
0.5,20.0,True,42,42,99.99999733540159,0.0
0.5,20.0,True,43,42,99.99999744470924,0.0
0.5,20.0,True,44,42,99.99999020246878,0.0
0.5,20.0,True,45,42,99.9999878056596,0.0
0.5,20.0,True,46,42,99.99998817680935,0.0
0.5,20.0,True,47,42,99.99999289199526,0.0
0.5,20.0,True,48,42,99.99999672681923,0.0
0.5,20.0,True,49,42,99.99998057945146,0.0
0.5,20.0,True,50,42,99.9999807235034,0.0
0.5,20.0,True,1,43,59.535158280074114,0.15
0.5,20.0,True,2,43,100.01367797726014,0.0
0.5,20.0,True,3,43,100.0000137047574,0.0
0.5,20.0,True,4,43,100.00001606689995,0.0
0.5,20.0,True,5,43,100.000023630501,0.0
0.5,20.0,True,6,43,100.0000120511814,0.0
0.5,20.0,True,7,43,100.00001865021216,0.0
0.5,20.0,True,8,43,99.99999609983692,0.0
0.5,20.0,True,9,43,99.99999543148544,0.0
0.5,20.0,True,10,43,99.99999545881555,0.0
0.5,20.0,True,11,43,100.00000603391717,0.0
0.5,20.0,True,12,43,100.00002375765226,0.0
0.5,20.0,True,13,43,100.00001667971898,0.0
0.5,20.0,True,14,43,100.00001622809273,0.0
0.5,20.0,True,15,43,100.00001293928666,0.0
0.5,20.0,True,16,43,100.00001044009593,0.0
0.5,20.0,True,17,43,100.00002124916494,0.0
0.5,20.0,True,18,43,100.00002068412925,0.0
0.5,20.0,True,19,43,100.00002249639425,0.0
0.5,20.0,True,20,43,100.00002914119673,0.0
0.5,20.0,True,21,43,99.99998356081913,0.0
0.5,20.0,True,22,43,99.99997991168435,0.0
0.5,20.0,True,23,43,99.99998313047092,0.0
0.5,20.0,True,24,43,99.99998295293571,0.0
0.5,20.0,True,25,43,99.99997887208269,0.0
0.5,20.0,True,26,43,99.99997911205449,0.0
0.5,20.0,True,27,43,99.99998360148584,0.0
0.5,20.0,True,28,43,99.99997951605286,0.0
0.5,20.0,True,29,43,99.99998543627825,0.0
0.5,20.0,True,30,43,99.99999634610558,0.0
0.5,20.0,True,31,43,100.0000032074492,0.0
0.5,20.0,True,32,43,99.99999925216696,0.0
0.5,20.0,True,33,43,100.0000104998126,0.0
0.5,20.0,True,34,43,100.00001004860626,0.0
0.5,20.0,True,35,43,99.99999923376393,0.0
0.5,20.0,True,36,43,99.99999679378658,0.0
0.5,20.0,True,37,43,100.00000125137367,0.0
0.5,20.0,True,38,43,100.00000119424098,0.0
0.5,20.0,True,39,43,100.00000442244506,0.0
0.5,20.0,True,40,43,99.99999893781778,0.0
0.5,20.0,True,41,43,99.9999807376167,0.0
0.5,20.0,True,42,43,99.99999785555242,0.0
0.5,20.0,True,43,43,99.99999547814888,0.0
0.5,20.0,True,44,43,99.99999568781286,0.0
0.5,20.0,True,45,43,100.0000039205776,0.0
0.5,20.0,True,46,43,100.00000670663358,0.0
0.5,20.0,True,47,43,100.00000436506181,0.0
0.5,20.0,True,48,43,100.00000091137585,0.0
0.5,20.0,True,49,43,99.99998456434643,0.0
0.5,20.0,True,50,43,99.9999896267193,0.0
0.5,20.0,True,1,44,59.47693807558851,0.15
0.5,20.0,True,2,44,100.01509084568366,0.0
0.5,20.0,True,3,44,99.99973905663862,0.0
0.5,20.0,True,4,44,99.99973967670536,0.0
0.5,20.0,True,5,44,99.99980371890987,0.0
0.5,20.0,True,6,44,99.99983059090991,0.0
0.5,20.0,True,7,44,99.99982701988239,0.0
0.5,20.0,True,8,44,99.9998273297758,0.0
0.5,20.0,True,9,44,99.99983462724005,0.0
0.5,20.0,True,10,44,99.9998598358922,0.0
0.5,20.0,True,11,44,99.99985964173524,0.0
0.5,20.0,True,12,44,99.99993004803915,0.0
0.5,20.0,True,13,44,99.99994541952131,0.0
0.5,20.0,True,14,44,99.99992580772357,0.0
0.5,20.0,True,15,44,99.99989447696274,0.0
0.5,20.0,True,16,44,99.99992109047065,0.0
0.5,20.0,True,17,44,99.9999578158412,0.0
0.5,20.0,True,18,44,99.99998311294758,0.0
0.5,20.0,True,19,44,99.9999914960311,0.0
0.5,20.0,True,20,44,99.99999040013907,0.0
0.5,20.0,True,21,44,99.99999270967761,0.0
0.5,20.0,True,22,44,99.99998809093714,0.0
0.5,20.0,True,23,44,99.99996310191133,0.0
0.5,20.0,True,24,44,99.99995309590253,0.0
0.5,20.0,True,25,44,99.99995085815306,0.0
0.5,20.0,True,26,44,99.9999579268019,0.0
0.5,20.0,True,27,44,99.99996188701215,0.0
0.5,20.0,True,28,44,99.99993589446689,0.0
0.5,20.0,True,29,44,99.99993596070416,0.0
0.5,20.0,True,30,44,99.99995556314559,0.0
0.5,20.0,True,31,44,99.999956017953,0.0
0.5,20.0,True,32,44,99.9999559092567,0.0
0.5,20.0,True,33,44,99.9999683682774,0.0
0.5,20.0,True,34,44,99.99997379017344,0.0
0.5,20.0,True,35,44,99.99996863209384,0.0
0.5,20.0,True,36,44,99.99996654756806,0.0
0.5,20.0,True,37,44,99.99997930534019,0.0
0.5,20.0,True,38,44,99.9999794823287,0.0
0.5,20.0,True,39,44,99.99998184120332,0.0
0.5,20.0,True,40,44,99.99996804547476,0.0
0.5,20.0,True,41,44,99.99998671055033,0.0
0.5,20.0,True,42,44,99.99998927261072,0.0
0.5,20.0,True,43,44,99.99999728257035,0.0
0.5,20.0,True,44,44,99.99999845394527,0.0
0.5,20.0,True,45,44,99.99999777008854,0.0
0.5,20.0,True,46,44,99.99999531673926,0.0
0.5,20.0,True,47,44,100.00000306568799,0.0
0.5,20.0,True,48,44,99.9999943568766,0.0
0.5,20.0,True,49,44,100.0000003448272,0.0
0.5,20.0,True,50,44,100.00000027212761,0.0
0.5,20.0,True,1,45,59.48447832765077,0.15
0.5,20.0,True,2,45,100.01168808708026,0.0
0.5,20.0,True,3,45,100.00006936077851,0.0
0.5,20.0,True,4,45,100.00000166291251,0.0
0.5,20.0,True,5,45,100.00002313623781,0.0
0.5,20.0,True,6,45,100.00001025708511,0.0
0.5,20.0,True,7,45,100.00001088919542,0.0
0.5,20.0,True,8,45,100.00001614240173,0.0
0.5,20.0,True,9,45,100.00002821996394,0.0
0.5,20.0,True,10,45,99.99999035324957,0.0
0.5,20.0,True,11,45,99.99998916032587,0.0
0.5,20.0,True,12,45,99.9999550381223,0.0
0.5,20.0,True,13,45,99.99996649323982,0.0
0.5,20.0,True,14,45,99.9999658628374,0.0
0.5,20.0,True,15,45,99.9999635677101,0.0
0.5,20.0,True,16,45,99.99995319679012,0.0
0.5,20.0,True,17,45,99.99993986897762,0.0
0.5,20.0,True,18,45,99.99993466511182,0.0
0.5,20.0,True,19,45,99.99998097242744,0.0
0.5,20.0,True,20,45,99.99997987850291,0.0
0.5,20.0,True,21,45,99.99998445536232,0.0
0.5,20.0,True,22,45,99.99998430803501,0.0
0.5,20.0,True,23,45,99.99998191081008,0.0
0.5,20.0,True,24,45,99.99996710396275,0.0
0.5,20.0,True,25,45,99.99999154767727,0.0
0.5,20.0,True,26,45,99.99996993370382,0.0
0.5,20.0,True,27,45,99.99994807794339,0.0
0.5,20.0,True,28,45,99.99994854359655,0.0
0.5,20.0,True,29,45,99.9999479985106,0.0
0.5,20.0,True,30,45,99.99994960669085,0.0
0.5,20.0,True,31,45,99.99997821495492,0.0
0.5,20.0,True,32,45,99.99997909126878,0.0
0.5,20.0,True,33,45,100.00000431901888,0.0
0.5,20.0,True,34,45,100.00001417730552,0.0
0.5,20.0,True,35,45,100.00002706790092,0.0
0.5,20.0,True,36,45,100.00001969596343,0.0
0.5,20.0,True,37,45,100.00002365825152,0.0
0.5,20.0,True,38,45,100.0000130516871,0.0
0.5,20.0,True,39,45,100.00001959169882,0.0
0.5,20.0,True,40,45,100.0000197601233,0.0
0.5,20.0,True,41,45,100.00002461919354,0.0
0.5,20.0,True,42,45,100.00002456893536,0.0
0.5,20.0,True,43,45,100.00002788932815,0.0
0.5,20.0,True,44,45,100.0000280240553,0.0
0.5,20.0,True,45,45,100.00002227431492,0.0
0.5,20.0,True,46,45,100.0000165910566,0.0
0.5,20.0,True,47,45,100.00001342697149,0.0
0.5,20.0,True,48,45,100.00001816914397,0.0
0.5,20.0,True,49,45,100.00001929881475,0.0
0.5,20.0,True,50,45,100.000017050856,0.0
0.5,20.0,True,1,46,59.47037187552094,0.15
0.5,20.0,True,2,46,100.01294253533446,0.0
0.5,20.0,True,3,46,100.00002311358999,0.0
0.5,20.0,True,4,46,99.99997572746042,0.0
0.5,20.0,True,5,46,99.99999893380453,0.0
0.5,20.0,True,6,46,100.00001120426492,0.0
0.5,20.0,True,7,46,100.00000718830489,0.0
0.5,20.0,True,8,46,100.00001250206864,0.0
0.5,20.0,True,9,46,99.9999620896904,0.0
0.5,20.0,True,10,46,99.99996128722908,0.0
0.5,20.0,True,11,46,99.99996297996773,0.0
0.5,20.0,True,12,46,99.99996366631092,0.0
0.5,20.0,True,13,46,100.00000667088595,0.0
0.5,20.0,True,14,46,100.00003398217777,0.0
0.5,20.0,True,15,46,100.00003477032597,0.0
0.5,20.0,True,16,46,100.00003851729119,0.0
0.5,20.0,True,17,46,100.00003264060038,0.0
0.5,20.0,True,18,46,100.00002613762865,0.0
0.5,20.0,True,19,46,100.0000392143796,0.0
0.5,20.0,True,20,46,100.00003892535872,0.0
0.5,20.0,True,21,46,100.00002868417793,0.0
0.5,20.0,True,22,46,100.00002707376723,0.0
0.5,20.0,True,23,46,100.00002805886115,0.0
0.5,20.0,True,24,46,100.00002929290102,0.0
0.5,20.0,True,25,46,100.00002067891441,0.0
0.5,20.0,True,26,46,100.00002257406831,0.0
0.5,20.0,True,27,46,100.00003843052656,0.0
0.5,20.0,True,28,46,100.00003775602582,0.0
0.5,20.0,True,29,46,100.0000339678802,0.0
0.5,20.0,True,30,46,100.00003155474532,0.0
0.5,20.0,True,31,46,100.00001167260328,0.0
0.5,20.0,True,32,46,100.00001560769806,0.0
0.5,20.0,True,33,46,100.00000250668909,0.0
0.5,20.0,True,34,46,99.99998933622824,0.0
0.5,20.0,True,35,46,99.99998793386723,0.0
0.5,20.0,True,36,46,100.00000128559232,0.0
0.5,20.0,True,37,46,100.00003019751132,0.0
0.5,20.0,True,38,46,100.00001771330344,0.0
0.5,20.0,True,39,46,100.00002185872508,0.0
0.5,20.0,True,40,46,100.00000943797835,0.0
0.5,20.0,True,41,46,100.00000326654964,0.0
0.5,20.0,True,42,46,100.00000314165314,0.0
0.5,20.0,True,43,46,99.99999999427206,0.0
0.5,20.0,True,44,46,99.99999285157836,0.0
0.5,20.0,True,45,46,99.99999912107943,0.0
0.5,20.0,True,46,46,100.0000056379283,0.0
0.5,20.0,True,47,46,100.00000736684548,0.0
0.5,20.0,True,48,46,100.00000667061028,0.0
0.5,20.0,True,49,46,99.99999666489353,0.0
0.5,20.0,True,50,46,99.99999773538534,0.0
0.5,20.0,False,1,42,12.489680380625341,0.3
0.5,20.0,False,2,42,100.0212478691291,0.0
0.5,20.0,False,3,42,100.00007807859853,0.0
0.5,20.0,False,4,42,100.0000780609868,0.0
0.5,20.0,False,5,42,100.00003596160187,0.0
0.5,20.0,False,6,42,100.00008701244994,0.0
0.5,20.0,False,7,42,100.00008825518563,0.0
0.5,20.0,False,8,42,100.00007549077844,0.0
0.5,20.0,False,9,42,100.00006885070206,0.0
0.5,20.0,False,10,42,100.00001622825783,0.0
0.5,20.0,False,11,42,99.99999854014311,0.0
0.5,20.0,False,12,42,99.99998902223243,0.0
0.5,20.0,False,13,42,99.99998949685146,0.0
0.5,20.0,False,14,42,99.99998579021195,0.0
0.5,20.0,False,15,42,99.99998366834751,0.0
0.5,20.0,False,16,42,99.99998396843979,0.0
0.5,20.0,False,17,42,99.99997664547752,0.0
0.5,20.0,False,18,42,99.99998149681011,0.0
0.5,20.0,False,19,42,100.00000885178285,0.0
0.5,20.0,False,20,42,100.0000104179108,0.0
0.5,20.0,False,21,42,99.99999860854487,0.0
0.5,20.0,False,22,42,100.00000109481451,0.0
0.5,20.0,False,23,42,99.99998892185633,0.0
0.5,20.0,False,24,42,99.9999896239305,0.0
0.5,20.0,False,25,42,99.99999576278245,0.0
0.5,20.0,False,26,42,99.99999547387777,0.0
0.5,20.0,False,27,42,100.00000591587255,0.0
0.5,20.0,False,28,42,99.99998628418717,0.0
0.5,20.0,False,29,42,99.99997070846034,0.0
0.5,20.0,False,30,42,99.99996970938491,0.0
0.5,20.0,False,31,42,99.99996964512795,0.0
0.5,20.0,False,32,42,99.99996950748022,0.0
0.5,20.0,False,33,42,99.99996140977346,0.0
0.5,20.0,False,34,42,99.99994955531947,0.0
0.5,20.0,False,35,42,99.99996519440272,0.0
0.5,20.0,False,36,42,99.99998616405905,0.0
0.5,20.0,False,37,42,99.99998252424095,0.0
0.5,20.0,False,38,42,99.99996597975667,0.0
0.5,20.0,False,39,42,99.99997141784218,0.0
0.5,20.0,False,40,42,99.99998485709551,0.0
0.5,20.0,False,41,42,99.99998459909827,0.0
0.5,20.0,False,42,42,99.99998426734011,0.0
0.5,20.0,False,43,42,99.99998818236546,0.0
0.5,20.0,False,44,42,99.9999838586271,0.0
0.5,20.0,False,45,42,99.99998401709156,0.0
0.5,20.0,False,46,42,99.99998296608614,0.0
0.5,20.0,False,47,42,99.99997448971686,0.0
0.5,20.0,False,48,42,99.9999988615802,0.0
0.5,20.0,False,49,42,99.99998354860784,0.0
0.5,20.0,False,50,42,99.99998334837046,0.0
0.5,20.0,False,1,43,12.579282681276176,0.3
0.5,20.0,False,2,43,100.01873335552861,0.0
0.5,20.0,False,3,43,100.00001848323026,0.0
0.5,20.0,False,4,43,100.00001981681281,0.0
0.5,20.0,False,5,43,100.00002738253816,0.0
0.5,20.0,False,6,43,100.00002478937903,0.0
0.5,20.0,False,7,43,100.0000183827069,0.0
0.5,20.0,False,8,43,100.00001153960312,0.0
0.5,20.0,False,9,43,100.00001097462216,0.0
0.5,20.0,False,10,43,99.99999608831779,0.0
0.5,20.0,False,11,43,99.99999655184645,0.0
0.5,20.0,False,12,43,100.00002215121657,0.0
0.5,20.0,False,13,43,100.00001151986763,0.0
0.5,20.0,False,14,43,100.0000115002806,0.0
0.5,20.0,False,15,43,100.0000025311121,0.0
0.5,20.0,False,16,43,100.00001016040756,0.0
0.5,20.0,False,17,43,100.0000188435834,0.0
0.5,20.0,False,18,43,100.00001777581254,0.0
0.5,20.0,False,19,43,100.00002417128611,0.0
0.5,20.0,False,20,43,100.00002614830488,0.0
0.5,20.0,False,21,43,99.9999795575697,0.0
0.5,20.0,False,22,43,99.99997587107619,0.0
0.5,20.0,False,23,43,99.99997942896184,0.0
0.5,20.0,False,24,43,99.99997830581063,0.0
0.5,20.0,False,25,43,99.9999795140953,0.0
0.5,20.0,False,26,43,99.99997530312419,0.0
0.5,20.0,False,27,43,99.99997886826415,0.0
0.5,20.0,False,28,43,99.99997558986446,0.0
0.5,20.0,False,29,43,99.99997876651474,0.0
0.5,20.0,False,30,43,99.99999035373028,0.0
0.5,20.0,False,31,43,100.00000012638667,0.0
0.5,20.0,False,32,43,99.99999688584882,0.0
0.5,20.0,False,33,43,100.00000553376904,0.0
0.5,20.0,False,34,43,100.00000503591625,0.0
0.5,20.0,False,35,43,99.99999170724544,0.0
0.5,20.0,False,36,43,99.99999362352528,0.0
0.5,20.0,False,37,43,99.99999866615521,0.0
0.5,20.0,False,38,43,99.99999794197758,0.0
0.5,20.0,False,39,43,99.99999766048474,0.0
0.5,20.0,False,40,43,99.99999807774634,0.0
0.5,20.0,False,41,43,99.99998700175364,0.0
0.5,20.0,False,42,43,99.99999432962473,0.0
0.5,20.0,False,43,43,99.99999707214097,0.0
0.5,20.0,False,44,43,99.99999875863142,0.0
0.5,20.0,False,45,43,99.99999879429431,0.0
0.5,20.0,False,46,43,99.99999960006033,0.0
0.5,20.0,False,47,43,100.00000325210007,0.0
0.5,20.0,False,48,43,99.99999854210128,0.0
0.5,20.0,False,49,43,99.999985608147,0.0
0.5,20.0,False,50,43,99.99998752186198,0.0
0.5,20.0,False,1,44,12.508943714265014,0.3
0.5,20.0,False,2,44,100.02038664777777,0.0
0.5,20.0,False,3,44,99.9997778449171,0.0
0.5,20.0,False,4,44,99.99978547693257,0.0
0.5,20.0,False,5,44,99.99983191033687,0.0
0.5,20.0,False,6,44,99.99986152944447,0.0
0.5,20.0,False,7,44,99.99985534045773,0.0
0.5,20.0,False,8,44,99.99986837140077,0.0
0.5,20.0,False,9,44,99.99987479843779,0.0
0.5,20.0,False,10,44,99.99991043494813,0.0
0.5,20.0,False,11,44,99.99992033496306,0.0
0.5,20.0,False,12,44,99.99996299541971,0.0
0.5,20.0,False,13,44,99.99997169277972,0.0
0.5,20.0,False,14,44,99.99993238741257,0.0
0.5,20.0,False,15,44,99.99992325324962,0.0
0.5,20.0,False,16,44,99.99993828551584,0.0
0.5,20.0,False,17,44,99.99998538429104,0.0
0.5,20.0,False,18,44,100.00002589891596,0.0
0.5,20.0,False,19,44,100.00002612143737,0.0
0.5,20.0,False,20,44,100.00001760773301,0.0
0.5,20.0,False,21,44,100.0000209225617,0.0
0.5,20.0,False,22,44,100.00001608604775,0.0
0.5,20.0,False,23,44,99.99997723744353,0.0
0.5,20.0,False,24,44,99.99996937769473,0.0
0.5,20.0,False,25,44,99.99996585994425,0.0
0.5,20.0,False,26,44,99.99996795001996,0.0
0.5,20.0,False,27,44,99.99995870475996,0.0
0.5,20.0,False,28,44,99.99996970376549,0.0
0.5,20.0,False,29,44,99.99997611665859,0.0
0.5,20.0,False,30,44,99.99997031040235,0.0
0.5,20.0,False,31,44,99.99996960505655,0.0
0.5,20.0,False,32,44,99.99996820232485,0.0
0.5,20.0,False,33,44,99.99997996364644,0.0
0.5,20.0,False,34,44,99.99998864632441,0.0
0.5,20.0,False,35,44,99.99998444879583,0.0
0.5,20.0,False,36,44,99.99998173144661,0.0
0.5,20.0,False,37,44,99.99999442787953,0.0
0.5,20.0,False,38,44,99.99999452947617,0.0
0.5,20.0,False,39,44,99.9999955161955,0.0
0.5,20.0,False,40,44,100.00000172264927,0.0
0.5,20.0,False,41,44,100.00000298066766,0.0
0.5,20.0,False,42,44,100.00000869573077,0.0
0.5,20.0,False,43,44,100.00000948483228,0.0
0.5,20.0,False,44,44,100.00000927837016,0.0
0.5,20.0,False,45,44,100.00000930539375,0.0
0.5,20.0,False,46,44,100.00000610201661,0.0
0.5,20.0,False,47,44,100.00001028375294,0.0
0.5,20.0,False,48,44,100.0000016735392,0.0
0.5,20.0,False,49,44,100.00000557517643,0.0
0.5,20.0,False,50,44,100.00001366270953,0.0
0.5,20.0,False,1,45,12.515964245158589,0.3
0.5,20.0,False,2,45,100.0165760195526,0.0
0.5,20.0,False,3,45,100.00005517297674,0.0
0.5,20.0,False,4,45,99.999986947097,0.0
0.5,20.0,False,5,45,100.00001075360464,0.0
0.5,20.0,False,6,45,99.99999844191537,0.0
0.5,20.0,False,7,45,99.99999849886922,0.0
0.5,20.0,False,8,45,100.00001275002052,0.0
0.5,20.0,False,9,45,100.00001816294731,0.0
0.5,20.0,False,10,45,99.99997596606734,0.0
0.5,20.0,False,11,45,99.99997370144314,0.0
0.5,20.0,False,12,45,99.99993642843542,0.0
0.5,20.0,False,13,45,99.99995053602815,0.0
0.5,20.0,False,14,45,99.99995046502454,0.0
0.5,20.0,False,15,45,99.99994283489625,0.0
0.5,20.0,False,16,45,99.99995651299885,0.0
0.5,20.0,False,17,45,99.99996979741417,0.0
0.5,20.0,False,18,45,99.99995746284131,0.0
0.5,20.0,False,19,45,99.99996079780823,0.0
0.5,20.0,False,20,45,99.99998171530021,0.0
0.5,20.0,False,21,45,99.99997833736398,0.0
0.5,20.0,False,22,45,99.99998372566043,0.0
0.5,20.0,False,23,45,99.99998208433557,0.0
0.5,20.0,False,24,45,99.99996814782092,0.0
0.5,20.0,False,25,45,99.99998448139249,0.0
0.5,20.0,False,26,45,99.99995401107317,0.0
0.5,20.0,False,27,45,99.99994054229882,0.0
0.5,20.0,False,28,45,99.99994104490591,0.0
0.5,20.0,False,29,45,99.99994186747622,0.0
0.5,20.0,False,30,45,99.99994404760011,0.0
0.5,20.0,False,31,45,99.99997819395232,0.0
0.5,20.0,False,32,45,99.99999776240705,0.0
0.5,20.0,False,33,45,100.00000403365419,0.0
0.5,20.0,False,34,45,100.00002105893935,0.0
0.5,20.0,False,35,45,100.0000265528694,0.0
0.5,20.0,False,36,45,100.00002218602388,0.0
0.5,20.0,False,37,45,100.0000223150284,0.0
0.5,20.0,False,38,45,100.00000361228012,0.0
0.5,20.0,False,39,45,100.00001393284026,0.0
0.5,20.0,False,40,45,100.00001379513265,0.0
0.5,20.0,False,41,45,100.00002631651768,0.0
0.5,20.0,False,42,45,100.00002624599006,0.0
0.5,20.0,False,43,45,100.00003105239044,0.0
0.5,20.0,False,44,45,100.00003714764809,0.0
0.5,20.0,False,45,45,100.00003308277493,0.0
0.5,20.0,False,46,45,100.00002315597888,0.0
0.5,20.0,False,47,45,100.00002284287191,0.0
0.5,20.0,False,48,45,100.00002728489491,0.0
0.5,20.0,False,49,45,100.00003576048141,0.0
0.5,20.0,False,50,45,100.00003393746772,0.0
0.5,20.0,False,1,46,12.492439299434043,0.3
0.5,20.0,False,2,46,100.01762287563353,0.0
0.5,20.0,False,3,46,100.00000651380063,0.0
0.5,20.0,False,4,46,99.99995876518625,0.0
0.5,20.0,False,5,46,99.99997769905825,0.0
0.5,20.0,False,6,46,100.00000088521142,0.0
0.5,20.0,False,7,46,99.99999258037045,0.0
0.5,20.0,False,8,46,99.99999391629721,0.0
0.5,20.0,False,9,46,99.99998019913264,0.0
0.5,20.0,False,10,46,99.99997933348254,0.0
0.5,20.0,False,11,46,99.99997479941268,0.0
0.5,20.0,False,12,46,99.99997424138729,0.0
0.5,20.0,False,13,46,100.00002101834889,0.0
0.5,20.0,False,14,46,100.00004152428554,0.0
0.5,20.0,False,15,46,100.00005819661673,0.0
0.5,20.0,False,16,46,100.00006431731772,0.0
0.5,20.0,False,17,46,100.00006187643184,0.0
0.5,20.0,False,18,46,100.00005905558794,0.0
0.5,20.0,False,19,46,100.00005881504771,0.0
0.5,20.0,False,20,46,100.00005698687073,0.0
0.5,20.0,False,21,46,100.00004250368231,0.0
0.5,20.0,False,22,46,100.0000407280885,0.0
0.5,20.0,False,23,46,100.00004557502875,0.0
0.5,20.0,False,24,46,100.00004870078492,0.0
0.5,20.0,False,25,46,100.00004415433423,0.0
0.5,20.0,False,26,46,100.00004110754864,0.0
0.5,20.0,False,27,46,100.00005740190961,0.0
0.5,20.0,False,28,46,100.00005871320258,0.0
0.5,20.0,False,29,46,100.00005288989689,0.0
0.5,20.0,False,30,46,100.00005633402961,0.0
0.5,20.0,False,31,46,100.00004150417264,0.0
0.5,20.0,False,32,46,100.0000364984594,0.0
0.5,20.0,False,33,46,100.00001504142116,0.0
0.5,20.0,False,34,46,99.99999839447497,0.0
0.5,20.0,False,35,46,99.999997172631,0.0
0.5,20.0,False,36,46,100.00000669315763,0.0
0.5,20.0,False,37,46,100.00003385852477,0.0
0.5,20.0,False,38,46,100.00003287206309,0.0
0.5,20.0,False,39,46,100.00003205152163,0.0
0.5,20.0,False,40,46,100.00002040703365,0.0
0.5,20.0,False,41,46,100.0000277501864,0.0
0.5,20.0,False,42,46,100.00002469078045,0.0
0.5,20.0,False,43,46,100.00001551573541,0.0
0.5,20.0,False,44,46,100.00001063528245,0.0
0.5,20.0,False,45,46,100.0000156802324,0.0
0.5,20.0,False,46,46,100.00001589315615,0.0
0.5,20.0,False,47,46,100.00001130993998,0.0
0.5,20.0,False,48,46,100.00001070013347,0.0
0.5,20.0,False,49,46,99.99999873633723,0.0
0.5,20.0,False,50,46,99.99999570306235,0.0
1.0,5.0,True,1,42,101.70257883943397,0.0
1.0,5.0,True,2,42,100.00164527976332,0.0
1.0,5.0,True,3,42,100.00007126989536,0.0
1.0,5.0,True,4,42,100.00007112702346,0.0
1.0,5.0,True,5,42,100.00005045089122,0.0
1.0,5.0,True,6,42,100.00007059433915,0.0
1.0,5.0,True,7,42,100.00007121941303,0.0
1.0,5.0,True,8,42,100.00006385765708,0.0
1.0,5.0,True,9,42,100.00005717110918,0.0
1.0,5.0,True,10,42,100.00003025334428,0.0
1.0,5.0,True,11,42,100.0000239437961,0.0
1.0,5.0,True,12,42,100.00001595420241,0.0
1.0,5.0,True,13,42,100.00001594649494,0.0
1.0,5.0,True,14,42,100.00001378355128,0.0
1.0,5.0,True,15,42,100.00001410713436,0.0
1.0,5.0,True,16,42,100.00001305133483,0.0
1.0,5.0,True,17,42,100.00001330124582,0.0
1.0,5.0,True,18,42,100.0000093185376,0.0
1.0,5.0,True,19,42,100.00002479699218,0.0
1.0,5.0,True,20,42,100.00002472782596,0.0
1.0,5.0,True,21,42,100.00001901291004,0.0
1.0,5.0,True,22,42,100.00001999608753,0.0
1.0,5.0,True,23,42,100.00001254355887,0.0
1.0,5.0,True,24,42,100.00001287199404,0.0
1.0,5.0,True,25,42,100.00001597742266,0.0
1.0,5.0,True,26,42,100.00001799517072,0.0
1.0,5.0,True,27,42,100.00002045628119,0.0
1.0,5.0,True,28,42,100.00001056464417,0.0
1.0,5.0,True,29,42,100.00000960561717,0.0
1.0,5.0,True,30,42,99.99999854727363,0.0
1.0,5.0,True,31,42,100.00000008970193,0.0
1.0,5.0,True,32,42,100.00000013076946,0.0
1.0,5.0,True,33,42,99.99999186214981,0.0
1.0,5.0,True,34,42,99.999992139753,0.0
1.0,5.0,True,35,42,99.99999718017217,0.0
1.0,5.0,True,36,42,99.99999749607974,0.0
1.0,5.0,True,37,42,100.00001184991345,0.0
1.0,5.0,True,38,42,99.99999874088441,0.0
1.0,5.0,True,39,42,99.9999953811456,0.0
1.0,5.0,True,40,42,99.99999859244164,0.0
1.0,5.0,True,41,42,99.9999975355468,0.0
1.0,5.0,True,42,42,99.99999818819678,0.0
1.0,5.0,True,43,42,99.99999865512878,0.0
1.0,5.0,True,44,42,99.99999574752508,0.0
1.0,5.0,True,45,42,99.9999946405878,0.0
1.0,5.0,True,46,42,99.99999482748186,0.0
1.0,5.0,True,47,42,99.99999714496758,0.0
1.0,5.0,True,48,42,99.99999960439384,0.0
1.0,5.0,True,49,42,99.999990479443,0.0
1.0,5.0,True,50,42,99.99999054893931,0.0
1.0,5.0,True,1,43,101.7083467779988,0.0
1.0,5.0,True,2,43,100.00097738061635,0.0
1.0,5.0,True,3,43,100.0000139863491,0.0
1.0,5.0,True,4,43,100.00001518783688,0.0
1.0,5.0,True,5,43,100.0000190884077,0.0
1.0,5.0,True,6,43,100.00001162178162,0.0
1.0,5.0,True,7,43,100.00002390391717,0.0
1.0,5.0,True,8,43,100.00001138023299,0.0
1.0,5.0,True,9,43,100.00000868435129,0.0
1.0,5.0,True,10,43,99.99999893339708,0.0
1.0,5.0,True,11,43,100.00000323591298,0.0
1.0,5.0,True,12,43,100.00000967762239,0.0
1.0,5.0,True,13,43,100.00000583164227,0.0
1.0,5.0,True,14,43,100.00000556662715,0.0
1.0,5.0,True,15,43,100.00000449498377,0.0
1.0,5.0,True,16,43,100.00000597265746,0.0
1.0,5.0,True,17,43,100.00001021949143,0.0
1.0,5.0,True,18,43,100.00000791276773,0.0
1.0,5.0,True,19,43,100.00000976625998,0.0
1.0,5.0,True,20,43,100.00001223397429,0.0
1.0,5.0,True,21,43,99.99998857736064,0.0
1.0,5.0,True,22,43,99.9999861917277,0.0
1.0,5.0,True,23,43,99.9999876211709,0.0
1.0,5.0,True,24,43,99.99998783366982,0.0
1.0,5.0,True,25,43,99.99998600804422,0.0
1.0,5.0,True,26,43,99.99998612094461,0.0
1.0,5.0,True,27,43,99.99998837130366,0.0
1.0,5.0,True,28,43,99.99998643228344,0.0
1.0,5.0,True,29,43,99.99998911658513,0.0
1.0,5.0,True,30,43,99.99999552592992,0.0
1.0,5.0,True,31,43,99.99999952717017,0.0
1.0,5.0,True,32,43,99.99999667043255,0.0
1.0,5.0,True,33,43,100.00000426032386,0.0
1.0,5.0,True,34,43,100.0000039555941,0.0
1.0,5.0,True,35,43,99.99999818754173,0.0
1.0,5.0,True,36,43,99.99999735427447,0.0
1.0,5.0,True,37,43,99.99999972823147,0.0
1.0,5.0,True,38,43,99.99999973364692,0.0
1.0,5.0,True,39,43,100.0000019741669,0.0
1.0,5.0,True,40,43,99.99999955909641,0.0
1.0,5.0,True,41,43,99.99998960059804,0.0
1.0,5.0,True,42,43,99.99999766903271,0.0
1.0,5.0,True,43,43,99.9999967422786,0.0
1.0,5.0,True,44,43,99.9999969115836,0.0
1.0,5.0,True,45,43,100.00000078093962,0.0
1.0,5.0,True,46,43,100.00000233495916,0.0
1.0,5.0,True,47,43,100.00000114682658,0.0
1.0,5.0,True,48,43,99.99999921626397,0.0
1.0,5.0,True,49,43,99.9999924433832,0.0
1.0,5.0,True,50,43,99.99999488620946,0.0
1.0,5.0,True,1,44,101.7118450017459,0.0
1.0,5.0,True,2,44,100.00137216927789,0.0
1.0,5.0,True,3,44,99.99986654786139,0.0
1.0,5.0,True,4,44,99.99986707868207,0.0
1.0,5.0,True,5,44,99.99989920230252,0.0
1.0,5.0,True,6,44,99.99991262852315,0.0
1.0,5.0,True,7,44,99.9999123958307,0.0
1.0,5.0,True,8,44,99.99991222736321,0.0
1.0,5.0,True,9,44,99.99991343909028,0.0
1.0,5.0,True,10,44,99.99992620699214,0.0
1.0,5.0,True,11,44,99.99992623619966,0.0
1.0,5.0,True,12,44,99.99996148352082,0.0
1.0,5.0,True,13,44,99.99996835688319,0.0
1.0,5.0,True,14,44,99.99995918196731,0.0
1.0,5.0,True,15,44,99.99994785352447,0.0
1.0,5.0,True,16,44,99.99995413973653,0.0
1.0,5.0,True,17,44,99.99997664406894,0.0
1.0,5.0,True,18,44,99.99998969565453,0.0
1.0,5.0,True,19,44,99.9999929319286,0.0
1.0,5.0,True,20,44,99.99999221625752,0.0
1.0,5.0,True,21,44,99.99999332746671,0.0
1.0,5.0,True,22,44,99.99999189781754,0.0
1.0,5.0,True,23,44,99.99998052100553,0.0
1.0,5.0,True,24,44,99.99997502235814,0.0
1.0,5.0,True,25,44,99.99997440885048,0.0
1.0,5.0,True,26,44,99.999978573688,0.0
1.0,5.0,True,27,44,99.99998065751957,0.0
1.0,5.0,True,28,44,99.99996847037973,0.0
1.0,5.0,True,29,44,99.99996737695318,0.0
1.0,5.0,True,30,44,99.99997882062594,0.0
1.0,5.0,True,31,44,99.99997908699522,0.0
1.0,5.0,True,32,44,99.99997902843009,0.0
1.0,5.0,True,33,44,99.99998614603041,0.0
1.0,5.0,True,34,44,99.9999890735437,0.0
1.0,5.0,True,35,44,99.99998555950765,0.0
1.0,5.0,True,36,44,99.99998441999031,0.0
1.0,5.0,True,37,44,99.99999022531271,0.0
1.0,5.0,True,38,44,99.99999035518096,0.0
1.0,5.0,True,39,44,99.99999158127945,0.0
1.0,5.0,True,40,44,99.99998492353257,0.0
1.0,5.0,True,41,44,99.999994713013,0.0
1.0,5.0,True,42,44,99.9999960273735,0.0
1.0,5.0,True,43,44,100.00000006469602,0.0
1.0,5.0,True,44,44,100.00000079778664,0.0
1.0,5.0,True,45,44,100.00000046118745,0.0
1.0,5.0,True,46,44,99.99999971787318,0.0
1.0,5.0,True,47,44,100.00000297300107,0.0
1.0,5.0,True,48,44,99.99999876309121,0.0
1.0,5.0,True,49,44,100.00000154120772,0.0
1.0,5.0,True,50,44,100.00000146478911,0.0
1.0,5.0,True,1,45,101.70160336382435,0.0
1.0,5.0,True,2,45,100.00043516769338,0.0
1.0,5.0,True,3,45,100.00002912884483,0.0
1.0,5.0,True,4,45,99.99999578559917,0.0
1.0,5.0,True,5,45,100.00000547134903,0.0
1.0,5.0,True,6,45,100.00000004400667,0.0
1.0,5.0,True,7,45,100.00000034350458,0.0
1.0,5.0,True,8,45,100.00000306363037,0.0
1.0,5.0,True,9,45,100.00000906622938,0.0
1.0,5.0,True,10,45,99.99999064474477,0.0
1.0,5.0,True,11,45,99.9999904448822,0.0
1.0,5.0,True,12,45,99.99997231907138,0.0
1.0,5.0,True,13,45,99.99997767083812,0.0
1.0,5.0,True,14,45,99.99997735708777,0.0
1.0,5.0,True,15,45,99.99997623003571,0.0
1.0,5.0,True,16,45,99.99997048881802,0.0
1.0,5.0,True,17,45,99.99996259876693,0.0
1.0,5.0,True,18,45,99.99995967739217,0.0
1.0,5.0,True,19,45,99.99998369286016,0.0
1.0,5.0,True,20,45,99.99998527350432,0.0
1.0,5.0,True,21,45,99.99998738967307,0.0
1.0,5.0,True,22,45,99.99998810361191,0.0
1.0,5.0,True,23,45,99.999990670235,0.0
1.0,5.0,True,24,45,99.9999829784503,0.0
1.0,5.0,True,25,45,99.9999950346662,0.0
1.0,5.0,True,26,45,99.99998295042593,0.0
1.0,5.0,True,27,45,99.99997245803442,0.0
1.0,5.0,True,28,45,99.99997272870104,0.0
1.0,5.0,True,29,45,99.99997226921195,0.0
1.0,5.0,True,30,45,99.99997331242736,0.0
1.0,5.0,True,31,45,99.99998292040908,0.0
1.0,5.0,True,32,45,99.99998299501806,0.0
1.0,5.0,True,33,45,99.99999694851698,0.0
1.0,5.0,True,34,45,100.0000013722726,0.0
1.0,5.0,True,35,45,100.0000098725475,0.0
1.0,5.0,True,36,45,100.00000654562768,0.0
1.0,5.0,True,37,45,100.00000664125538,0.0
1.0,5.0,True,38,45,99.99999993095552,0.0
1.0,5.0,True,39,45,100.00000757011182,0.0
1.0,5.0,True,40,45,100.00000874096543,0.0
1.0,5.0,True,41,45,100.00001202661184,0.0
1.0,5.0,True,42,45,100.00001202862913,0.0
1.0,5.0,True,43,45,100.00001382442582,0.0
1.0,5.0,True,44,45,100.00001282777328,0.0
1.0,5.0,True,45,45,100.0000099537481,0.0
1.0,5.0,True,46,45,100.00000707990051,0.0
1.0,5.0,True,47,45,100.00000602708943,0.0
1.0,5.0,True,48,45,100.0000107209176,0.0
1.0,5.0,True,49,45,100.00001252105926,0.0
1.0,5.0,True,50,45,100.00001009151757,0.0
1.0,5.0,True,1,46,101.70637683816445,0.0
1.0,5.0,True,2,46,100.0007558796132,0.0
1.0,5.0,True,3,46,100.00002700676778,0.0
1.0,5.0,True,4,46,100.00000124238926,0.0
1.0,5.0,True,5,46,100.00001260888277,0.0
1.0,5.0,True,6,46,100.00002064891373,0.0
1.0,5.0,True,7,46,100.00001857043509,0.0
1.0,5.0,True,8,46,100.00002082084941,0.0
1.0,5.0,True,9,46,99.99999218550568,0.0
1.0,5.0,True,10,46,99.99999153563618,0.0
1.0,5.0,True,11,46,99.99999145581984,0.0
1.0,5.0,True,12,46,99.99999068302856,0.0
1.0,5.0,True,13,46,100.00001183583362,0.0
1.0,5.0,True,14,46,100.000022611513,0.0
1.0,5.0,True,15,46,100.00002259628782,0.0
1.0,5.0,True,16,46,100.00002396985661,0.0
1.0,5.0,True,17,46,100.00002015660124,0.0
1.0,5.0,True,18,46,100.00001729681912,0.0
1.0,5.0,True,19,46,100.00002358222346,0.0
1.0,5.0,True,20,46,100.00002342504952,0.0
1.0,5.0,True,21,46,100.00001797655594,0.0
1.0,5.0,True,22,46,100.00001685707545,0.0
1.0,5.0,True,23,46,100.00001732391686,0.0
1.0,5.0,True,24,46,100.00001795949431,0.0
1.0,5.0,True,25,46,100.00001396358931,0.0
1.0,5.0,True,26,46,100.00001493258844,0.0
1.0,5.0,True,27,46,100.00002294579323,0.0
1.0,5.0,True,28,46,100.00002263773942,0.0
1.0,5.0,True,29,46,100.00002091312112,0.0
1.0,5.0,True,30,46,100.00001939597595,0.0
1.0,5.0,True,31,46,100.00000820297,0.0
1.0,5.0,True,32,46,100.00000943993771,0.0
1.0,5.0,True,33,46,100.00000301592513,0.0
1.0,5.0,True,34,46,99.99999589789579,0.0
1.0,5.0,True,35,46,99.99999500536055,0.0
1.0,5.0,True,36,46,100.00000128312979,0.0
1.0,5.0,True,37,46,100.00001528634323,0.0
1.0,5.0,True,38,46,100.00000943643468,0.0
1.0,5.0,True,39,46,100.00001191742633,0.0
1.0,5.0,True,40,46,100.00000545671693,0.0
1.0,5.0,True,41,46,100.00000177794567,0.0
1.0,5.0,True,42,46,100.00000170046113,0.0
1.0,5.0,True,43,46,100.00000038083695,0.0
1.0,5.0,True,44,46,99.99999738623794,0.0
1.0,5.0,True,45,46,100.00000034843964,0.0
1.0,5.0,True,46,46,100.00000373794757,0.0
1.0,5.0,True,47,46,100.00000472128059,0.0
1.0,5.0,True,48,46,100.0000044523787,0.0
1.0,5.0,True,49,46,99.9999993671612,0.0
1.0,5.0,True,50,46,99.99999960744739,0.0
1.0,5.0,False,1,42,99.1551714542935,0.0
1.0,5.0,False,2,42,100.0019284813302,0.0
1.0,5.0,False,3,42,100.00004760327897,0.0
1.0,5.0,False,4,42,100.00004762140385,0.0
1.0,5.0,False,5,42,100.00002808306388,0.0
1.0,5.0,False,6,42,100.00005381703278,0.0
1.0,5.0,False,7,42,100.00005388775573,0.0
1.0,5.0,False,8,42,100.00005258323549,0.0
1.0,5.0,False,9,42,100.00004424867305,0.0
1.0,5.0,False,10,42,100.00001571136812,0.0
1.0,5.0,False,11,42,100.00000520722662,0.0
1.0,5.0,False,12,42,99.99999771861123,0.0
1.0,5.0,False,13,42,99.99999795729363,0.0
1.0,5.0,False,14,42,99.99999607356759,0.0
1.0,5.0,False,15,42,99.99999517145207,0.0
1.0,5.0,False,16,42,99.99999543034056,0.0
1.0,5.0,False,17,42,99.9999920204067,0.0
1.0,5.0,False,18,42,99.99999516971799,0.0
1.0,5.0,False,19,42,100.00000569402688,0.0
1.0,5.0,False,20,42,100.00000645999474,0.0
1.0,5.0,False,21,42,100.00000035782068,0.0
1.0,5.0,False,22,42,100.00000152614513,0.0
1.0,5.0,False,23,42,99.99999377762319,0.0
1.0,5.0,False,24,42,99.99999399977243,0.0
1.0,5.0,False,25,42,99.99999519480205,0.0
1.0,5.0,False,26,42,99.99999528607903,0.0
1.0,5.0,False,27,42,100.00000059189617,0.0
1.0,5.0,False,28,42,99.99999183698449,0.0
1.0,5.0,False,29,42,99.99998257505703,0.0
1.0,5.0,False,30,42,99.99998391736331,0.0
1.0,5.0,False,31,42,99.9999839184168,0.0
1.0,5.0,False,32,42,99.99998390280672,0.0
1.0,5.0,False,33,42,99.9999801219146,0.0
1.0,5.0,False,34,42,99.99997440710783,0.0
1.0,5.0,False,35,42,99.99998177977307,0.0
1.0,5.0,False,36,42,99.99998824701618,0.0
1.0,5.0,False,37,42,99.9999909945567,0.0
1.0,5.0,False,38,42,99.99998553507558,0.0
1.0,5.0,False,39,42,99.99998803756927,0.0
1.0,5.0,False,40,42,99.99999232250929,0.0
1.0,5.0,False,41,42,99.9999920372148,0.0
1.0,5.0,False,42,42,99.99999171035327,0.0
1.0,5.0,False,43,42,99.99999409647728,0.0
1.0,5.0,False,44,42,99.99999240438535,0.0
1.0,5.0,False,45,42,99.99999264043913,0.0
1.0,5.0,False,46,42,99.99999225970043,0.0
1.0,5.0,False,47,42,99.99998827136392,0.0
1.0,5.0,False,48,42,100.00000087952859,0.0
1.0,5.0,False,49,42,99.99999244216124,0.0
1.0,5.0,False,50,42,99.999992328821,0.0
1.0,5.0,False,1,43,99.15657563826309,0.0
1.0,5.0,False,2,43,100.00125341831514,0.0
1.0,5.0,False,3,43,100.00001725461098,0.0
1.0,5.0,False,4,43,100.00001792031213,0.0
1.0,5.0,False,5,43,100.00002179173407,0.0
1.0,5.0,False,6,43,100.00001865592944,0.0
1.0,5.0,False,7,43,100.00002523057209,0.0
1.0,5.0,False,8,43,100.00001827641623,0.0
1.0,5.0,False,9,43,100.0000177429906,0.0
1.0,5.0,False,10,43,100.00000142466516,0.0
1.0,5.0,False,11,43,100.00000099126686,0.0
1.0,5.0,False,12,43,100.00001008108593,0.0
1.0,5.0,False,13,43,100.00000392538814,0.0
1.0,5.0,False,14,43,100.00000391816232,0.0
1.0,5.0,False,15,43,100.00000109580645,0.0
1.0,5.0,False,16,43,100.00000394545836,0.0
1.0,5.0,False,17,43,100.0000103209886,0.0
1.0,5.0,False,18,43,100.00000698293871,0.0
1.0,5.0,False,19,43,100.00001073783463,0.0
1.0,5.0,False,20,43,100.00001114330726,0.0
1.0,5.0,False,21,43,99.9999868365112,0.0
1.0,5.0,False,22,43,99.99998457053033,0.0
1.0,5.0,False,23,43,99.99998622252505,0.0
1.0,5.0,False,24,43,99.99998542474786,0.0
1.0,5.0,False,25,43,99.99998656792737,0.0
1.0,5.0,False,26,43,99.99998453466797,0.0
1.0,5.0,False,27,43,99.99998631314179,0.0
1.0,5.0,False,28,43,99.99998480984392,0.0
1.0,5.0,False,29,43,99.99998624059047,0.0
1.0,5.0,False,30,43,99.99999266833764,0.0
1.0,5.0,False,31,43,99.99999758571425,0.0
1.0,5.0,False,32,43,99.99999571209207,0.0
1.0,5.0,False,33,43,100.00000244130398,0.0
1.0,5.0,False,34,43,100.00000219611071,0.0
1.0,5.0,False,35,43,99.99999508058849,0.0
1.0,5.0,False,36,43,99.99999640878232,0.0
1.0,5.0,False,37,43,99.99999923527577,0.0
1.0,5.0,False,38,43,99.99999887337866,0.0
1.0,5.0,False,39,43,99.99999815434049,0.0
1.0,5.0,False,40,43,99.9999998643546,0.0
1.0,5.0,False,41,43,99.99999350735025,0.0
1.0,5.0,False,42,43,99.99999652336535,0.0
1.0,5.0,False,43,43,99.99999801402285,0.0
1.0,5.0,False,44,43,99.99999878731582,0.0
1.0,5.0,False,45,43,99.99999878274573,0.0
1.0,5.0,False,46,43,99.99999908781473,0.0
1.0,5.0,False,47,43,100.00000118349976,0.0
1.0,5.0,False,48,43,99.99999850799722,0.0
1.0,5.0,False,49,43,99.99999306793714,0.0
1.0,5.0,False,50,43,99.9999941500451,0.0
1.0,5.0,False,1,44,99.15794725778586,0.0
1.0,5.0,False,2,44,100.00169703481448,0.0
1.0,5.0,False,3,44,99.99988690828513,0.0
1.0,5.0,False,4,44,99.9998908581604,0.0
1.0,5.0,False,5,44,99.99991397538253,0.0
1.0,5.0,False,6,44,99.99992780244735,0.0
1.0,5.0,False,7,44,99.99992503154178,0.0
1.0,5.0,False,8,44,99.9999311689622,0.0
1.0,5.0,False,9,44,99.99993403461026,0.0
1.0,5.0,False,10,44,99.9999524181134,0.0
1.0,5.0,False,11,44,99.99995764014645,0.0
1.0,5.0,False,12,44,99.99997794720412,0.0
1.0,5.0,False,13,44,99.99998225660171,0.0
1.0,5.0,False,14,44,99.99996312064162,0.0
1.0,5.0,False,15,44,99.9999611718491,0.0
1.0,5.0,False,16,44,99.99996447456778,0.0
1.0,5.0,False,17,44,99.99999149041572,0.0
1.0,5.0,False,18,44,100.00001092688743,0.0
1.0,5.0,False,19,44,100.00001088307573,0.0
1.0,5.0,False,20,44,100.00000654451745,0.0
1.0,5.0,False,21,44,100.00000811693766,0.0
1.0,5.0,False,22,44,100.00000637082748,0.0
1.0,5.0,False,23,44,99.99998768716185,0.0
1.0,5.0,False,24,44,99.9999835616365,0.0
1.0,5.0,False,25,44,99.99998169013321,0.0
1.0,5.0,False,26,44,99.99998304296454,0.0
1.0,5.0,False,27,44,99.99997924536476,0.0
1.0,5.0,False,28,44,99.99998513092417,0.0
1.0,5.0,False,29,44,99.99998822471025,0.0
1.0,5.0,False,30,44,99.99998642623989,0.0
1.0,5.0,False,31,44,99.99998613833802,0.0
1.0,5.0,False,32,44,99.99998483633385,0.0
1.0,5.0,False,33,44,99.99999143560322,0.0
1.0,5.0,False,34,44,99.99999582886153,0.0
1.0,5.0,False,35,44,99.99999365878091,0.0
1.0,5.0,False,36,44,99.99999194283843,0.0
1.0,5.0,False,37,44,99.99999766872082,0.0
1.0,5.0,False,38,44,99.99999768379331,0.0
1.0,5.0,False,39,44,99.99999815069862,0.0
1.0,5.0,False,40,44,99.9999997781113,0.0
1.0,5.0,False,41,44,100.00000277032684,0.0
1.0,5.0,False,42,44,100.00000570895745,0.0
1.0,5.0,False,43,44,100.00000630461679,0.0
1.0,5.0,False,44,44,100.00000622079241,0.0
1.0,5.0,False,45,44,100.00000621983884,0.0
1.0,5.0,False,46,44,100.00000512631419,0.0
1.0,5.0,False,47,44,100.000006586458,0.0
1.0,5.0,False,48,44,100.00000243348015,0.0
1.0,5.0,False,49,44,100.00000418290594,0.0
1.0,5.0,False,50,44,100.0000075575491,0.0
1.0,5.0,False,1,45,99.15416673526494,0.0
1.0,5.0,False,2,45,100.00068785633148,0.0
1.0,5.0,False,3,45,100.00002155667067,0.0
1.0,5.0,False,4,45,99.99998799475797,0.0
1.0,5.0,False,5,45,99.99999896334077,0.0
1.0,5.0,False,6,45,99.99999365110041,0.0
1.0,5.0,False,7,45,99.99999371280786,0.0
1.0,5.0,False,8,45,100.0000008562135,0.0
1.0,5.0,False,9,45,100.00000354587266,0.0
1.0,5.0,False,10,45,99.99998297051434,0.0
1.0,5.0,False,11,45,99.99998235592577,0.0
1.0,5.0,False,12,45,99.99996346242017,0.0
1.0,5.0,False,13,45,99.99997118229942,0.0
1.0,5.0,False,14,45,99.9999711604402,0.0
1.0,5.0,False,15,45,99.99996406999907,0.0
1.0,5.0,False,16,45,99.9999711736132,0.0
1.0,5.0,False,17,45,99.9999775305266,0.0
1.0,5.0,False,18,45,99.99997195551529,0.0
1.0,5.0,False,19,45,99.99997054399098,0.0
1.0,5.0,False,20,45,99.99998723521492,0.0
1.0,5.0,False,21,45,99.99998807355135,0.0
1.0,5.0,False,22,45,99.99998993570293,0.0
1.0,5.0,False,23,45,99.99998992601516,0.0
1.0,5.0,False,24,45,99.99998286996771,0.0
1.0,5.0,False,25,45,99.99999071959394,0.0
1.0,5.0,False,26,45,99.999974181693,0.0
1.0,5.0,False,27,45,99.99996806960806,0.0
1.0,5.0,False,28,45,99.9999682900492,0.0
1.0,5.0,False,29,45,99.99996860181619,0.0
1.0,5.0,False,30,45,99.99996999620552,0.0
1.0,5.0,False,31,45,99.99998259516943,0.0
1.0,5.0,False,32,45,99.99999471822923,0.0
1.0,5.0,False,33,45,99.99999653494916,0.0
1.0,5.0,False,34,45,100.00000604437331,0.0
1.0,5.0,False,35,45,100.0000084794793,0.0
1.0,5.0,False,36,45,100.0000056659188,0.0
1.0,5.0,False,37,45,100.00000554043967,0.0
1.0,5.0,False,38,45,99.99999543500692,0.0
1.0,5.0,False,39,45,100.00000363409907,0.0
1.0,5.0,False,40,45,100.00000423685317,0.0
1.0,5.0,False,41,45,100.00001222379652,0.0
1.0,5.0,False,42,45,100.00001217704789,0.0
1.0,5.0,False,43,45,100.00001515162072,0.0
1.0,5.0,False,44,45,100.00001787030396,0.0
1.0,5.0,False,45,45,100.00001592391034,0.0
1.0,5.0,False,46,45,100.00001082152394,0.0
1.0,5.0,False,47,45,100.0000108457473,0.0
1.0,5.0,False,48,45,100.00001309268237,0.0
1.0,5.0,False,49,45,100.00001829947684,0.0
1.0,5.0,False,50,45,100.0000171220388,0.0
1.0,5.0,False,1,46,99.1554965307906,0.0
1.0,5.0,False,2,46,100.00095087095073,0.0
1.0,5.0,False,3,46,100.00001632013438,0.0
1.0,5.0,False,4,46,99.99999033416724,0.0
1.0,5.0,False,5,46,99.99999948784401,0.0
1.0,5.0,False,6,46,100.00001584033183,0.0
1.0,5.0,False,7,46,100.00001143044989,0.0
1.0,5.0,False,8,46,100.0000124228157,0.0
1.0,5.0,False,9,46,100.00000018096516,0.0
1.0,5.0,False,10,46,99.99999986354572,0.0
1.0,5.0,False,11,46,99.99999779939407,0.0
1.0,5.0,False,12,46,99.99999581671688,0.0
1.0,5.0,False,13,46,100.00001814403828,0.0
1.0,5.0,False,14,46,100.00002839242643,0.0
1.0,5.0,False,15,46,100.00003266177306,0.0
1.0,5.0,False,16,46,100.00003476794977,0.0
1.0,5.0,False,17,46,100.00003347697583,0.0
1.0,5.0,False,18,46,100.0000321171301,0.0
1.0,5.0,False,19,46,100.00003221240243,0.0
1.0,5.0,False,20,46,100.00003145758704,0.0
1.0,5.0,False,21,46,100.00002378143436,0.0
1.0,5.0,False,22,46,100.00002260321938,0.0
1.0,5.0,False,23,46,100.00002507776216,0.0
1.0,5.0,False,24,46,100.00002654208365,0.0
1.0,5.0,False,25,46,100.00002459675578,0.0
1.0,5.0,False,26,46,100.00002314589182,0.0
1.0,5.0,False,27,46,100.00003106159588,0.0
1.0,5.0,False,28,46,100.00003164497713,0.0
1.0,5.0,False,29,46,100.0000288269276,0.0
1.0,5.0,False,30,46,100.00003036901344,0.0
1.0,5.0,False,31,46,100.0000232005922,0.0
1.0,5.0,False,32,46,100.00002076696762,0.0
1.0,5.0,False,33,46,100.00000924225264,0.0
1.0,5.0,False,34,46,99.99999985914982,0.0
1.0,5.0,False,35,46,99.99999913056966,0.0
1.0,5.0,False,36,46,100.00000375049243,0.0
1.0,5.0,False,37,46,100.00001763590411,0.0
1.0,5.0,False,38,46,100.00001701285348,0.0
1.0,5.0,False,39,46,100.0000166360561,0.0
1.0,5.0,False,40,46,100.00001040404841,0.0
1.0,5.0,False,41,46,100.00001433117217,0.0
1.0,5.0,False,42,46,100.00001269903785,0.0
1.0,5.0,False,43,46,100.00000923645032,0.0
1.0,5.0,False,44,46,100.00000654661685,0.0
1.0,5.0,False,45,46,100.00000901816544,0.0
1.0,5.0,False,46,46,100.00000940305452,0.0
1.0,5.0,False,47,46,100.0000069109591,0.0
1.0,5.0,False,48,46,100.00000664618184,0.0
1.0,5.0,False,49,46,100.00000019416768,0.0
1.0,5.0,False,50,46,99.99999862471205,0.0
1.0,10.0,True,1,42,108.35109467477007,0.05
1.0,10.0,True,2,42,100.00163729411443,0.0
1.0,10.0,True,3,42,100.00007127368667,0.0
1.0,10.0,True,4,42,100.00007113065642,0.0
1.0,10.0,True,5,42,100.00005045632173,0.0
1.0,10.0,True,6,42,100.00007057421223,0.0
1.0,10.0,True,7,42,100.0000712206976,0.0
1.0,10.0,True,8,42,100.00006385974646,0.0
1.0,10.0,True,9,42,100.00005716797182,0.0
1.0,10.0,True,10,42,100.00003025252036,0.0
1.0,10.0,True,11,42,100.00002395281615,0.0
1.0,10.0,True,12,42,100.00001596059909,0.0
1.0,10.0,True,13,42,100.00001595285761,0.0
1.0,10.0,True,14,42,100.00001379110003,0.0
1.0,10.0,True,15,42,100.00001411332705,0.0
1.0,10.0,True,16,42,100.00001306000718,0.0
1.0,10.0,True,17,42,100.00001330837671,0.0
1.0,10.0,True,18,42,100.0000093010848,0.0
1.0,10.0,True,19,42,100.00002480547636,0.0
1.0,10.0,True,20,42,100.00002473453667,0.0
1.0,10.0,True,21,42,100.00001901699899,0.0
1.0,10.0,True,22,42,100.00002000092553,0.0
1.0,10.0,True,23,42,100.00001254452995,0.0
1.0,10.0,True,24,42,100.00001287313046,0.0
1.0,10.0,True,25,42,100.0000159800484,0.0
1.0,10.0,True,26,42,100.00001799631454,0.0
1.0,10.0,True,27,42,100.00002045706579,0.0
1.0,10.0,True,28,42,100.0000105675898,0.0
1.0,10.0,True,29,42,100.00000960763613,0.0
1.0,10.0,True,30,42,99.99999855122695,0.0
1.0,10.0,True,31,42,100.00000009264795,0.0
1.0,10.0,True,32,42,100.00000013352162,0.0
1.0,10.0,True,33,42,99.9999918595252,0.0
1.0,10.0,True,34,42,99.99999213915032,0.0
1.0,10.0,True,35,42,99.99999718168927,0.0
1.0,10.0,True,36,42,99.99999750221826,0.0
1.0,10.0,True,37,42,100.00001184785926,0.0
1.0,10.0,True,38,42,99.9999987404195,0.0
1.0,10.0,True,39,42,99.99999538203173,0.0
1.0,10.0,True,40,42,99.99999859300233,0.0
1.0,10.0,True,41,42,99.99999753727843,0.0
1.0,10.0,True,42,42,99.9999981902022,0.0
1.0,10.0,True,43,42,99.99999865655212,0.0
1.0,10.0,True,44,42,99.99999574966321,0.0
1.0,10.0,True,45,42,99.99999464202656,0.0
1.0,10.0,True,46,42,99.99999482924393,0.0
1.0,10.0,True,47,42,99.9999971510041,0.0
1.0,10.0,True,48,42,99.99999960782301,0.0
1.0,10.0,True,49,42,99.9999904816351,0.0
1.0,10.0,True,50,42,99.99999055101566,0.0
1.0,10.0,True,1,43,108.34539000230434,0.05
1.0,10.0,True,2,43,100.00097077224459,0.0
1.0,10.0,True,3,43,100.00001398720212,0.0
1.0,10.0,True,4,43,100.00001518887173,0.0
1.0,10.0,True,5,43,100.00001908884286,0.0
1.0,10.0,True,6,43,100.0000116210812,0.0
1.0,10.0,True,7,43,100.00002390307985,0.0
1.0,10.0,True,8,43,100.00001139050566,0.0
1.0,10.0,True,9,43,100.00000867630226,0.0
1.0,10.0,True,10,43,99.99999893812779,0.0
1.0,10.0,True,11,43,100.00000325236243,0.0
1.0,10.0,True,12,43,100.00000967570182,0.0
1.0,10.0,True,13,43,100.00000583635077,0.0
1.0,10.0,True,14,43,100.00000557282245,0.0
1.0,10.0,True,15,43,100.0000045054903,0.0
1.0,10.0,True,16,43,100.00000614460409,0.0
1.0,10.0,True,17,43,100.00001021851827,0.0
1.0,10.0,True,18,43,100.0000079127484,0.0
1.0,10.0,True,19,43,100.00000976861094,0.0
1.0,10.0,True,20,43,100.00001223634534,0.0
1.0,10.0,True,21,43,99.99998857982597,0.0
1.0,10.0,True,22,43,99.99998619550126,0.0
1.0,10.0,True,23,43,99.99998762396314,0.0
1.0,10.0,True,24,43,99.99998783642562,0.0
1.0,10.0,True,25,43,99.99998601070558,0.0
1.0,10.0,True,26,43,99.99998612228484,0.0
1.0,10.0,True,27,43,99.99998837226748,0.0
1.0,10.0,True,28,43,99.99998643288856,0.0
1.0,10.0,True,29,43,99.99998911607135,0.0
1.0,10.0,True,30,43,99.99999552281275,0.0
1.0,10.0,True,31,43,99.99999952308937,0.0
1.0,10.0,True,32,43,99.99999666807838,0.0
1.0,10.0,True,33,43,100.00000426572855,0.0
1.0,10.0,True,34,43,100.00000396165194,0.0
1.0,10.0,True,35,43,99.99999819424303,0.0
1.0,10.0,True,36,43,99.9999973592189,0.0
1.0,10.0,True,37,43,99.99999973374287,0.0
1.0,10.0,True,38,43,99.99999973896121,0.0
1.0,10.0,True,39,43,100.0000019800575,0.0
1.0,10.0,True,40,43,99.99999956558776,0.0
1.0,10.0,True,41,43,99.99998960842179,0.0
1.0,10.0,True,42,43,99.99999767422345,0.0
1.0,10.0,True,43,43,99.99999674572291,0.0
1.0,10.0,True,44,43,99.99999691458046,0.0
1.0,10.0,True,45,43,100.00000078450222,0.0
1.0,10.0,True,46,43,100.0000023390644,0.0
1.0,10.0,True,47,43,100.00000114508299,0.0
1.0,10.0,True,48,43,99.9999992191846,0.0
1.0,10.0,True,49,43,99.99999244415265,0.0
1.0,10.0,True,50,43,99.9999948859408,0.0
1.0,10.0,True,1,44,108.38981996523187,0.05
1.0,10.0,True,2,44,100.0013653170393,0.0
1.0,10.0,True,3,44,99.99986655590183,0.0
1.0,10.0,True,4,44,99.99986708619929,0.0
1.0,10.0,True,5,44,99.9998992065376,0.0
1.0,10.0,True,6,44,99.99991263430381,0.0
1.0,10.0,True,7,44,99.99991240119036,0.0
1.0,10.0,True,8,44,99.99991224243348,0.0
1.0,10.0,True,9,44,99.99991345858167,0.0
1.0,10.0,True,10,44,99.99992621696656,0.0
1.0,10.0,True,11,44,99.99992623024357,0.0
1.0,10.0,True,12,44,99.99996149855986,0.0
1.0,10.0,True,13,44,99.99996837848329,0.0
1.0,10.0,True,14,44,99.99995921044015,0.0
1.0,10.0,True,15,44,99.99994785723212,0.0
1.0,10.0,True,16,44,99.99995413448374,0.0
1.0,10.0,True,17,44,99.99997664505342,0.0
1.0,10.0,True,18,44,99.99998969899367,0.0
1.0,10.0,True,19,44,99.99999293692926,0.0
1.0,10.0,True,20,44,99.99999223010616,0.0
1.0,10.0,True,21,44,99.99999333745455,0.0
1.0,10.0,True,22,44,99.99999191413778,0.0
1.0,10.0,True,23,44,99.99998052312652,0.0
1.0,10.0,True,24,44,99.99997502626819,0.0
1.0,10.0,True,25,44,99.99997441342805,0.0
1.0,10.0,True,26,44,99.99997857958277,0.0
1.0,10.0,True,27,44,99.99998066308927,0.0
1.0,10.0,True,28,44,99.99996847358885,0.0
1.0,10.0,True,29,44,99.9999674227617,0.0
1.0,10.0,True,30,44,99.99997882838011,0.0
1.0,10.0,True,31,44,99.99997908525987,0.0
1.0,10.0,True,32,44,99.99997902777218,0.0
1.0,10.0,True,33,44,99.99998614569648,0.0
1.0,10.0,True,34,44,99.99998907105442,0.0
1.0,10.0,True,35,44,99.99998555775511,0.0
1.0,10.0,True,36,44,99.99998441728565,0.0
1.0,10.0,True,37,44,99.99999022338079,0.0
1.0,10.0,True,38,44,99.9999903529386,0.0
1.0,10.0,True,39,44,99.99999157957876,0.0
1.0,10.0,True,40,44,99.99998492239787,0.0
1.0,10.0,True,41,44,99.99999472049585,0.0
1.0,10.0,True,42,44,99.99999603375743,0.0
1.0,10.0,True,43,44,100.00000007460272,0.0
1.0,10.0,True,44,44,100.00000080597314,0.0
1.0,10.0,True,45,44,100.00000046926786,0.0
1.0,10.0,True,46,44,99.99999972492228,0.0
1.0,10.0,True,47,44,100.00000297960285,0.0
1.0,10.0,True,48,44,99.99999877108544,0.0
1.0,10.0,True,49,44,100.00000155151551,0.0
1.0,10.0,True,50,44,100.00000147718947,0.0
1.0,10.0,True,1,45,108.35324007977613,0.05
1.0,10.0,True,2,45,100.00042840509761,0.0
1.0,10.0,True,3,45,100.00002913150533,0.0
1.0,10.0,True,4,45,99.99999578885274,0.0
1.0,10.0,True,5,45,100.00000547588763,0.0
1.0,10.0,True,6,45,100.0000000517471,0.0
1.0,10.0,True,7,45,100.0000003519045,0.0
1.0,10.0,True,8,45,100.0000030698101,0.0
1.0,10.0,True,9,45,100.00000907104747,0.0
1.0,10.0,True,10,45,99.99999064881032,0.0
1.0,10.0,True,11,45,99.99999044095249,0.0
1.0,10.0,True,12,45,99.99997232172225,0.0
1.0,10.0,True,13,45,99.99997766881853,0.0
1.0,10.0,True,14,45,99.99997735502248,0.0
1.0,10.0,True,15,45,99.99997622967763,0.0
1.0,10.0,True,16,45,99.99997047988066,0.0
1.0,10.0,True,17,45,99.99996260376969,0.0
1.0,10.0,True,18,45,99.9999596632434,0.0
1.0,10.0,True,19,45,99.99998370850568,0.0
1.0,10.0,True,20,45,99.99998527510496,0.0
1.0,10.0,True,21,45,99.99998739078508,0.0
1.0,10.0,True,22,45,99.99998810469012,0.0
1.0,10.0,True,23,45,99.99999066927447,0.0
1.0,10.0,True,24,45,99.99998297986066,0.0
1.0,10.0,True,25,45,99.99999503971483,0.0
1.0,10.0,True,26,45,99.99998295477519,0.0
1.0,10.0,True,27,45,99.99997246076146,0.0
1.0,10.0,True,28,45,99.99997273008555,0.0
1.0,10.0,True,29,45,99.99997227032958,0.0
1.0,10.0,True,30,45,99.99997331631943,0.0
1.0,10.0,True,31,45,99.99998291806415,0.0
1.0,10.0,True,32,45,99.99998299019708,0.0
1.0,10.0,True,33,45,99.99999694060989,0.0
1.0,10.0,True,34,45,100.00000136294085,0.0
1.0,10.0,True,35,45,100.0000098676984,0.0
1.0,10.0,True,36,45,100.00000654137543,0.0
1.0,10.0,True,37,45,100.00000663501554,0.0
1.0,10.0,True,38,45,99.9999999246455,0.0
1.0,10.0,True,39,45,100.0000075669267,0.0
1.0,10.0,True,40,45,100.0000087404965,0.0
1.0,10.0,True,41,45,100.00001202513594,0.0
1.0,10.0,True,42,45,100.00001202657972,0.0
1.0,10.0,True,43,45,100.00001382317959,0.0
1.0,10.0,True,44,45,100.00001282759706,0.0
1.0,10.0,True,45,45,100.00000995461889,0.0
1.0,10.0,True,46,45,100.00000707995295,0.0
1.0,10.0,True,47,45,100.0000060228802,0.0
1.0,10.0,True,48,45,100.00001071994606,0.0
1.0,10.0,True,49,45,100.00001252343648,0.0
1.0,10.0,True,50,45,100.00001009406326,0.0
1.0,10.0,True,1,46,108.35898730340821,0.05
1.0,10.0,True,2,46,100.00074935981152,0.0
1.0,10.0,True,3,46,100.00002700226435,0.0
1.0,10.0,True,4,46,100.00000124069236,0.0
1.0,10.0,True,5,46,100.00001260736721,0.0
1.0,10.0,True,6,46,100.00002064662091,0.0
1.0,10.0,True,7,46,100.00001856809163,0.0
1.0,10.0,True,8,46,100.00002081691073,0.0
1.0,10.0,True,9,46,99.99999219072392,0.0
1.0,10.0,True,10,46,99.99999153787529,0.0
1.0,10.0,True,11,46,99.99999145854426,0.0
1.0,10.0,True,12,46,99.99999068437242,0.0
1.0,10.0,True,13,46,100.00001183399888,0.0
1.0,10.0,True,14,46,100.00002261296176,0.0
1.0,10.0,True,15,46,100.00002259858871,0.0
1.0,10.0,True,16,46,100.00002397603153,0.0
1.0,10.0,True,17,46,100.000020159532,0.0
1.0,10.0,True,18,46,100.00001730463283,0.0
1.0,10.0,True,19,46,100.00002358239789,0.0
1.0,10.0,True,20,46,100.00002342227867,0.0
1.0,10.0,True,21,46,100.00001797940952,0.0
1.0,10.0,True,22,46,100.00001685805742,0.0
1.0,10.0,True,23,46,100.00001732178,0.0
1.0,10.0,True,24,46,100.00001795927524,0.0
1.0,10.0,True,25,46,100.00001396603491,0.0
1.0,10.0,True,26,46,100.00001493586106,0.0
1.0,10.0,True,27,46,100.00002294844145,0.0
1.0,10.0,True,28,46,100.0000226405192,0.0
1.0,10.0,True,29,46,100.00002091577791,0.0
1.0,10.0,True,30,46,100.00001939793299,0.0
1.0,10.0,True,31,46,100.00000820664357,0.0
1.0,10.0,True,32,46,100.00000944740452,0.0
1.0,10.0,True,33,46,100.00000301739952,0.0
1.0,10.0,True,34,46,99.9999959013362,0.0
1.0,10.0,True,35,46,99.99999500356736,0.0
1.0,10.0,True,36,46,100.00000129704208,0.0
1.0,10.0,True,37,46,100.00001529384345,0.0
1.0,10.0,True,38,46,100.00000943862568,0.0
1.0,10.0,True,39,46,100.00001192279434,0.0
1.0,10.0,True,40,46,100.00000546068375,0.0
1.0,10.0,True,41,46,100.00000179371067,0.0
1.0,10.0,True,42,46,100.00000171702314,0.0
1.0,10.0,True,43,46,100.00000039283377,0.0
1.0,10.0,True,44,46,99.99999739254463,0.0
1.0,10.0,True,45,46,100.00000035561689,0.0
1.0,10.0,True,46,46,100.0000037406049,0.0
1.0,10.0,True,47,46,100.00000472375262,0.0
1.0,10.0,True,48,46,100.0000044528663,0.0
1.0,10.0,True,49,46,99.9999993665779,0.0
1.0,10.0,True,50,46,99.99999960897948,0.0
1.0,10.0,False,1,42,49.20437507967375,0.15
1.0,10.0,False,2,42,100.00192914986647,0.0
1.0,10.0,False,3,42,100.00004761724924,0.0
1.0,10.0,False,4,42,100.00004763540225,0.0
1.0,10.0,False,5,42,100.0000280958627,0.0
1.0,10.0,False,6,42,100.00005382847931,0.0
1.0,10.0,False,7,42,100.00005390085042,0.0
1.0,10.0,False,8,42,100.00005262337913,0.0
1.0,10.0,False,9,42,100.00004426096802,0.0
1.0,10.0,False,10,42,100.00001572238791,0.0
1.0,10.0,False,11,42,100.00000522143864,0.0
1.0,10.0,False,12,42,99.99999773152254,0.0
1.0,10.0,False,13,42,99.99999797047593,0.0
1.0,10.0,False,14,42,99.99999608787459,0.0
1.0,10.0,False,15,42,99.99999518454918,0.0
1.0,10.0,False,16,42,99.99999544651685,0.0
1.0,10.0,False,17,42,99.9999920345237,0.0
1.0,10.0,False,18,42,99.99999516804625,0.0
1.0,10.0,False,19,42,100.00000570995029,0.0
1.0,10.0,False,20,42,100.00000647138305,0.0
1.0,10.0,False,21,42,100.00000036809888,0.0
1.0,10.0,False,22,42,100.0000015358635,0.0
1.0,10.0,False,23,42,99.99999378794509,0.0
1.0,10.0,False,24,42,99.99999400903447,0.0
1.0,10.0,False,25,42,99.99999520396656,0.0
1.0,10.0,False,26,42,99.99999529504237,0.0
1.0,10.0,False,27,42,100.00000060381944,0.0
1.0,10.0,False,28,42,99.99999184367798,0.0
1.0,10.0,False,29,42,99.99998259248412,0.0
1.0,10.0,False,30,42,99.9999839239019,0.0
1.0,10.0,False,31,42,99.99998392638719,0.0
1.0,10.0,False,32,42,99.99998391071097,0.0
1.0,10.0,False,33,42,99.99998012366424,0.0
1.0,10.0,False,34,42,99.999974413904,0.0
1.0,10.0,False,35,42,99.99998178900105,0.0
1.0,10.0,False,36,42,99.99998837706798,0.0
1.0,10.0,False,37,42,99.99999100920715,0.0
1.0,10.0,False,38,42,99.9999855409569,0.0
1.0,10.0,False,39,42,99.99998804055244,0.0
1.0,10.0,False,40,42,99.99999232538744,0.0
1.0,10.0,False,41,42,99.99999203927683,0.0
1.0,10.0,False,42,42,99.99999171219002,0.0
1.0,10.0,False,43,42,99.99999409672179,0.0
1.0,10.0,False,44,42,99.99999240527933,0.0
1.0,10.0,False,45,42,99.99999264134186,0.0
1.0,10.0,False,46,42,99.99999225990405,0.0
1.0,10.0,False,47,42,99.99998827192934,0.0
1.0,10.0,False,48,42,100.0000008793235,0.0
1.0,10.0,False,49,42,99.99999244342015,0.0
1.0,10.0,False,50,42,99.99999232997963,0.0
1.0,10.0,False,1,43,49.19561891215179,0.15
1.0,10.0,False,2,43,100.00125399275153,0.0
1.0,10.0,False,3,43,100.00001725794931,0.0
1.0,10.0,False,4,43,100.00001792368948,0.0
1.0,10.0,False,5,43,100.00002179572871,0.0
1.0,10.0,False,6,43,100.0000186594856,0.0
1.0,10.0,False,7,43,100.00002522104919,0.0
1.0,10.0,False,8,43,100.0000182758321,0.0
1.0,10.0,False,9,43,100.00001774222451,0.0
1.0,10.0,False,10,43,100.00000142403792,0.0
1.0,10.0,False,11,43,100.0000009885884,0.0
1.0,10.0,False,12,43,100.00001008047776,0.0
1.0,10.0,False,13,43,100.00000392305627,0.0
1.0,10.0,False,14,43,100.00000391563626,0.0
1.0,10.0,False,15,43,100.00000109571417,0.0
1.0,10.0,False,16,43,100.00000394420445,0.0
1.0,10.0,False,17,43,100.00001032225147,0.0
1.0,10.0,False,18,43,100.00000698292172,0.0
1.0,10.0,False,19,43,100.00001073687068,0.0
1.0,10.0,False,20,43,100.00001114245993,0.0
1.0,10.0,False,21,43,99.9999868355633,0.0
1.0,10.0,False,22,43,99.99998456961845,0.0
1.0,10.0,False,23,43,99.99998622213428,0.0
1.0,10.0,False,24,43,99.99998542463047,0.0
1.0,10.0,False,25,43,99.99998656828711,0.0
1.0,10.0,False,26,43,99.9999845366202,0.0
1.0,10.0,False,27,43,99.99998631402758,0.0
1.0,10.0,False,28,43,99.99998481064137,0.0
1.0,10.0,False,29,43,99.99998624010377,0.0
1.0,10.0,False,30,43,99.99999267279382,0.0
1.0,10.0,False,31,43,99.99999759326646,0.0
1.0,10.0,False,32,43,99.99999572164774,0.0
1.0,10.0,False,33,43,100.00000243913013,0.0
1.0,10.0,False,34,43,100.00000219371293,0.0
1.0,10.0,False,35,43,99.99999507815679,0.0
1.0,10.0,False,36,43,99.99999640731933,0.0
1.0,10.0,False,37,43,99.99999923313167,0.0
1.0,10.0,False,38,43,99.99999887133556,0.0
1.0,10.0,False,39,43,99.99999815013047,0.0
1.0,10.0,False,40,43,99.99999986264608,0.0
1.0,10.0,False,41,43,99.9999935095374,0.0
1.0,10.0,False,42,43,99.99999652163508,0.0
1.0,10.0,False,43,43,99.99999801107879,0.0
1.0,10.0,False,44,43,99.99999878455395,0.0
1.0,10.0,False,45,43,99.99999877967163,0.0
1.0,10.0,False,46,43,99.99999908531294,0.0
1.0,10.0,False,47,43,100.00000118366081,0.0
1.0,10.0,False,48,43,99.99999850466304,0.0
1.0,10.0,False,49,43,99.99999306561494,0.0
1.0,10.0,False,50,43,99.9999941271702,0.0
1.0,10.0,False,1,44,49.2300003732784,0.15
1.0,10.0,False,2,44,100.00169772381716,0.0
1.0,10.0,False,3,44,99.99988691305524,0.0
1.0,10.0,False,4,44,99.99989086169278,0.0
1.0,10.0,False,5,44,99.99991397835626,0.0
1.0,10.0,False,6,44,99.99992780807945,0.0
1.0,10.0,False,7,44,99.99992503671785,0.0
1.0,10.0,False,8,44,99.99993118003641,0.0
1.0,10.0,False,9,44,99.99993403082013,0.0
1.0,10.0,False,10,44,99.99995242035843,0.0
1.0,10.0,False,11,44,99.9999576576364,0.0
1.0,10.0,False,12,44,99.99997794618389,0.0
1.0,10.0,False,13,44,99.99998224965908,0.0
1.0,10.0,False,14,44,99.99996310756484,0.0
1.0,10.0,False,15,44,99.99996116433925,0.0
1.0,10.0,False,16,44,99.99996448630253,0.0
1.0,10.0,False,17,44,99.99999149416168,0.0
1.0,10.0,False,18,44,100.00001092667839,0.0
1.0,10.0,False,19,44,100.00001088459913,0.0
1.0,10.0,False,20,44,100.00000654885429,0.0
1.0,10.0,False,21,44,100.00000811985913,0.0
1.0,10.0,False,22,44,100.00000637047597,0.0
1.0,10.0,False,23,44,99.99998768986487,0.0
1.0,10.0,False,24,44,99.99998356572664,0.0
1.0,10.0,False,25,44,99.99998169469205,0.0
1.0,10.0,False,26,44,99.9999830462366,0.0
1.0,10.0,False,27,44,99.99997924338616,0.0
1.0,10.0,False,28,44,99.99998515041324,0.0
1.0,10.0,False,29,44,99.99998821717921,0.0
1.0,10.0,False,30,44,99.99998643443955,0.0
1.0,10.0,False,31,44,99.99998614846133,0.0
1.0,10.0,False,32,44,99.99998484428505,0.0
1.0,10.0,False,33,44,99.99999144366384,0.0
1.0,10.0,False,34,44,99.99999583570174,0.0
1.0,10.0,False,35,44,99.99999366987186,0.0
1.0,10.0,False,36,44,99.99999195387994,0.0
1.0,10.0,False,37,44,99.99999767964349,0.0
1.0,10.0,False,38,44,99.99999769504456,0.0
1.0,10.0,False,39,44,99.99999816277177,0.0
1.0,10.0,False,40,44,99.99999977276734,0.0
1.0,10.0,False,41,44,100.00000277543852,0.0
1.0,10.0,False,42,44,100.00000571716511,0.0
1.0,10.0,False,43,44,100.00000631006097,0.0
1.0,10.0,False,44,44,100.00000622600176,0.0
1.0,10.0,False,45,44,100.00000622526201,0.0
1.0,10.0,False,46,44,100.00000512991738,0.0
1.0,10.0,False,47,44,100.00000658975412,0.0
1.0,10.0,False,48,44,100.00000243795927,0.0
1.0,10.0,False,49,44,100.00000418945075,0.0
1.0,10.0,False,50,44,100.00000756526015,0.0
1.0,10.0,False,1,45,49.21340736784062,0.15
1.0,10.0,False,2,45,100.00068883960671,0.0
1.0,10.0,False,3,45,100.00002155934683,0.0
1.0,10.0,False,4,45,99.99998799574863,0.0
1.0,10.0,False,5,45,99.99999896421602,0.0
1.0,10.0,False,6,45,99.99999365012462,0.0
1.0,10.0,False,7,45,99.99999371158927,0.0
1.0,10.0,False,8,45,100.00000087476378,0.0
1.0,10.0,False,9,45,100.00000354600886,0.0
1.0,10.0,False,10,45,99.99998296974772,0.0
1.0,10.0,False,11,45,99.99998235750928,0.0
1.0,10.0,False,12,45,99.99996346964625,0.0
1.0,10.0,False,13,45,99.99997118890914,0.0
1.0,10.0,False,14,45,99.99997116693945,0.0
1.0,10.0,False,15,45,99.9999640765262,0.0
1.0,10.0,False,16,45,99.9999711777867,0.0
1.0,10.0,False,17,45,99.99997753073669,0.0
1.0,10.0,False,18,45,99.9999719338856,0.0
1.0,10.0,False,19,45,99.99997053909408,0.0
1.0,10.0,False,20,45,99.99998724175776,0.0
1.0,10.0,False,21,45,99.99998807932073,0.0
1.0,10.0,False,22,45,99.9999899388715,0.0
1.0,10.0,False,23,45,99.99998993013696,0.0
1.0,10.0,False,24,45,99.99998287344167,0.0
1.0,10.0,False,25,45,99.9999907246395,0.0
1.0,10.0,False,26,45,99.99997418984782,0.0
1.0,10.0,False,27,45,99.99996807509254,0.0
1.0,10.0,False,28,45,99.99996829429129,0.0
1.0,10.0,False,29,45,99.99996860588797,0.0
1.0,10.0,False,30,45,99.99997000050874,0.0
1.0,10.0,False,31,45,99.9999825950444,0.0
1.0,10.0,False,32,45,99.9999947235965,0.0
1.0,10.0,False,33,45,99.99999653564659,0.0
1.0,10.0,False,34,45,100.00000604728406,0.0
1.0,10.0,False,35,45,100.00000848072507,0.0
1.0,10.0,False,36,45,100.00000566737,0.0
1.0,10.0,False,37,45,100.00000554108263,0.0
1.0,10.0,False,38,45,99.99999543897358,0.0
1.0,10.0,False,39,45,100.0000036365538,0.0
1.0,10.0,False,40,45,100.00000423961396,0.0
1.0,10.0,False,41,45,100.00001222493832,0.0
1.0,10.0,False,42,45,100.00001217819914,0.0
1.0,10.0,False,43,45,100.00001515152566,0.0
1.0,10.0,False,44,45,100.0000178713459,0.0
1.0,10.0,False,45,45,100.00001592577135,0.0
1.0,10.0,False,46,45,100.00001082383169,0.0
1.0,10.0,False,47,45,100.00001084640763,0.0
1.0,10.0,False,48,45,100.00001309356793,0.0
1.0,10.0,False,49,45,100.00001830085078,0.0
1.0,10.0,False,50,45,100.00001712318155,0.0
1.0,10.0,False,1,46,49.207740691502806,0.15
1.0,10.0,False,2,46,100.00095146991234,0.0
1.0,10.0,False,3,46,100.0000163216743,0.0
1.0,10.0,False,4,46,99.99999033843163,0.0
1.0,10.0,False,5,46,99.99999949259946,0.0
1.0,10.0,False,6,46,100.00001584508868,0.0
1.0,10.0,False,7,46,100.00001143628444,0.0
1.0,10.0,False,8,46,100.00001242893575,0.0
1.0,10.0,False,9,46,100.00000018029661,0.0
1.0,10.0,False,10,46,99.99999986108382,0.0
1.0,10.0,False,11,46,99.99999779797702,0.0
1.0,10.0,False,12,46,99.9999958155031,0.0
1.0,10.0,False,13,46,100.00001813823525,0.0
1.0,10.0,False,14,46,100.00002838115913,0.0
1.0,10.0,False,15,46,100.00003265990559,0.0
1.0,10.0,False,16,46,100.00003476886425,0.0
1.0,10.0,False,17,46,100.00003347715521,0.0
1.0,10.0,False,18,46,100.00003211393049,0.0
1.0,10.0,False,19,46,100.00003221261244,0.0
1.0,10.0,False,20,46,100.00003145400038,0.0
1.0,10.0,False,21,46,100.00002378218028,0.0
1.0,10.0,False,22,46,100.00002260399953,0.0
1.0,10.0,False,23,46,100.00002507601488,0.0
1.0,10.0,False,24,46,100.00002654523146,0.0
1.0,10.0,False,25,46,100.00002459904289,0.0
1.0,10.0,False,26,46,100.00002314771862,0.0
1.0,10.0,False,27,46,100.0000310625914,0.0
1.0,10.0,False,28,46,100.00003164663987,0.0
1.0,10.0,False,29,46,100.00002882755635,0.0
1.0,10.0,False,30,46,100.0000303696545,0.0
1.0,10.0,False,31,46,100.00002320180675,0.0
1.0,10.0,False,32,46,100.00002076786666,0.0
1.0,10.0,False,33,46,100.00000924191146,0.0
1.0,10.0,False,34,46,99.99999985337311,0.0
1.0,10.0,False,35,46,99.99999912627723,0.0
1.0,10.0,False,36,46,100.00000374004026,0.0
1.0,10.0,False,37,46,100.00001763660887,0.0
1.0,10.0,False,38,46,100.00001701396431,0.0
1.0,10.0,False,39,46,100.00001662998996,0.0
1.0,10.0,False,40,46,100.00001040138645,0.0
1.0,10.0,False,41,46,100.0000143296052,0.0
1.0,10.0,False,42,46,100.00001269767884,0.0
1.0,10.0,False,43,46,100.00000923859453,0.0
1.0,10.0,False,44,46,100.00000654850226,0.0
1.0,10.0,False,45,46,100.00000901989132,0.0
1.0,10.0,False,46,46,100.00000940497468,0.0
1.0,10.0,False,47,46,100.00000691272146,0.0
1.0,10.0,False,48,46,100.00000664844745,0.0
1.0,10.0,False,49,46,100.00000019541082,0.0
1.0,10.0,False,50,46,99.99999862590491,0.0
1.0,15.0,True,1,42,89.17074046500534,0.1
1.0,15.0,True,2,42,100.00163462450266,0.0
1.0,15.0,True,3,42,100.000071274948,0.0
1.0,15.0,True,4,42,100.00007113186504,0.0
1.0,15.0,True,5,42,100.00005045812992,0.0
1.0,15.0,True,6,42,100.00007056754177,0.0
1.0,15.0,True,7,42,100.00007122112362,0.0
1.0,15.0,True,8,42,100.00006386044039,0.0
1.0,15.0,True,9,42,100.00005716691825,0.0
1.0,15.0,True,10,42,100.00003025224433,0.0
1.0,15.0,True,11,42,100.00002395582162,0.0
1.0,15.0,True,12,42,100.00001596273037,0.0
1.0,15.0,True,13,42,100.00001595497764,0.0
1.0,15.0,True,14,42,100.00001379361566,0.0
1.0,15.0,True,15,42,100.00001411539085,0.0
1.0,15.0,True,16,42,100.00001306289892,0.0
1.0,15.0,True,17,42,100.00001331075346,0.0
1.0,15.0,True,18,42,100.00000929539668,0.0
1.0,15.0,True,19,42,100.00002480829991,0.0
1.0,15.0,True,20,42,100.00002473677108,0.0
1.0,15.0,True,21,42,100.00001901836049,0.0
1.0,15.0,True,22,42,100.00002000253707,0.0
1.0,15.0,True,23,42,100.00001254485264,0.0
1.0,15.0,True,24,42,100.00001287350705,0.0
1.0,15.0,True,25,42,100.00001598092157,0.0
1.0,15.0,True,26,42,100.00001799669386,0.0
1.0,15.0,True,27,42,100.0000204573239,0.0
1.0,15.0,True,28,42,100.00001056857089,0.0
1.0,15.0,True,29,42,100.00000960830849,0.0
1.0,15.0,True,30,42,99.99999855254356,0.0
1.0,15.0,True,31,42,100.00000009362827,0.0
1.0,15.0,True,32,42,100.00000013443709,0.0
1.0,15.0,True,33,42,99.9999918586486,0.0
1.0,15.0,True,34,42,99.9999921389487,0.0
1.0,15.0,True,35,42,99.99999718219429,0.0
1.0,15.0,True,36,42,99.99999750426568,0.0
1.0,15.0,True,37,42,100.00001184717468,0.0
1.0,15.0,True,38,42,99.99999874026483,0.0
1.0,15.0,True,39,42,99.9999953823278,0.0
1.0,15.0,True,40,42,99.99999859318973,0.0
1.0,15.0,True,41,42,99.99999753785576,0.0
1.0,15.0,True,42,42,99.99999819087068,0.0
1.0,15.0,True,43,42,99.9999986570266,0.0
1.0,15.0,True,44,42,99.99999575037607,0.0
1.0,15.0,True,45,42,99.99999464250641,0.0
1.0,15.0,True,46,42,99.99999482983151,0.0
1.0,15.0,True,47,42,99.99999715301598,0.0
1.0,15.0,True,48,42,99.99999960896699,0.0
1.0,15.0,True,49,42,99.9999904823673,0.0
1.0,15.0,True,50,42,99.99999055170912,0.0
1.0,15.0,True,1,43,89.19497826989456,0.1
1.0,15.0,True,2,43,100.0009685655416,0.0
1.0,15.0,True,3,43,100.00001398748833,0.0
1.0,15.0,True,4,43,100.00001518921871,0.0
1.0,15.0,True,5,43,100.0000190889899,0.0
1.0,15.0,True,6,43,100.00001162085005,0.0
1.0,15.0,True,7,43,100.00002390279874,0.0
1.0,15.0,True,8,43,100.00001139396647,0.0
1.0,15.0,True,9,43,100.00000867361774,0.0
1.0,15.0,True,10,43,99.99999893970222,0.0
1.0,15.0,True,11,43,100.00000325784819,0.0
1.0,15.0,True,12,43,100.00000967506132,0.0
1.0,15.0,True,13,43,100.00000583792092,0.0
1.0,15.0,True,14,43,100.00000557488767,0.0
1.0,15.0,True,15,43,100.00000450899503,0.0
1.0,15.0,True,16,43,100.00000620285294,0.0
1.0,15.0,True,17,43,100.00001021819068,0.0
1.0,15.0,True,18,43,100.00000791274203,0.0
1.0,15.0,True,19,43,100.00000976939587,0.0
1.0,15.0,True,20,43,100.00001223713622,0.0
1.0,15.0,True,21,43,99.99998858064852,0.0
1.0,15.0,True,22,43,99.99998619675989,0.0
1.0,15.0,True,23,43,99.99998762489429,0.0
1.0,15.0,True,24,43,99.99998783734385,0.0
1.0,15.0,True,25,43,99.99998601159373,0.0
1.0,15.0,True,26,43,99.99998612273149,0.0
1.0,15.0,True,27,43,99.99998837258823,0.0
1.0,15.0,True,28,43,99.99998643308966,0.0
1.0,15.0,True,29,43,99.99998911590352,0.0
1.0,15.0,True,30,43,99.99999552177289,0.0
1.0,15.0,True,31,43,99.9999995217265,0.0
1.0,15.0,True,32,43,99.9999966672945,0.0
1.0,15.0,True,33,43,100.00000426752888,0.0
1.0,15.0,True,34,43,100.00000396367062,0.0
1.0,15.0,True,35,43,99.99999819647621,0.0
1.0,15.0,True,36,43,99.99999736086652,0.0
1.0,15.0,True,37,43,99.9999997355792,0.0
1.0,15.0,True,38,43,99.99999974073171,0.0
1.0,15.0,True,39,43,100.00000198202002,0.0
1.0,15.0,True,40,43,99.9999995677514,0.0
1.0,15.0,True,41,43,99.99998961103071,0.0
1.0,15.0,True,42,43,99.99999767595338,0.0
1.0,15.0,True,43,43,99.99999674687058,0.0
1.0,15.0,True,44,43,99.99999691557898,0.0
1.0,15.0,True,45,43,100.00000078568863,0.0
1.0,15.0,True,46,43,100.00000234043097,0.0
1.0,15.0,True,47,43,100.00000114449583,0.0
1.0,15.0,True,48,43,99.99999922015593,0.0
1.0,15.0,True,49,43,99.99999244440824,0.0
1.0,15.0,True,50,43,99.99999488584938,0.0
1.0,15.0,True,1,44,89.18609776823605,0.1
1.0,15.0,True,2,44,100.00136302883077,0.0
1.0,15.0,True,3,44,99.99986655858113,0.0
1.0,15.0,True,4,44,99.99986708870401,0.0
1.0,15.0,True,5,44,99.99989920794704,0.0
1.0,15.0,True,6,44,99.99991263623076,0.0
1.0,15.0,True,7,44,99.99991240297705,0.0
1.0,15.0,True,8,44,99.99991224744872,0.0
1.0,15.0,True,9,44,99.99991346507827,0.0
1.0,15.0,True,10,44,99.99992622028813,0.0
1.0,15.0,True,11,44,99.99992622826456,0.0
1.0,15.0,True,12,44,99.99996150356813,0.0
1.0,15.0,True,13,44,99.99996838568299,0.0
1.0,15.0,True,14,44,99.99995921992554,0.0
1.0,15.0,True,15,44,99.9999478584667,0.0
1.0,15.0,True,16,44,99.99995413273368,0.0
1.0,15.0,True,17,44,99.99997664538012,0.0
1.0,15.0,True,18,44,99.99998970010485,0.0
1.0,15.0,True,19,44,99.99999293859503,0.0
1.0,15.0,True,20,44,99.99999223472048,0.0
1.0,15.0,True,21,44,99.9999933407804,0.0
1.0,15.0,True,22,44,99.99999191957158,0.0
1.0,15.0,True,23,44,99.99998052383052,0.0
1.0,15.0,True,24,44,99.99997502756894,0.0
1.0,15.0,True,25,44,99.99997441495125,0.0
1.0,15.0,True,26,44,99.99997858154529,0.0
1.0,15.0,True,27,44,99.99998066494354,0.0
1.0,15.0,True,28,44,99.99996847465823,0.0
1.0,15.0,True,29,44,99.99996743812702,0.0
1.0,15.0,True,30,44,99.99997883095674,0.0
1.0,15.0,True,31,44,99.9999790846822,0.0
1.0,15.0,True,32,44,99.99997902755311,0.0
1.0,15.0,True,33,44,99.99998614558531,0.0
1.0,15.0,True,34,44,99.99998907022385,0.0
1.0,15.0,True,35,44,99.99998555717161,0.0
1.0,15.0,True,36,44,99.99998441638479,0.0
1.0,15.0,True,37,44,99.99999022273855,0.0
1.0,15.0,True,38,44,99.99999035219307,0.0
1.0,15.0,True,39,44,99.99999157901348,0.0
1.0,15.0,True,40,44,99.99998492202133,0.0
1.0,15.0,True,41,44,99.99999472299129,0.0
1.0,15.0,True,42,44,99.9999960358858,0.0
1.0,15.0,True,43,44,100.00000007790504,0.0
1.0,15.0,True,44,44,100.00000080870163,0.0
1.0,15.0,True,45,44,100.00000047196129,0.0
1.0,15.0,True,46,44,99.99999972727127,0.0
1.0,15.0,True,47,44,100.00000298180197,0.0
1.0,15.0,True,48,44,99.99999877374941,0.0
1.0,15.0,True,49,44,100.00000155495086,0.0
1.0,15.0,True,50,44,100.00000148132337,0.0
1.0,15.0,True,1,45,89.19283971957995,0.1
1.0,15.0,True,2,45,100.00042614492506,0.0
1.0,15.0,True,3,45,100.00002913239388,0.0
1.0,15.0,True,4,45,99.99999578993899,0.0
1.0,15.0,True,5,45,100.00000547740105,0.0
1.0,15.0,True,6,45,100.00000005432634,0.0
1.0,15.0,True,7,45,100.00000035470242,0.0
1.0,15.0,True,8,45,100.00000307187454,0.0
1.0,15.0,True,9,45,100.00000907265306,0.0
1.0,15.0,True,10,45,99.99999065016532,0.0
1.0,15.0,True,11,45,99.99999043964523,0.0
1.0,15.0,True,12,45,99.9999723226104,0.0
1.0,15.0,True,13,45,99.99997766814957,0.0
1.0,15.0,True,14,45,99.99997735433834,0.0
1.0,15.0,True,15,45,99.99997622956306,0.0
1.0,15.0,True,16,45,99.99997047690565,0.0
1.0,15.0,True,17,45,99.99996260543365,0.0
1.0,15.0,True,18,45,99.99995965852901,0.0
1.0,15.0,True,19,45,99.99998371372344,0.0
1.0,15.0,True,20,45,99.99998527564158,0.0
1.0,15.0,True,21,45,99.99998739115834,0.0
1.0,15.0,True,22,45,99.99998810505244,0.0
1.0,15.0,True,23,45,99.9999906689583,0.0
1.0,15.0,True,24,45,99.99998298033375,0.0
1.0,15.0,True,25,45,99.99999504140098,0.0
1.0,15.0,True,26,45,99.99998295622868,0.0
1.0,15.0,True,27,45,99.99997246167445,0.0
1.0,15.0,True,28,45,99.99997273055044,0.0
1.0,15.0,True,29,45,99.99997227070548,0.0
1.0,15.0,True,30,45,99.99997331762007,0.0
1.0,15.0,True,31,45,99.99998291728444,0.0
1.0,15.0,True,32,45,99.9999829885952,0.0
1.0,15.0,True,33,45,99.99999693797514,0.0
1.0,15.0,True,34,45,100.00000135983132,0.0
1.0,15.0,True,35,45,100.00000986608325,0.0
1.0,15.0,True,36,45,100.0000065399592,0.0
1.0,15.0,True,37,45,100.00000663293784,0.0
1.0,15.0,True,38,45,99.99999992254297,0.0
1.0,15.0,True,39,45,100.00000756586675,0.0
1.0,15.0,True,40,45,100.00000874034251,0.0
1.0,15.0,True,41,45,100.00001202464554,0.0
1.0,15.0,True,42,45,100.00001202589803,0.0
1.0,15.0,True,43,45,100.00001382276571,0.0
1.0,15.0,True,44,45,100.00001282754101,0.0
1.0,15.0,True,45,45,100.00000995491224,0.0
1.0,15.0,True,46,45,100.00000707997307,0.0
1.0,15.0,True,47,45,100.00000602147986,0.0
1.0,15.0,True,48,45,100.00001071962375,0.0
1.0,15.0,True,49,45,100.0000125242293,0.0
1.0,15.0,True,50,45,100.00001009491267,0.0
1.0,15.0,True,1,46,89.20175531008758,0.1
1.0,15.0,True,2,46,100.00074718272158,0.0
1.0,15.0,True,3,46,100.00002700076641,0.0
1.0,15.0,True,4,46,100.00000124012922,0.0
1.0,15.0,True,5,46,100.00001260686484,0.0
1.0,15.0,True,6,46,100.00002064585914,0.0
1.0,15.0,True,7,46,100.0000185673129,0.0
1.0,15.0,True,8,46,100.00002081560021,0.0
1.0,15.0,True,9,46,99.99999219246548,0.0
1.0,15.0,True,10,46,99.999991538623,0.0
1.0,15.0,True,11,46,99.99999145945407,0.0
1.0,15.0,True,12,46,99.99999068482222,0.0
1.0,15.0,True,13,46,100.00001183339074,0.0
1.0,15.0,True,14,46,100.00002261344534,0.0
1.0,15.0,True,15,46,100.00002259935718,0.0
1.0,15.0,True,16,46,100.00002397809065,0.0
1.0,15.0,True,17,46,100.00002016051009,0.0
1.0,15.0,True,18,46,100.00001730723804,0.0
1.0,15.0,True,19,46,100.00002358245828,0.0
1.0,15.0,True,20,46,100.00002342135154,0.0
1.0,15.0,True,21,46,100.00001798036189,0.0
1.0,15.0,True,22,46,100.00001685838618,0.0
1.0,15.0,True,23,46,100.00001732107073,0.0
1.0,15.0,True,24,46,100.00001795920421,0.0
1.0,15.0,True,25,46,100.00001396685138,0.0
1.0,15.0,True,26,46,100.00001493695285,0.0
1.0,15.0,True,27,46,100.00002294932524,0.0
1.0,15.0,True,28,46,100.0000226414468,0.0
1.0,15.0,True,29,46,100.00002091666462,0.0
1.0,15.0,True,30,46,100.00001939858635,0.0
1.0,15.0,True,31,46,100.00000820786909,0.0
1.0,15.0,True,32,46,100.00000944988783,0.0
1.0,15.0,True,33,46,100.00000301789177,0.0
1.0,15.0,True,34,46,99.99999590248379,0.0
1.0,15.0,True,35,46,99.99999500297648,0.0
1.0,15.0,True,36,46,100.00000130168294,0.0
1.0,15.0,True,37,46,100.00001529634378,0.0
1.0,15.0,True,38,46,100.00000943935612,0.0
1.0,15.0,True,39,46,100.00001192458384,0.0
1.0,15.0,True,40,46,100.00000546200627,0.0
1.0,15.0,True,41,46,100.00000179896568,0.0
1.0,15.0,True,42,46,100.00000172254262,0.0
1.0,15.0,True,43,46,100.00000039683027,0.0
1.0,15.0,True,44,46,99.9999973946468,0.0
1.0,15.0,True,45,46,100.0000003580079,0.0
1.0,15.0,True,46,46,100.00000374148922,0.0
1.0,15.0,True,47,46,100.00000472457455,0.0
1.0,15.0,True,48,46,100.00000445302439,0.0
1.0,15.0,True,49,46,99.99999936638076,0.0
1.0,15.0,True,50,46,99.99999960948685,0.0
1.0,15.0,False,1,42,15.414399845327294,0.35
1.0,15.0,False,2,42,100.00192936873353,0.0
1.0,15.0,False,3,42,100.00004762190724,0.0
1.0,15.0,False,4,42,100.00004764006962,0.0
1.0,15.0,False,5,42,100.00002810013092,0.0
1.0,15.0,False,6,42,100.00005383229748,0.0
1.0,15.0,False,7,42,100.00005390521726,0.0
1.0,15.0,False,8,42,100.00005263671373,0.0
1.0,15.0,False,9,42,100.00004426506882,0.0
1.0,15.0,False,10,42,100.00001572606354,0.0
1.0,15.0,False,11,42,100.00000522617808,0.0
1.0,15.0,False,12,42,99.99999773582866,0.0
1.0,15.0,False,13,42,99.99999797487237,0.0
1.0,15.0,False,14,42,99.99999609264589,0.0
1.0,15.0,False,15,42,99.99999518891761,0.0
1.0,15.0,False,16,42,99.99999545191037,0.0
1.0,15.0,False,17,42,99.99999203923275,0.0
1.0,15.0,False,18,42,99.9999951674949,0.0
1.0,15.0,False,19,42,100.00000571526499,0.0
1.0,15.0,False,20,42,100.00000647517975,0.0
1.0,15.0,False,21,42,100.00000037152626,0.0
1.0,15.0,False,22,42,100.00000153910435,0.0
1.0,15.0,False,23,42,99.99999379138745,0.0
1.0,15.0,False,24,42,99.99999401212294,0.0
1.0,15.0,False,25,42,99.99999520702254,0.0
1.0,15.0,False,26,42,99.99999529803102,0.0
1.0,15.0,False,27,42,100.00000060779318,0.0
1.0,15.0,False,28,42,99.99999184591006,0.0
1.0,15.0,False,29,42,99.99998259828931,0.0
1.0,15.0,False,30,42,99.99998392608245,0.0
1.0,15.0,False,31,42,99.99998392904433,0.0
1.0,15.0,False,32,42,99.99998391334606,0.0
1.0,15.0,False,33,42,99.99998012425249,0.0
1.0,15.0,False,34,42,99.99997441617063,0.0
1.0,15.0,False,35,42,99.99998179207833,0.0
1.0,15.0,False,36,42,99.99998842114533,0.0
1.0,15.0,False,37,42,99.99999101408869,0.0
1.0,15.0,False,38,42,99.99998554291672,0.0
1.0,15.0,False,39,42,99.99998804154723,0.0
1.0,15.0,False,40,42,99.99999232634715,0.0
1.0,15.0,False,41,42,99.99999203996462,0.0
1.0,15.0,False,42,42,99.99999171280274,0.0
1.0,15.0,False,43,42,99.99999409680366,0.0
1.0,15.0,False,44,42,99.99999240557781,0.0
1.0,15.0,False,45,42,99.99999264164325,0.0
1.0,15.0,False,46,42,99.99999225997212,0.0
1.0,15.0,False,47,42,99.99998827211812,0.0
1.0,15.0,False,48,42,100.0000008792552,0.0
1.0,15.0,False,49,42,99.99999244384028,0.0
1.0,15.0,False,50,42,99.99999233036641,0.0
1.0,15.0,False,1,43,15.39687047027219,0.35
1.0,15.0,False,2,43,100.00125418237852,0.0
1.0,15.0,False,3,43,100.00001725906344,0.0
1.0,15.0,False,4,43,100.00001792481658,0.0
1.0,15.0,False,5,43,100.00002179706144,0.0
1.0,15.0,False,6,43,100.00001866067277,0.0
1.0,15.0,False,7,43,100.00002521787522,0.0
1.0,15.0,False,8,43,100.0000182756358,0.0
1.0,15.0,False,9,43,100.00001774196744,0.0
1.0,15.0,False,10,43,100.00000142382717,0.0
1.0,15.0,False,11,43,100.00000098769797,0.0
1.0,15.0,False,12,43,100.00001008027441,0.0
1.0,15.0,False,13,43,100.00000392227969,0.0
1.0,15.0,False,14,43,100.00000391479495,0.0
1.0,15.0,False,15,43,100.00000109568116,0.0
1.0,15.0,False,16,43,100.00000394378722,0.0
1.0,15.0,False,17,43,100.00001032267079,0.0
1.0,15.0,False,18,43,100.00000698291615,0.0
1.0,15.0,False,19,43,100.00001073654968,0.0
1.0,15.0,False,20,43,100.0000111421775,0.0
1.0,15.0,False,21,43,99.99998683524748,0.0
1.0,15.0,False,22,43,99.99998456931459,0.0
1.0,15.0,False,23,43,99.99998622200408,0.0
1.0,15.0,False,24,43,99.99998542459142,0.0
1.0,15.0,False,25,43,99.99998656840754,0.0
1.0,15.0,False,26,43,99.99998453727048,0.0
1.0,15.0,False,27,43,99.99998631432248,0.0
1.0,15.0,False,28,43,99.99998481090685,0.0
1.0,15.0,False,29,43,99.99998623994153,0.0
1.0,15.0,False,30,43,99.9999926742787,0.0
1.0,15.0,False,31,43,99.99999759578134,0.0
1.0,15.0,False,32,43,99.99999572482795,0.0
1.0,15.0,False,33,43,100.00000243840452,0.0
1.0,15.0,False,34,43,100.00000219291286,0.0
1.0,15.0,False,35,43,99.99999507734543,0.0
1.0,15.0,False,36,43,99.999996406831,0.0
1.0,15.0,False,37,43,99.99999923241623,0.0
1.0,15.0,False,38,43,99.99999887065385,0.0
1.0,15.0,False,39,43,99.99999814872388,0.0
1.0,15.0,False,40,43,99.9999998620763,0.0
1.0,15.0,False,41,43,99.99999351026547,0.0
1.0,15.0,False,42,43,99.99999652105794,0.0
1.0,15.0,False,43,43,99.9999980100967,0.0
1.0,15.0,False,44,43,99.99999878363258,0.0
1.0,15.0,False,45,43,99.99999877864606,0.0
1.0,15.0,False,46,43,99.99999908447822,0.0
1.0,15.0,False,47,43,100.00000118371177,0.0
1.0,15.0,False,48,43,99.99999850355024,0.0
1.0,15.0,False,49,43,99.99999306483994,0.0
1.0,15.0,False,50,43,99.99999411952642,0.0
1.0,15.0,False,1,44,15.398268528268078,0.35
1.0,15.0,False,2,44,100.00169795125485,0.0
1.0,15.0,False,3,44,99.9998869146436,0.0
1.0,15.0,False,4,44,99.99989086286905,0.0
1.0,15.0,False,5,44,99.99991397934494,0.0
1.0,15.0,False,6,44,99.9999278099542,0.0
1.0,15.0,False,7,44,99.99992503844102,0.0
1.0,15.0,False,8,44,99.99993118372595,0.0
1.0,15.0,False,9,44,99.9999340295601,0.0
1.0,15.0,False,10,44,99.99995242110472,0.0
1.0,15.0,False,11,44,99.99995766346656,0.0
1.0,15.0,False,12,44,99.99997794584074,0.0
1.0,15.0,False,13,44,99.99998224734418,0.0
1.0,15.0,False,14,44,99.99996310320634,0.0
1.0,15.0,False,15,44,99.99996116183632,0.0
1.0,15.0,False,16,44,99.99996449021992,0.0
1.0,15.0,False,17,44,99.99999149540909,0.0
1.0,15.0,False,18,44,100.00001092660582,0.0
1.0,15.0,False,19,44,100.00001088510379,0.0
1.0,15.0,False,20,44,100.00000655029915,0.0
1.0,15.0,False,21,44,100.00000812083104,0.0
1.0,15.0,False,22,44,100.00000637035649,0.0
1.0,15.0,False,23,44,99.99998769076416,0.0
1.0,15.0,False,24,44,99.99998356708835,0.0
1.0,15.0,False,25,44,99.9999816962101,0.0
1.0,15.0,False,26,44,99.99998304732586,0.0
1.0,15.0,False,27,44,99.99997924272698,0.0
1.0,15.0,False,28,44,99.99998515689339,0.0
1.0,15.0,False,29,44,99.9999882146697,0.0
1.0,15.0,False,30,44,99.99998643716313,0.0
1.0,15.0,False,31,44,99.99998615183378,0.0
1.0,15.0,False,32,44,99.99998484693455,0.0
1.0,15.0,False,33,44,99.99999144634984,0.0
1.0,15.0,False,34,44,99.9999958379797,0.0
1.0,15.0,False,35,44,99.99999367356949,0.0
1.0,15.0,False,36,44,99.99999195756119,0.0
1.0,15.0,False,37,44,99.99999768328573,0.0
1.0,15.0,False,38,44,99.99999769879655,0.0
1.0,15.0,False,39,44,99.99999816679764,0.0
1.0,15.0,False,40,44,99.99999977098852,0.0
1.0,15.0,False,41,44,100.00000277714278,0.0
1.0,15.0,False,42,44,100.00000571989924,0.0
1.0,15.0,False,43,44,100.0000063118762,0.0
1.0,15.0,False,44,44,100.00000622773868,0.0
1.0,15.0,False,45,44,100.00000622706992,0.0
1.0,15.0,False,46,44,100.00000513111866,0.0
1.0,15.0,False,47,44,100.00000659085305,0.0
1.0,15.0,False,48,44,100.00000243945361,0.0
1.0,15.0,False,49,44,100.00000419163256,0.0
1.0,15.0,False,50,44,100.00000756782775,0.0
1.0,15.0,False,1,45,15.417273769419683,0.35
1.0,15.0,False,2,45,100.0006891642505,0.0
1.0,15.0,False,3,45,100.0000215602397,0.0
1.0,15.0,False,4,45,99.99998799607951,0.0
1.0,15.0,False,5,45,99.99999896450831,0.0
1.0,15.0,False,6,45,99.99999364979944,0.0
1.0,15.0,False,7,45,99.99999371118327,0.0
1.0,15.0,False,8,45,100.0000008809502,0.0
1.0,15.0,False,9,45,100.00000354605474,0.0
1.0,15.0,False,10,45,99.99998296949249,0.0
1.0,15.0,False,11,45,99.9999823580381,0.0
1.0,15.0,False,12,45,99.99996347205533,0.0
1.0,15.0,False,13,45,99.99997119111168,0.0
1.0,15.0,False,14,45,99.9999711691051,0.0
1.0,15.0,False,15,45,99.9999640787021,0.0
1.0,15.0,False,16,45,99.99997117917697,0.0
1.0,15.0,False,17,45,99.9999775308046,0.0
1.0,15.0,False,18,45,99.99997192668187,0.0
1.0,15.0,False,19,45,99.99997053747225,0.0
1.0,15.0,False,20,45,99.99998724393828,0.0
1.0,15.0,False,21,45,99.99998808124337,0.0
1.0,15.0,False,22,45,99.99998993992821,0.0
1.0,15.0,False,23,45,99.99998993151152,0.0
1.0,15.0,False,24,45,99.99998287460002,0.0
1.0,15.0,False,25,45,99.99999072632126,0.0
1.0,15.0,False,26,45,99.99997419256667,0.0
1.0,15.0,False,27,45,99.99996807692126,0.0
1.0,15.0,False,28,45,99.99996829570526,0.0
1.0,15.0,False,29,45,99.99996860724522,0.0
1.0,15.0,False,30,45,99.99997000194284,0.0
1.0,15.0,False,31,45,99.99998259500315,0.0
1.0,15.0,False,32,45,99.99999472538506,0.0
1.0,15.0,False,33,45,99.9999965358793,0.0
1.0,15.0,False,34,45,100.00000604825362,0.0
1.0,15.0,False,35,45,100.00000848114075,0.0
1.0,15.0,False,36,45,100.00000566785417,0.0
1.0,15.0,False,37,45,100.0000055412973,0.0
1.0,15.0,False,38,45,99.99999544029762,0.0
1.0,15.0,False,39,45,100.00000363737306,0.0
1.0,15.0,False,40,45,100.0000042405349,0.0
1.0,15.0,False,41,45,100.00001222531932,0.0
1.0,15.0,False,42,45,100.00001217858342,0.0
1.0,15.0,False,43,45,100.00001515149461,0.0
1.0,15.0,False,44,45,100.00001787169373,0.0
1.0,15.0,False,45,45,100.00001592639242,0.0
1.0,15.0,False,46,45,100.00001082460159,0.0
1.0,15.0,False,47,45,100.00001084662856,0.0
1.0,15.0,False,48,45,100.00001309386377,0.0
1.0,15.0,False,49,45,100.00001830130938,0.0
1.0,15.0,False,50,45,100.00001712356308,0.0
1.0,15.0,False,1,46,15.377733062632137,0.35
1.0,15.0,False,2,46,100.00095166753145,0.0
1.0,15.0,False,3,46,100.00001632218675,0.0
1.0,15.0,False,4,46,99.99999033985199,0.0
1.0,15.0,False,5,46,99.99999949418329,0.0
1.0,15.0,False,6,46,100.00001584667052,0.0
1.0,15.0,False,7,46,100.00001143822521,0.0
1.0,15.0,False,8,46,100.00001243097155,0.0
1.0,15.0,False,9,46,100.00000018007117,0.0
1.0,15.0,False,10,46,99.99999986026089,0.0
1.0,15.0,False,11,46,99.99999779750281,0.0
1.0,15.0,False,12,46,99.99999581509674,0.0
1.0,15.0,False,13,46,100.00001813630041,0.0
1.0,15.0,False,14,46,100.00002837740034,0.0
1.0,15.0,False,15,46,100.00003265928146,0.0
1.0,15.0,False,16,46,100.00003476916703,0.0
1.0,15.0,False,17,46,100.0000334772134,0.0
1.0,15.0,False,18,46,100.00003211286393,0.0
1.0,15.0,False,19,46,100.00003221268118,0.0
1.0,15.0,False,20,46,100.00003145279662,0.0
1.0,15.0,False,21,46,100.0000237824277,0.0
1.0,15.0,False,22,46,100.00002260425859,0.0
1.0,15.0,False,23,46,100.00002507543007,0.0
1.0,15.0,False,24,46,100.0000265462803,0.0
1.0,15.0,False,25,46,100.00002459980448,0.0
1.0,15.0,False,26,46,100.0000231483269,0.0
1.0,15.0,False,27,46,100.00003106292249,0.0
1.0,15.0,False,28,46,100.00003164719347,0.0
1.0,15.0,False,29,46,100.00002882776529,0.0
1.0,15.0,False,30,46,100.00003036986749,0.0
1.0,15.0,False,31,46,100.00002320221095,0.0
1.0,15.0,False,32,46,100.00002076816583,0.0
1.0,15.0,False,33,46,100.00000924179798,0.0
1.0,15.0,False,34,46,99.99999985144669,0.0
1.0,15.0,False,35,46,99.99999912484583,0.0
1.0,15.0,False,36,46,100.00000373655669,0.0
1.0,15.0,False,37,46,100.00001763684315,0.0
1.0,15.0,False,38,46,100.00001701433413,0.0
1.0,15.0,False,39,46,100.00001662796872,0.0
1.0,15.0,False,40,46,100.0000104005006,0.0
1.0,15.0,False,41,46,100.00001432908189,0.0
1.0,15.0,False,42,46,100.00001269722489,0.0
1.0,15.0,False,43,46,100.00000923930938,0.0
1.0,15.0,False,44,46,100.00000654913042,0.0
1.0,15.0,False,45,46,100.00000902046699,0.0
1.0,15.0,False,46,46,100.00000940561463,0.0
1.0,15.0,False,47,46,100.00000691330894,0.0
1.0,15.0,False,48,46,100.0000066492023,0.0
1.0,15.0,False,49,46,100.00000019582504,0.0
1.0,15.0,False,50,46,99.99999862630261,0.0
1.0,20.0,True,1,42,77.18317395085768,0.1
1.0,20.0,True,2,42,100.00163328823174,0.0
1.0,20.0,True,3,42,100.00007127557822,0.0
1.0,20.0,True,4,42,100.00007113246889,0.0
1.0,20.0,True,5,42,100.00005045903367,0.0
1.0,20.0,True,6,42,100.00007056421381,0.0
1.0,20.0,True,7,42,100.0000712213362,0.0
1.0,20.0,True,8,42,100.00006386078687,0.0
1.0,20.0,True,9,42,100.00005716638998,0.0
1.0,20.0,True,10,42,100.00003025210604,0.0
1.0,20.0,True,11,42,100.00002395732412,0.0
1.0,20.0,True,12,42,100.0000159637958,0.0
1.0,20.0,True,13,42,100.00001595603746,0.0
1.0,20.0,True,14,42,100.00001379487333,0.0
1.0,20.0,True,15,42,100.00001411642265,0.0
1.0,20.0,True,16,42,100.00001306434496,0.0
1.0,20.0,True,17,42,100.0000133119418,0.0
1.0,20.0,True,18,42,100.00000929257648,0.0
1.0,20.0,True,19,42,100.00002480971081,0.0
1.0,20.0,True,20,42,100.00002473788781,0.0
1.0,20.0,True,21,42,100.00001901904095,0.0
1.0,20.0,True,22,42,100.00002000334263,0.0
1.0,20.0,True,23,42,100.00001254501379,0.0
1.0,20.0,True,24,42,100.00001287369491,0.0
1.0,20.0,True,25,42,100.00001598135776,0.0
1.0,20.0,True,26,42,100.00001799688312,0.0
1.0,20.0,True,27,42,100.00002045745232,0.0
1.0,20.0,True,28,42,100.00001056906126,0.0
1.0,20.0,True,29,42,100.00000960864453,0.0
1.0,20.0,True,30,42,99.99999855320164,0.0
1.0,20.0,True,31,42,100.0000000941181,0.0
1.0,20.0,True,32,42,100.00000013489446,0.0
1.0,20.0,True,33,42,99.99999185820998,0.0
1.0,20.0,True,34,42,99.99999213884773,0.0
1.0,20.0,True,35,42,99.99999718244669,0.0
1.0,20.0,True,36,42,99.99999750528963,0.0
1.0,20.0,True,37,42,100.0000118468324,0.0
1.0,20.0,True,38,42,99.99999874018748,0.0
1.0,20.0,True,39,42,99.99999538247593,0.0
1.0,20.0,True,40,42,99.9999985932835,0.0
1.0,20.0,True,41,42,99.99999753814438,0.0
1.0,20.0,True,42,42,99.99999819120487,0.0
1.0,20.0,True,43,42,99.99999865726377,0.0
1.0,20.0,True,44,42,99.9999957507325,0.0
1.0,20.0,True,45,42,99.99999464274634,0.0
1.0,20.0,True,46,42,99.99999483012529,0.0
1.0,20.0,True,47,42,99.99999715402181,0.0
1.0,20.0,True,48,42,99.99999960953913,0.0
1.0,20.0,True,49,42,99.99999048273361,0.0
1.0,20.0,True,50,42,99.99999055205605,0.0
1.0,20.0,True,1,43,77.19151387343058,0.1
1.0,20.0,True,2,43,100.00096746144303,0.0
1.0,20.0,True,3,43,100.00001398763189,0.0
1.0,20.0,True,4,43,100.00001518939268,0.0
1.0,20.0,True,5,43,100.0000190890639,0.0
1.0,20.0,True,6,43,100.00001162073501,0.0
1.0,20.0,True,7,43,100.00002390265792,0.0
1.0,20.0,True,8,43,100.00001139570386,0.0
1.0,20.0,True,9,43,100.0000086722753,0.0
1.0,20.0,True,10,43,99.99999894048908,0.0
1.0,20.0,True,11,43,100.00000326059165,0.0
1.0,20.0,True,12,43,100.00000967474114,0.0
1.0,20.0,True,13,43,100.00000583870627,0.0
1.0,20.0,True,14,43,100.00000557592043,0.0
1.0,20.0,True,15,43,100.00000451074803,0.0
1.0,20.0,True,16,43,100.00000623215237,0.0
1.0,20.0,True,17,43,100.00001021802638,0.0
1.0,20.0,True,18,43,100.00000791273897,0.0
1.0,20.0,True,19,43,100.0000097697887,0.0
1.0,20.0,True,20,43,100.00001223753185,0.0
1.0,20.0,True,21,43,99.99998858106008,0.0
1.0,20.0,True,22,43,99.9999861973895,0.0
1.0,20.0,True,23,43,99.99998762536003,0.0
1.0,20.0,True,24,43,99.99998783780303,0.0
1.0,20.0,True,25,43,99.99998601203814,0.0
1.0,20.0,True,26,43,99.99998612295491,0.0
1.0,20.0,True,27,43,99.99998837274862,0.0
1.0,20.0,True,28,43,99.99998643319023,0.0
1.0,20.0,True,29,43,99.99998911582037,0.0
1.0,20.0,True,30,43,99.99999552125291,0.0
1.0,20.0,True,31,43,99.9999995210447,0.0
1.0,20.0,True,32,43,99.99999666690283,0.0
1.0,20.0,True,33,43,100.00000426842897,0.0
1.0,20.0,True,34,43,100.00000396467996,0.0
1.0,20.0,True,35,43,99.99999819759282,0.0
1.0,20.0,True,36,43,99.99999736169036,0.0
1.0,20.0,True,37,43,99.99999973649733,0.0
1.0,20.0,True,38,43,99.9999997416169,0.0
1.0,20.0,True,39,43,100.00000198300121,0.0
1.0,20.0,True,40,43,99.99999956883332,0.0
1.0,20.0,True,41,43,99.9999896123355,0.0
1.0,20.0,True,42,43,99.99999767681842,0.0
1.0,20.0,True,43,43,99.99999674744447,0.0
1.0,20.0,True,44,43,99.99999691607826,0.0
1.0,20.0,True,45,43,100.00000078628175,0.0
1.0,20.0,True,46,43,100.00000234111403,0.0
1.0,20.0,True,47,43,100.00000114420124,0.0
1.0,20.0,True,48,43,99.99999922064129,0.0
1.0,20.0,True,49,43,99.99999244453596,0.0
1.0,20.0,True,50,43,99.99999488580342,0.0
1.0,20.0,True,1,44,77.17543843229464,0.1
1.0,20.0,True,2,44,100.00136188393799,0.0
1.0,20.0,True,3,44,99.99986655992083,0.0
1.0,20.0,True,4,44,99.99986708995638,0.0
1.0,20.0,True,5,44,99.99989920865153,0.0
1.0,20.0,True,6,44,99.99991263719436,0.0
1.0,20.0,True,7,44,99.99991240387052,0.0
1.0,20.0,True,8,44,99.9999122499549,0.0
1.0,20.0,True,9,44,99.99991346832664,0.0
1.0,20.0,True,10,44,99.99992622194851,0.0
1.0,20.0,True,11,44,99.99992622727645,0.0
1.0,20.0,True,12,44,99.9999615060716,0.0
1.0,20.0,True,13,44,99.999968389283,0.0
1.0,20.0,True,14,44,99.9999592246674,0.0
1.0,20.0,True,15,44,99.99994785908387,0.0
1.0,20.0,True,16,44,99.99995413185891,0.0
1.0,20.0,True,17,44,99.9999766455434,0.0
1.0,20.0,True,18,44,99.99998970066031,0.0
1.0,20.0,True,19,44,99.9999929394279,0.0
1.0,20.0,True,20,44,99.99999223702748,0.0
1.0,20.0,True,21,44,99.9999933424429,0.0
1.0,20.0,True,22,44,99.99999192228753,0.0
1.0,20.0,True,23,44,99.99998052418218,0.0
1.0,20.0,True,24,44,99.99997502821904,0.0
1.0,20.0,True,25,44,99.99997441571257,0.0
1.0,20.0,True,26,44,99.99997858252631,0.0
1.0,20.0,True,27,44,99.99998066587045,0.0
1.0,20.0,True,28,44,99.99996847519307,0.0
1.0,20.0,True,29,44,99.99996744582802,0.0
1.0,20.0,True,30,44,99.99997883224377,0.0
1.0,20.0,True,31,44,99.99997908439369,0.0
1.0,20.0,True,32,44,99.9999790274438,0.0
1.0,20.0,True,33,44,99.99998614552999,0.0
1.0,20.0,True,34,44,99.99998906980865,0.0
1.0,20.0,True,35,44,99.9999855568802,0.0
1.0,20.0,True,36,44,99.99998441593473,0.0
1.0,20.0,True,37,44,99.99999022241795,0.0
1.0,20.0,True,38,44,99.99999035182084,0.0
1.0,20.0,True,39,44,99.99999157873134,0.0
1.0,20.0,True,40,44,99.99998492183357,0.0
1.0,20.0,True,41,44,99.99999472423944,0.0
1.0,20.0,True,42,44,99.99999603695032,0.0
1.0,20.0,True,43,44,100.00000007955643,0.0
1.0,20.0,True,44,44,100.000000810066,0.0
1.0,20.0,True,45,44,100.00000047330823,0.0
1.0,20.0,True,46,44,99.99999972844587,0.0
1.0,20.0,True,47,44,100.00000298290146,0.0
1.0,20.0,True,48,44,99.99999877508148,0.0
1.0,20.0,True,49,44,100.00000155666862,0.0
1.0,20.0,True,50,44,100.0000014833906,0.0
1.0,20.0,True,1,45,77.17697083118851,0.1
1.0,20.0,True,2,45,100.00042501370629,0.0
1.0,20.0,True,3,45,100.00002913283866,0.0
1.0,20.0,True,4,45,99.9999957904826,0.0
1.0,20.0,True,5,45,100.00000547815804,0.0
1.0,20.0,True,6,45,100.000000055616,0.0
1.0,20.0,True,7,45,100.00000035610117,0.0
1.0,20.0,True,8,45,100.00000307290779,0.0
1.0,20.0,True,9,45,100.00000907345594,0.0
1.0,20.0,True,10,45,99.99999065084293,0.0
1.0,20.0,True,11,45,99.99999043899228,0.0
1.0,20.0,True,12,45,99.99997232305552,0.0
1.0,20.0,True,13,45,99.99997766781608,0.0
1.0,20.0,True,14,45,99.99997735399724,0.0
1.0,20.0,True,15,45,99.99997622950686,0.0
1.0,20.0,True,16,45,99.9999704754191,0.0
1.0,20.0,True,17,45,99.99996260626514,0.0
1.0,20.0,True,18,45,99.99995965617232,0.0
1.0,20.0,True,19,45,99.99998371633299,0.0
1.0,20.0,True,20,45,99.99998527591062,0.0
1.0,20.0,True,21,45,99.99998739134566,0.0
1.0,20.0,True,22,45,99.99998810523434,0.0
1.0,20.0,True,23,45,99.99999066880116,0.0
1.0,20.0,True,24,45,99.99998298057105,0.0
1.0,20.0,True,25,45,99.99999504224485,0.0
1.0,20.0,True,26,45,99.99998295695633,0.0
1.0,20.0,True,27,45,99.99997246213186,0.0
1.0,20.0,True,28,45,99.99997273078372,0.0
1.0,20.0,True,29,45,99.99997227089429,0.0
1.0,20.0,True,30,45,99.9999733182712,0.0
1.0,20.0,True,31,45,99.99998291689514,0.0
1.0,20.0,True,32,45,99.9999829877954,0.0
1.0,20.0,True,33,45,99.99999693665815,0.0
1.0,20.0,True,34,45,100.00000135827693,0.0
1.0,20.0,True,35,45,100.00000986527607,0.0
1.0,20.0,True,36,45,100.0000065392515,0.0
1.0,20.0,True,37,45,100.00000663189957,0.0
1.0,20.0,True,38,45,99.99999992149208,0.0
1.0,20.0,True,39,45,100.00000756533731,0.0
1.0,20.0,True,40,45,100.00000874026614,0.0
1.0,20.0,True,41,45,100.00001202440083,0.0
1.0,20.0,True,42,45,100.00001202555764,0.0
1.0,20.0,True,43,45,100.00001382255925,0.0
1.0,20.0,True,44,45,100.0000128275137,0.0
1.0,20.0,True,45,45,100.00000995505968,0.0
1.0,20.0,True,46,45,100.00000707998379,0.0
1.0,20.0,True,47,45,100.0000060207804,0.0
1.0,20.0,True,48,45,100.00001071946305,0.0
1.0,20.0,True,49,45,100.0000125246259,0.0
1.0,20.0,True,50,45,100.00001009533766,0.0
1.0,20.0,True,1,46,77.17460577094434,0.1
1.0,20.0,True,2,46,100.00074609344719,0.0
1.0,20.0,True,3,46,100.00002700001815,0.0
1.0,20.0,True,4,46,100.00000123984827,0.0
1.0,20.0,True,5,46,100.00001260661432,0.0
1.0,20.0,True,6,46,100.00002064547886,0.0
1.0,20.0,True,7,46,100.00001856692411,0.0
1.0,20.0,True,8,46,100.00002081494554,0.0
1.0,20.0,True,9,46,99.99999219333677,0.0
1.0,20.0,True,10,46,99.99999153899718,0.0
1.0,20.0,True,11,46,99.9999914599094,0.0
1.0,20.0,True,12,46,99.9999906850476,0.0
1.0,20.0,True,13,46,100.00001183308743,0.0
1.0,20.0,True,14,46,100.00002261368732,0.0
1.0,20.0,True,15,46,100.00002259974175,0.0
1.0,20.0,True,16,46,100.00002397912044,0.0
1.0,20.0,True,17,46,100.00002016099945,0.0
1.0,20.0,True,18,46,100.00001730854085,0.0
1.0,20.0,True,19,46,100.000023582489,0.0
1.0,20.0,True,20,46,100.0000234208874,0.0
1.0,20.0,True,21,46,100.00001798083838,0.0
1.0,20.0,True,22,46,100.0000168585509,0.0
1.0,20.0,True,23,46,100.00001732071672,0.0
1.0,20.0,True,24,46,100.00001795916918,0.0
1.0,20.0,True,25,46,100.00001396725995,0.0
1.0,20.0,True,26,46,100.000014937499,0.0
1.0,20.0,True,27,46,100.00002294976741,0.0
1.0,20.0,True,28,46,100.00002264191087,0.0
1.0,20.0,True,29,46,100.00002091710829,0.0
1.0,20.0,True,30,46,100.0000193989133,0.0
1.0,20.0,True,31,46,100.00000820848211,0.0
1.0,20.0,True,32,46,100.00000945112849,0.0
1.0,20.0,True,33,46,100.0000030181381,0.0
1.0,20.0,True,34,46,99.99999590305778,0.0
1.0,20.0,True,35,46,99.99999500268238,0.0
1.0,20.0,True,36,46,100.00000130400413,0.0
1.0,20.0,True,37,46,100.0000152975941,0.0
1.0,20.0,True,38,46,100.00000943972148,0.0
1.0,20.0,True,39,46,100.00001192547876,0.0
1.0,20.0,True,40,46,100.0000054626677,0.0
1.0,20.0,True,41,46,100.0000018015933,0.0
1.0,20.0,True,42,46,100.00000172530224,0.0
1.0,20.0,True,43,46,100.00000039882815,0.0
1.0,20.0,True,44,46,99.99999739569805,0.0
1.0,20.0,True,45,46,100.00000035920328,0.0
1.0,20.0,True,46,46,100.00000374193127,0.0
1.0,20.0,True,47,46,100.00000472498527,0.0
1.0,20.0,True,48,46,100.00000445310276,0.0
1.0,20.0,True,49,46,99.99999936628183,0.0
1.0,20.0,True,50,46,99.99999960974,0.0
1.0,20.0,False,1,42,10.568990593147007,0.5
1.0,20.0,False,2,42,100.00192947742195,0.0
1.0,20.0,False,3,42,100.00004762423634,0.0
1.0,20.0,False,4,42,100.00004764240339,0.0
1.0,20.0,False,5,42,100.00002810226525,0.0
1.0,20.0,False,6,42,100.00005383420691,0.0
1.0,20.0,False,7,42,100.00005390740088,0.0
1.0,20.0,False,8,42,100.00005264337219,0.0
1.0,20.0,False,9,42,100.00004426711953,0.0
1.0,20.0,False,10,42,100.00001572790168,0.0
1.0,20.0,False,11,42,100.00000522854806,0.0
1.0,20.0,False,12,42,99.999997737982,0.0
1.0,20.0,False,13,42,99.99999797707089,0.0
1.0,20.0,False,14,42,99.9999960950318,0.0
1.0,20.0,False,15,42,99.99999519110217,0.0
1.0,20.0,False,16,42,99.99999545460727,0.0
1.0,20.0,False,17,42,99.99999204158777,0.0
1.0,20.0,False,18,42,99.9999951672202,0.0
1.0,20.0,False,19,42,100.00000571792349,0.0
1.0,20.0,False,20,42,100.00000647707807,0.0
1.0,20.0,False,21,42,100.00000037324003,0.0
1.0,20.0,False,22,42,100.00000154072487,0.0
1.0,20.0,False,23,42,99.99999379310883,0.0
1.0,20.0,False,24,42,99.99999401366728,0.0
1.0,20.0,False,25,42,99.99999520855059,0.0
1.0,20.0,False,26,42,99.99999529952538,0.0
1.0,20.0,False,27,42,100.00000060977979,0.0
1.0,20.0,False,28,42,99.99999184702614,0.0
1.0,20.0,False,29,42,99.99998260119106,0.0
1.0,20.0,False,30,42,99.99998392717279,0.0
1.0,20.0,False,31,42,99.99998393037284,0.0
1.0,20.0,False,32,42,99.99998391466357,0.0
1.0,20.0,False,33,42,99.9999801245474,0.0
1.0,20.0,False,34,42,99.99997441730403,0.0
1.0,20.0,False,35,42,99.99998179361707,0.0
1.0,20.0,False,36,42,99.99998844332052,0.0
1.0,20.0,False,37,42,99.99999101652895,0.0
1.0,20.0,False,38,42,99.99998554389632,0.0
1.0,20.0,False,39,42,99.99998804204448,0.0
1.0,20.0,False,40,42,99.99999232682686,0.0
1.0,20.0,False,41,42,99.99999204030843,0.0
1.0,20.0,False,42,42,99.999991713109,0.0
1.0,20.0,False,43,42,99.99999409684449,0.0
1.0,20.0,False,44,42,99.99999240572694,0.0
1.0,20.0,False,45,42,99.99999264179382,0.0
1.0,20.0,False,46,42,99.99999226000597,0.0
1.0,20.0,False,47,42,99.99998827221239,0.0
1.0,20.0,False,48,42,100.00000087922086,0.0
1.0,20.0,False,49,42,99.99999244405025,0.0
1.0,20.0,False,50,42,99.99999233055968,0.0
1.0,20.0,False,1,43,10.553783961033574,0.5
1.0,20.0,False,2,43,100.00125427684569,0.0
1.0,20.0,False,3,43,100.00001725962065,0.0
1.0,20.0,False,4,43,100.00001792538026,0.0
1.0,20.0,False,5,43,100.00002179772791,0.0
1.0,20.0,False,6,43,100.00001866126658,0.0
1.0,20.0,False,7,43,100.0000252162882,0.0
1.0,20.0,False,8,43,100.00001827553723,0.0
1.0,20.0,False,9,43,100.00001774183849,0.0
1.0,20.0,False,10,43,100.00000142372139,0.0
1.0,20.0,False,11,43,100.0000009872531,0.0
1.0,20.0,False,12,43,100.00001008017253,0.0
1.0,20.0,False,13,43,100.00000392189148,0.0
1.0,20.0,False,14,43,100.00000391437433,0.0
1.0,20.0,False,15,43,100.00000109566415,0.0
1.0,20.0,False,16,43,100.00000394357866,0.0
1.0,20.0,False,17,43,100.00001032288006,0.0
1.0,20.0,False,18,43,100.0000069829133,0.0
1.0,20.0,False,19,43,100.00001073638917,0.0
1.0,20.0,False,20,43,100.00001114203621,0.0
1.0,20.0,False,21,43,99.99998683508952,0.0
1.0,20.0,False,22,43,99.99998456916259,0.0
1.0,20.0,False,23,43,99.99998622193891,0.0
1.0,20.0,False,24,43,99.99998542457186,0.0
1.0,20.0,False,25,43,99.99998656846773,0.0
1.0,20.0,False,26,43,99.99998453759545,0.0
1.0,20.0,False,27,43,99.9999863144698,0.0
1.0,20.0,False,28,43,99.99998481103944,0.0
1.0,20.0,False,29,43,99.99998623986033,0.0
1.0,20.0,False,30,43,99.99999267502098,0.0
1.0,20.0,False,31,43,99.99999759703825,0.0
1.0,20.0,False,32,43,99.99999572641704,0.0
1.0,20.0,False,33,43,100.00000243804146,0.0
1.0,20.0,False,34,43,100.00000219251262,0.0
1.0,20.0,False,35,43,99.99999507693953,0.0
1.0,20.0,False,36,43,99.99999640658663,0.0
1.0,20.0,False,37,43,99.99999923205829,0.0
1.0,20.0,False,38,43,99.99999887031282,0.0
1.0,20.0,False,39,43,99.9999981480199,0.0
1.0,20.0,False,40,43,99.99999986179131,0.0
1.0,20.0,False,41,43,99.99999351062925,0.0
1.0,20.0,False,42,43,99.99999652076923,0.0
1.0,20.0,False,43,43,99.99999800960543,0.0
1.0,20.0,False,44,43,99.99999878317169,0.0
1.0,20.0,False,45,43,99.99999877813303,0.0
1.0,20.0,False,46,43,99.99999908406068,0.0
1.0,20.0,False,47,43,100.00000118373669,0.0
1.0,20.0,False,48,43,99.9999985029935,0.0
1.0,20.0,False,49,43,99.99999306445223,0.0
1.0,20.0,False,50,43,99.99999411570096,0.0
1.0,20.0,False,1,44,10.551680759021734,0.5
1.0,20.0,False,2,44,100.00169806455705,0.0
1.0,20.0,False,3,44,99.99988691543734,0.0
1.0,20.0,False,4,44,99.99989086345688,0.0
1.0,20.0,False,5,44,99.9999139798387,0.0
1.0,20.0,False,6,44,99.99992781089098,0.0
1.0,20.0,False,7,44,99.99992503930207,0.0
1.0,20.0,False,8,44,99.99993118557026,0.0
1.0,20.0,False,9,44,99.99993402893061,0.0
1.0,20.0,False,10,44,99.99995242147739,0.0
1.0,20.0,False,11,44,99.99995766638156,0.0
1.0,20.0,False,12,44,99.99997794566849,0.0
1.0,20.0,False,13,44,99.99998224618648,0.0
1.0,20.0,False,14,44,99.9999631010271,0.0
1.0,20.0,False,15,44,99.99996116058485,0.0
1.0,20.0,False,16,44,99.9999644921796,0.0
1.0,20.0,False,17,44,99.99999149603246,0.0
1.0,20.0,False,18,44,100.00001092656888,0.0
1.0,20.0,False,19,44,100.00001088535541,0.0
1.0,20.0,False,20,44,100.00000655102133,0.0
1.0,20.0,False,21,44,100.00000812131653,0.0
1.0,20.0,False,22,44,100.00000637029622,0.0
1.0,20.0,False,23,44,99.99998769121339,0.0
1.0,20.0,False,24,44,99.99998356776881,0.0
1.0,20.0,False,25,44,99.99998169696875,0.0
1.0,20.0,False,26,44,99.9999830478701,0.0
1.0,20.0,False,27,44,99.99997924239739,0.0
1.0,20.0,False,28,44,99.99998516013034,0.0
1.0,20.0,False,29,44,99.99998821341501,0.0
1.0,20.0,False,30,44,99.99998643852302,0.0
1.0,20.0,False,31,44,99.99998615351954,0.0
1.0,20.0,False,32,44,99.99998484825903,0.0
1.0,20.0,False,33,44,99.99999144769255,0.0
1.0,20.0,False,34,44,99.99999583911818,0.0
1.0,20.0,False,35,44,99.99999367541832,0.0
1.0,20.0,False,36,44,99.99999195940184,0.0
1.0,20.0,False,37,44,99.99999768510699,0.0
1.0,20.0,False,38,44,99.99999770067274,0.0
1.0,20.0,False,39,44,99.99999816881075,0.0
1.0,20.0,False,40,44,99.99999977009946,0.0
1.0,20.0,False,41,44,100.00000277799487,0.0
1.0,20.0,False,42,44,100.00000572126588,0.0
1.0,20.0,False,43,44,100.00000631278382,0.0
1.0,20.0,False,44,44,100.0000062286071,0.0
1.0,20.0,False,45,44,100.00000622797378,0.0
1.0,20.0,False,46,44,100.00000513171923,0.0
1.0,20.0,False,47,44,100.00000659140241,0.0
1.0,20.0,False,48,44,100.00000244020093,0.0
1.0,20.0,False,49,44,100.00000419272337,0.0
1.0,20.0,False,50,44,100.00000756911092,0.0
1.0,20.0,False,1,45,10.568323830364358,0.5
1.0,20.0,False,2,45,100.0006893259893,0.0
1.0,20.0,False,3,45,100.00002156068633,0.0
1.0,20.0,False,4,45,99.99998799624512,0.0
1.0,20.0,False,5,45,99.99999896465457,0.0
1.0,20.0,False,6,45,99.99999364963688,0.0
1.0,20.0,False,7,45,99.9999937109803,0.0
1.0,20.0,False,8,45,100.00000088404397,0.0
1.0,20.0,False,9,45,100.00000354607782,0.0
1.0,20.0,False,10,45,99.99998296936496,0.0
1.0,20.0,False,11,45,99.99998235830273,0.0
1.0,20.0,False,12,45,99.99996347325992,0.0
1.0,20.0,False,13,45,99.9999711922128,0.0
1.0,20.0,False,14,45,99.99997117018773,0.0
1.0,20.0,False,15,45,99.99996407979012,0.0
1.0,20.0,False,16,45,99.99997117987195,0.0
1.0,20.0,False,17,45,99.99997753083818,0.0
1.0,20.0,False,18,45,99.9999719230812,0.0
1.0,20.0,False,19,45,99.99997053666331,0.0
1.0,20.0,False,20,45,99.99998724502845,0.0
1.0,20.0,False,21,45,99.99998808220454,0.0
1.0,20.0,False,22,45,99.99998994045663,0.0
1.0,20.0,False,23,45,99.9999899321989,0.0
1.0,20.0,False,24,45,99.99998287517923,0.0
1.0,20.0,False,25,45,99.9999907271621,0.0
1.0,20.0,False,26,45,99.99997419392619,0.0
1.0,20.0,False,27,45,99.9999680778357,0.0
1.0,20.0,False,28,45,99.99996829641222,0.0
1.0,20.0,False,29,45,99.99996860792382,0.0
1.0,20.0,False,30,45,99.99997000265978,0.0
1.0,20.0,False,31,45,99.99998259498264,0.0
1.0,20.0,False,32,45,99.99999472627921,0.0
1.0,20.0,False,33,45,99.99999653599575,0.0
1.0,20.0,False,34,45,100.00000604873826,0.0
1.0,20.0,False,35,45,100.00000848134869,0.0
1.0,20.0,False,36,45,100.00000566809638,0.0
1.0,20.0,False,37,45,100.00000554140473,0.0
1.0,20.0,False,38,45,99.99999544095999,0.0
1.0,20.0,False,39,45,100.00000363778292,0.0
1.0,20.0,False,40,45,100.00000424099551,0.0
1.0,20.0,False,41,45,100.00001222550992,0.0
1.0,20.0,False,42,45,100.0000121787757,0.0
1.0,20.0,False,43,45,100.00001515147925,0.0
1.0,20.0,False,44,45,100.0000178718677,0.0
1.0,20.0,False,45,45,100.00001592670307,0.0
1.0,20.0,False,46,45,100.00001082498665,0.0
1.0,20.0,False,47,45,100.00001084673919,0.0
1.0,20.0,False,48,45,100.00001309401185,0.0
1.0,20.0,False,49,45,100.00001830153883,0.0
1.0,20.0,False,50,45,100.00001712375402,0.0
1.0,20.0,False,1,46,10.53073431340346,0.5
1.0,20.0,False,2,46,100.00095176596048,0.0
1.0,20.0,False,3,46,100.00001632244309,0.0
1.0,20.0,False,4,46,99.99999034056222,0.0
1.0,20.0,False,5,46,99.99999949497519,0.0
1.0,20.0,False,6,46,100.0000158474609,0.0
1.0,20.0,False,7,46,100.00001143919503,0.0
1.0,20.0,False,8,46,100.00001243198885,0.0
1.0,20.0,False,9,46,100.00000017995814,0.0
1.0,20.0,False,10,46,99.99999985984914,0.0
1.0,20.0,False,11,46,99.99999779726555,0.0
1.0,20.0,False,12,46,99.9999958148934,0.0
1.0,20.0,False,13,46,100.00001813533308,0.0
1.0,20.0,False,14,46,100.00002837552056,0.0
1.0,20.0,False,15,46,100.00003265896927,0.0
1.0,20.0,False,16,46,100.0000347693182,0.0
1.0,20.0,False,17,46,100.00003347724235,0.0
1.0,20.0,False,18,46,100.00003211233083,0.0
1.0,20.0,False,19,46,100.0000322127155,0.0
1.0,20.0,False,20,46,100.00003145219341,0.0
1.0,20.0,False,21,46,100.00002378255138,0.0
1.0,20.0,False,22,46,100.00002260438812,0.0
1.0,20.0,False,23,46,100.00002507513742,0.0
1.0,20.0,False,24,46,100.0000265468048,0.0
1.0,20.0,False,25,46,100.0000246001853,0.0
1.0,20.0,False,26,46,100.0000231486311,0.0
1.0,20.0,False,27,46,100.00003106308804,0.0
1.0,20.0,False,28,46,100.00003164747031,0.0
1.0,20.0,False,29,46,100.00002882786981,0.0
1.0,20.0,False,30,46,100.00003036997404,0.0
1.0,20.0,False,31,46,100.00002320241309,0.0
1.0,20.0,False,32,46,100.00002076831544,0.0
1.0,20.0,False,33,46,100.00000924174151,0.0
1.0,20.0,False,34,46,99.9999998504835,0.0
1.0,20.0,False,35,46,99.9999991241302,0.0
1.0,20.0,False,36,46,100.00000373481521,0.0
1.0,20.0,False,37,46,100.00001763696034,0.0
1.0,20.0,False,38,46,100.00001701451913,0.0
1.0,20.0,False,39,46,100.00001662695844,0.0
1.0,20.0,False,40,46,100.00001040005813,0.0
1.0,20.0,False,41,46,100.00001432882024,0.0
1.0,20.0,False,42,46,100.00001269699794,0.0
1.0,20.0,False,43,46,100.00000923966702,0.0
1.0,20.0,False,44,46,100.00000654944462,0.0
1.0,20.0,False,45,46,100.0000090207551,0.0
1.0,20.0,False,46,46,100.00000940593483,0.0
1.0,20.0,False,47,46,100.00000691360286,0.0
1.0,20.0,False,48,46,100.00000664957989,0.0
1.0,20.0,False,49,46,100.00000019603232,0.0
1.0,20.0,False,50,46,99.99999862650168,0.0
2.0,5.0,True,1,42,100.661631435413,0.0
2.0,5.0,True,2,42,100.00021058416195,0.0
2.0,5.0,True,3,42,100.00004137453806,0.0
2.0,5.0,True,4,42,100.00004146352732,0.0
2.0,5.0,True,5,42,100.00003280024661,0.0
2.0,5.0,True,6,42,100.00004121297003,0.0
2.0,5.0,True,7,42,100.00004360319502,0.0
2.0,5.0,True,8,42,100.00004008337739,0.0
2.0,5.0,True,9,42,100.00003944498755,0.0
2.0,5.0,True,10,42,100.00002222067562,0.0
2.0,5.0,True,11,42,100.00001729587623,0.0
2.0,5.0,True,12,42,100.00000958065169,0.0
2.0,5.0,True,13,42,100.00000957397283,0.0
2.0,5.0,True,14,42,100.00000844560496,0.0
2.0,5.0,True,15,42,100.00000857676771,0.0
2.0,5.0,True,16,42,100.00000904119184,0.0
2.0,5.0,True,17,42,100.00000853456282,0.0
2.0,5.0,True,18,42,100.00000767776478,0.0
2.0,5.0,True,19,42,100.00001299578932,0.0
2.0,5.0,True,20,42,100.0000129635676,0.0
2.0,5.0,True,21,42,100.00001006374367,0.0
2.0,5.0,True,22,42,100.00001051536455,0.0
2.0,5.0,True,23,42,100.00000625926438,0.0
2.0,5.0,True,24,42,100.00000556418044,0.0
2.0,5.0,True,25,42,100.0000045593257,0.0
2.0,5.0,True,26,42,100.00000683284227,0.0
2.0,5.0,True,27,42,100.00000863751325,0.0
2.0,5.0,True,28,42,100.00000381407574,0.0
2.0,5.0,True,29,42,100.00000291709438,0.0
2.0,5.0,True,30,42,99.99999814851111,0.0
2.0,5.0,True,31,42,99.99999886282933,0.0
2.0,5.0,True,32,42,99.99999894259136,0.0
2.0,5.0,True,33,42,99.99999549472344,0.0
2.0,5.0,True,34,42,99.99999527885558,0.0
2.0,5.0,True,35,42,99.99999757108449,0.0
2.0,5.0,True,36,42,99.99999710255449,0.0
2.0,5.0,True,37,42,100.0000042096581,0.0
2.0,5.0,True,38,42,100.0000028037288,0.0
2.0,5.0,True,39,42,99.99999953702327,0.0
2.0,5.0,True,40,42,99.99999945012001,0.0
2.0,5.0,True,41,42,99.99999855909266,0.0
2.0,5.0,True,42,42,99.99999890530856,0.0
2.0,5.0,True,43,42,99.99999947786405,0.0
2.0,5.0,True,44,42,99.99999859858312,0.0
2.0,5.0,True,45,42,99.99999813074764,0.0
2.0,5.0,True,46,42,99.99999819166734,0.0
2.0,5.0,True,47,42,99.99999930514451,0.0
2.0,5.0,True,48,42,100.00000115858536,0.0
2.0,5.0,True,49,42,99.99999545419405,0.0
2.0,5.0,True,50,42,99.99999548678008,0.0
2.0,5.0,True,1,43,100.66306871731405,0.0
2.0,5.0,True,2,43,100.00003976068454,0.0
2.0,5.0,True,3,43,100.00001698023247,0.0
2.0,5.0,True,4,43,100.00001761756826,0.0
2.0,5.0,True,5,43,100.00001970049954,0.0
2.0,5.0,True,6,43,100.00001391752653,0.0
2.0,5.0,True,7,43,100.0000226486097,0.0
2.0,5.0,True,8,43,100.00001903675718,0.0
2.0,5.0,True,9,43,100.00001623202832,0.0
2.0,5.0,True,10,43,100.00001250993688,0.0
2.0,5.0,True,11,43,100.00001233391447,0.0
2.0,5.0,True,12,43,100.00001285397657,0.0
2.0,5.0,True,13,43,100.00001102884227,0.0
2.0,5.0,True,14,43,100.00001086765485,0.0
2.0,5.0,True,15,43,100.00001086556458,0.0
2.0,5.0,True,16,43,100.00001457838283,0.0
2.0,5.0,True,17,43,100.00001483637234,0.0
2.0,5.0,True,18,43,100.00000422000915,0.0
2.0,5.0,True,19,43,100.00000483487564,0.0
2.0,5.0,True,20,43,100.000005095761,0.0
2.0,5.0,True,21,43,99.99999711351677,0.0
2.0,5.0,True,22,43,99.9999956375326,0.0
2.0,5.0,True,23,43,99.99999668868821,0.0
2.0,5.0,True,24,43,99.99999396908797,0.0
2.0,5.0,True,25,43,99.99999371182116,0.0
2.0,5.0,True,26,43,99.9999902589561,0.0
2.0,5.0,True,27,43,99.99999397873339,0.0
2.0,5.0,True,28,43,99.99999071415863,0.0
2.0,5.0,True,29,43,99.99999107312163,0.0
2.0,5.0,True,30,43,99.99999400889284,0.0
2.0,5.0,True,31,43,99.99999635593588,0.0
2.0,5.0,True,32,43,99.99999416659475,0.0
2.0,5.0,True,33,43,100.00000079334032,0.0
2.0,5.0,True,34,43,100.00000053815683,0.0
2.0,5.0,True,35,43,99.99999731400717,0.0
2.0,5.0,True,36,43,99.99999722037978,0.0
2.0,5.0,True,37,43,99.99999888486101,0.0
2.0,5.0,True,38,43,99.99999894319146,0.0
2.0,5.0,True,39,43,100.00000055221679,0.0
2.0,5.0,True,40,43,99.99999965474737,0.0
2.0,5.0,True,41,43,99.99999383207381,0.0
2.0,5.0,True,42,43,99.99999745177493,0.0
2.0,5.0,True,43,43,99.9999972621736,0.0
2.0,5.0,True,44,43,99.99999741403788,0.0
2.0,5.0,True,45,43,99.99999910617831,0.0
2.0,5.0,True,46,43,100.00000002688347,0.0
2.0,5.0,True,47,43,99.99999941314148,0.0
2.0,5.0,True,48,43,99.99999820672751,0.0
2.0,5.0,True,49,43,99.99999626333894,0.0
2.0,5.0,True,50,43,99.99999741322324,0.0
2.0,5.0,True,1,44,100.66382850155307,0.0
2.0,5.0,True,2,44,100.00014062694773,0.0
2.0,5.0,True,3,44,99.99992793607707,0.0
2.0,5.0,True,4,44,99.9999283445519,0.0
2.0,5.0,True,5,44,99.99995195907836,0.0
2.0,5.0,True,6,44,99.99995965679692,0.0
2.0,5.0,True,7,44,99.99995954518542,0.0
2.0,5.0,True,8,44,99.99995921928493,0.0
2.0,5.0,True,9,44,99.99995400269069,0.0
2.0,5.0,True,10,44,99.99995788935021,0.0
2.0,5.0,True,11,44,99.99995800312035,0.0
2.0,5.0,True,12,44,99.99997752572948,0.0
2.0,5.0,True,13,44,99.99997874453817,0.0
2.0,5.0,True,14,44,99.99997541914578,0.0
2.0,5.0,True,15,44,99.99997498842677,0.0
2.0,5.0,True,16,44,99.99997705553604,0.0
2.0,5.0,True,17,44,99.99999052278795,0.0
2.0,5.0,True,18,44,99.99999157930179,0.0
2.0,5.0,True,19,44,99.99999236939036,0.0
2.0,5.0,True,20,44,99.99999188287754,0.0
2.0,5.0,True,21,44,99.99999238934637,0.0
2.0,5.0,True,22,44,99.99999257400407,0.0
2.0,5.0,True,23,44,99.99998825145988,0.0
2.0,5.0,True,24,44,99.9999850254301,0.0
2.0,5.0,True,25,44,99.99998521470064,0.0
2.0,5.0,True,26,44,99.99998798322576,0.0
2.0,5.0,True,27,44,99.99998913516086,0.0
2.0,5.0,True,28,44,99.99998417382359,0.0
2.0,5.0,True,29,44,99.9999818510808,0.0
2.0,5.0,True,30,44,99.99998959812342,0.0
2.0,5.0,True,31,44,99.99998974024112,0.0
2.0,5.0,True,32,44,99.99998989096247,0.0
2.0,5.0,True,33,44,99.99999411352488,0.0
2.0,5.0,True,34,44,99.99999555875307,0.0
2.0,5.0,True,35,44,99.99999351531756,0.0
2.0,5.0,True,36,44,99.99999305967819,0.0
2.0,5.0,True,37,44,99.9999952460461,0.0
2.0,5.0,True,38,44,99.9999953586579,0.0
2.0,5.0,True,39,44,99.99999601534026,0.0
2.0,5.0,True,40,44,99.99999320577074,0.0
2.0,5.0,True,41,44,99.99999825695771,0.0
2.0,5.0,True,42,44,99.99999892730652,0.0
2.0,5.0,True,43,44,100.00000090271973,0.0
2.0,5.0,True,44,44,100.00000139635455,0.0
2.0,5.0,True,45,44,100.00000124201057,0.0
2.0,5.0,True,46,44,100.0000014255989,0.0
2.0,5.0,True,47,44,100.00000247955188,0.0
2.0,5.0,True,48,44,100.00000056124932,0.0
2.0,5.0,True,49,44,100.00000166951443,0.0
2.0,5.0,True,50,44,100.00000160536987,0.0
2.0,5.0,True,1,45,100.66099038147759,0.0
2.0,5.0,True,2,45,99.99989960191472,0.0
2.0,5.0,True,3,45,100.00001021947187,0.0
2.0,5.0,True,4,45,99.99999354970095,0.0
2.0,5.0,True,5,45,99.99999735394817,0.0
2.0,5.0,True,6,45,99.99999574525222,0.0
2.0,5.0,True,7,45,99.99999587857664,0.0
2.0,5.0,True,8,45,99.99999730075947,0.0
2.0,5.0,True,9,45,100.000000443219,0.0
2.0,5.0,True,10,45,99.99999164866398,0.0
2.0,5.0,True,11,45,99.99999206087367,0.0
2.0,5.0,True,12,45,99.99998193877127,0.0
2.0,5.0,True,13,45,99.99998429378957,0.0
2.0,5.0,True,14,45,99.99998413879338,0.0
2.0,5.0,True,15,45,99.99998364751283,0.0
2.0,5.0,True,16,45,99.99998158101634,0.0
2.0,5.0,True,17,45,99.99997626677424,0.0
2.0,5.0,True,18,45,99.99997457867016,0.0
2.0,5.0,True,19,45,99.99998736744232,0.0
2.0,5.0,True,20,45,99.99998825930328,0.0
2.0,5.0,True,21,45,99.99998939394371,0.0
2.0,5.0,True,22,45,99.99999129895352,0.0
2.0,5.0,True,23,45,99.9999947950916,0.0
2.0,5.0,True,24,45,99.99999055280836,0.0
2.0,5.0,True,25,45,99.99999628413732,0.0
2.0,5.0,True,26,45,99.99998924014005,0.0
2.0,5.0,True,27,45,99.99998454938621,0.0
2.0,5.0,True,28,45,99.99998470550943,0.0
2.0,5.0,True,29,45,99.99998428047033,0.0
2.0,5.0,True,30,45,99.99998487629097,0.0
2.0,5.0,True,31,45,99.99998681211184,0.0
2.0,5.0,True,32,45,99.99998411478592,0.0
2.0,5.0,True,33,45,99.99999186486774,0.0
2.0,5.0,True,34,45,99.99999517267952,0.0
2.0,5.0,True,35,45,99.99999873888655,0.0
2.0,5.0,True,36,45,99.99999682560932,0.0
2.0,5.0,True,37,45,99.99999673482411,0.0
2.0,5.0,True,38,45,99.99999329069131,0.0
2.0,5.0,True,39,45,100.00000032184207,0.0
2.0,5.0,True,40,45,100.00000199965928,0.0
2.0,5.0,True,41,45,100.00000528260718,0.0
2.0,5.0,True,42,45,100.00000530658536,0.0
2.0,5.0,True,43,45,100.00000636743252,0.0
2.0,5.0,True,44,45,100.00000476489052,0.0
2.0,5.0,True,45,45,100.0000033839274,0.0
2.0,5.0,True,46,45,100.00000193268875,0.0
2.0,5.0,True,47,45,100.00000175728388,0.0
2.0,5.0,True,48,45,100.00000464230592,0.0
2.0,5.0,True,49,45,100.00000816893586,0.0
2.0,5.0,True,50,45,100.00000640408149,0.0
2.0,5.0,True,1,46,100.66241548013863,0.0
2.0,5.0,True,2,46,99.99998160672644,0.0
2.0,5.0,True,3,46,100.00003142485437,0.0
2.0,5.0,True,4,46,100.00001543588722,0.0
2.0,5.0,True,5,46,100.00002112475568,0.0
2.0,5.0,True,6,46,100.0000285909912,0.0
2.0,5.0,True,7,46,100.00002747978677,0.0
2.0,5.0,True,8,46,100.00002813416829,0.0
2.0,5.0,True,9,46,100.00000708388951,0.0
2.0,5.0,True,10,46,100.00000628138667,0.0
2.0,5.0,True,11,46,100.00000654511148,0.0
2.0,5.0,True,12,46,100.00000425121449,0.0
2.0,5.0,True,13,46,100.00001302950028,0.0
2.0,5.0,True,14,46,100.00001568132893,0.0
2.0,5.0,True,15,46,100.00001568757816,0.0
2.0,5.0,True,16,46,100.00001601655767,0.0
2.0,5.0,True,17,46,100.00001327145955,0.0
2.0,5.0,True,18,46,100.00001222480677,0.0
2.0,5.0,True,19,46,100.00001525948453,0.0
2.0,5.0,True,20,46,100.00001516840496,0.0
2.0,5.0,True,21,46,100.00001216267813,0.0
2.0,5.0,True,22,46,100.00001130985618,0.0
2.0,5.0,True,23,46,100.00001150746971,0.0
2.0,5.0,True,24,46,100.00001186366791,0.0
2.0,5.0,True,25,46,100.0000101500616,0.0
2.0,5.0,True,26,46,100.00001054118547,0.0
2.0,5.0,True,27,46,100.00001488307592,0.0
2.0,5.0,True,28,46,100.00001475919862,0.0
2.0,5.0,True,29,46,100.00001403306177,0.0
2.0,5.0,True,30,46,100.00001310320727,0.0
2.0,5.0,True,31,46,100.00000654963748,0.0
2.0,5.0,True,32,46,100.00000643163233,0.0
2.0,5.0,True,33,46,100.00000320217589,0.0
2.0,5.0,True,34,46,99.999998986352,0.0
2.0,5.0,True,35,46,99.99999831043769,0.0
2.0,5.0,True,36,46,100.000001518162,0.0
2.0,5.0,True,37,46,100.00000736101637,0.0
2.0,5.0,True,38,46,100.00000545809135,0.0
2.0,5.0,True,39,46,100.00000713802939,0.0
2.0,5.0,True,40,46,100.00000365417743,0.0
2.0,5.0,True,41,46,100.00000113594737,0.0
2.0,5.0,True,42,46,100.00000107914249,0.0
2.0,5.0,True,43,46,100.00000091038568,0.0
2.0,5.0,True,44,46,99.99999981843732,0.0
2.0,5.0,True,45,46,100.00000112983841,0.0
2.0,5.0,True,46,46,100.00000290538728,0.0
2.0,5.0,True,47,46,100.00000352239485,0.0
2.0,5.0,True,48,46,100.00000348722901,0.0
2.0,5.0,True,49,46,100.0000008748019,0.0
2.0,5.0,True,50,46,100.00000064418927,0.0
2.0,5.0,False,1,42,99.96960047903568,0.0
2.0,5.0,False,2,42,100.00022338127017,0.0
2.0,5.0,False,3,42,100.00003327253364,0.0
2.0,5.0,False,4,42,100.00003334165831,0.0
2.0,5.0,False,5,42,100.00002495454537,0.0
2.0,5.0,False,6,42,100.0000376840716,0.0
2.0,5.0,False,7,42,100.0000375685409,0.0
2.0,5.0,False,8,42,100.00003871536569,0.0
2.0,5.0,False,9,42,100.00003368887917,0.0
2.0,5.0,False,10,42,100.00001822677748,0.0
2.0,5.0,False,11,42,100.00001056087926,0.0
2.0,5.0,False,12,42,100.0000029493446,0.0
2.0,5.0,False,13,42,100.00000307508637,0.0
2.0,5.0,False,14,42,100.00000211772294,0.0
2.0,5.0,False,15,42,100.00000180930797,0.0
2.0,5.0,False,16,42,100.00000203734032,0.0
2.0,5.0,False,17,42,100.00000047710203,0.0
2.0,5.0,False,18,42,100.00000246069148,0.0
2.0,5.0,False,19,42,100.00000520980846,0.0
2.0,5.0,False,20,42,100.00000548485384,0.0
2.0,5.0,False,21,42,100.00000223311068,0.0
2.0,5.0,False,22,42,100.0000027547772,0.0
2.0,5.0,False,23,42,100.00000182862561,0.0
2.0,5.0,False,24,42,99.99999720299644,0.0
2.0,5.0,False,25,42,99.99999592344854,0.0
2.0,5.0,False,26,42,99.99999611850791,0.0
2.0,5.0,False,27,42,99.99999765994008,0.0
2.0,5.0,False,28,42,99.99999530462208,0.0
2.0,5.0,False,29,42,99.99999003026537,0.0
2.0,5.0,False,30,42,99.99999163735129,0.0
2.0,5.0,False,31,42,99.9999916590107,0.0
2.0,5.0,False,32,42,99.99999165825037,0.0
2.0,5.0,False,33,42,99.99999013432924,0.0
2.0,5.0,False,34,42,99.99998729513845,0.0
2.0,5.0,False,35,42,99.9999905765461,0.0
2.0,5.0,False,36,42,99.99999007288629,0.0
2.0,5.0,False,37,42,99.99999553295675,0.0
2.0,5.0,False,38,42,99.99999385509186,0.0
2.0,5.0,False,39,42,99.99999545469059,0.0
2.0,5.0,False,40,42,99.9999953041771,0.0
2.0,5.0,False,41,42,99.99999592586752,0.0
2.0,5.0,False,42,42,99.99999570168563,0.0
2.0,5.0,False,43,42,99.999997252391,0.0
2.0,5.0,False,44,42,99.99999677752018,0.0
2.0,5.0,False,45,42,99.99999701076247,0.0
2.0,5.0,False,46,42,99.99999693633018,0.0
2.0,5.0,False,47,42,99.99999466179483,0.0
2.0,5.0,False,48,42,100.00000074529493,0.0
2.0,5.0,False,49,42,99.99999691517212,0.0
2.0,5.0,False,50,42,99.99999684314665,0.0
2.0,5.0,False,1,43,99.96963363244912,0.0
2.0,5.0,False,2,43,100.00005229507597,0.0
2.0,5.0,False,3,43,100.00001943619483,0.0
2.0,5.0,False,4,43,100.00001976075659,0.0
2.0,5.0,False,5,43,100.0000218085953,0.0
2.0,5.0,False,6,43,100.00001829459558,0.0
2.0,5.0,False,7,43,100.00002596658098,0.0
2.0,5.0,False,8,43,100.00002097602638,0.0
2.0,5.0,False,9,43,100.00002216690899,0.0
2.0,5.0,False,10,43,100.00001388921646,0.0
2.0,5.0,False,11,43,100.00001446721352,0.0
2.0,5.0,False,12,43,100.00001540938462,0.0
2.0,5.0,False,13,43,100.00001299946672,0.0
2.0,5.0,False,14,43,100.00001290118453,0.0
2.0,5.0,False,15,43,100.00001306108823,0.0
2.0,5.0,False,16,43,100.00001452562267,0.0
2.0,5.0,False,17,43,100.0000155749274,0.0
2.0,5.0,False,18,43,100.00000516940412,0.0
2.0,5.0,False,19,43,100.0000062453611,0.0
2.0,5.0,False,20,43,100.00000606901642,0.0
2.0,5.0,False,21,43,99.9999963664535,0.0
2.0,5.0,False,22,43,99.99999661129718,0.0
2.0,5.0,False,23,43,99.99999704221173,0.0
2.0,5.0,False,24,43,99.99999551715078,0.0
2.0,5.0,False,25,43,99.99999106609476,0.0
2.0,5.0,False,26,43,99.9999915339624,0.0
2.0,5.0,False,27,43,99.99999441330559,0.0
2.0,5.0,False,28,43,99.99999187497298,0.0
2.0,5.0,False,29,43,99.99999199035085,0.0
2.0,5.0,False,30,43,99.99999274121845,0.0
2.0,5.0,False,31,43,99.9999950032009,0.0
2.0,5.0,False,32,43,99.99999335659072,0.0
2.0,5.0,False,33,43,100.00000045013621,0.0
2.0,5.0,False,34,43,100.00000035307109,0.0
2.0,5.0,False,35,43,99.99999712122816,0.0
2.0,5.0,False,36,43,99.99999731557517,0.0
2.0,5.0,False,37,43,99.99999926299643,0.0
2.0,5.0,False,38,43,99.99999895005551,0.0
2.0,5.0,False,39,43,99.99999928266881,0.0
2.0,5.0,False,40,43,100.00000046788253,0.0
2.0,5.0,False,41,43,99.99999677811275,0.0
2.0,5.0,False,42,43,99.99999744058869,0.0
2.0,5.0,False,43,43,99.99999834498497,0.0
2.0,5.0,False,44,43,99.99999866367085,0.0
2.0,5.0,False,45,43,99.99999864875704,0.0
2.0,5.0,False,46,43,99.99999871568514,0.0
2.0,5.0,False,47,43,100.00000001486848,0.0
2.0,5.0,False,48,43,99.99999831754042,0.0
2.0,5.0,False,49,43,99.99999667237496,0.0
2.0,5.0,False,50,43,99.9999972652125,0.0
2.0,5.0,False,1,44,99.96974866606033,0.0
2.0,5.0,False,2,44,100.00016453595721,0.0
2.0,5.0,False,3,44,99.9999387059686,0.0
2.0,5.0,False,4,44,99.99994077741155,0.0
2.0,5.0,False,5,44,99.9999526491588,0.0
2.0,5.0,False,6,44,99.99995891439644,0.0
2.0,5.0,False,7,44,99.99995799338141,0.0
2.0,5.0,False,8,44,99.99996058380853,0.0
2.0,5.0,False,9,44,99.99996139331375,0.0
2.0,5.0,False,10,44,99.99997159695513,0.0
2.0,5.0,False,11,44,99.99997454639174,0.0
2.0,5.0,False,12,44,99.99998395031295,0.0
2.0,5.0,False,13,44,99.99998608218996,0.0
2.0,5.0,False,14,44,99.99998136570703,0.0
2.0,5.0,False,15,44,99.99998148400229,0.0
2.0,5.0,False,16,44,99.99998230668893,0.0
2.0,5.0,False,17,44,99.99999581746859,0.0
2.0,5.0,False,18,44,100.00000186731933,0.0
2.0,5.0,False,19,44,100.00000179291976,0.0
2.0,5.0,False,20,44,99.99999957197724,0.0
2.0,5.0,False,21,44,100.00000027480803,0.0
2.0,5.0,False,22,44,100.0000001025528,0.0
2.0,5.0,False,23,44,99.99999206967637,0.0
2.0,5.0,False,24,44,99.9999897447531,0.0
2.0,5.0,False,25,44,99.99998869473504,0.0
2.0,5.0,False,26,44,99.99998968080982,0.0
2.0,5.0,False,27,44,99.9999887536782,0.0
2.0,5.0,False,28,44,99.99999210928056,0.0
2.0,5.0,False,29,44,99.99999375984777,0.0
2.0,5.0,False,30,44,99.99999351569295,0.0
2.0,5.0,False,31,44,99.99999341820288,0.0
2.0,5.0,False,32,44,99.9999923902442,0.0
2.0,5.0,False,33,44,99.99999621657935,0.0
2.0,5.0,False,34,44,99.9999983330142,0.0
2.0,5.0,False,35,44,99.99999764842171,0.0
2.0,5.0,False,36,44,99.99999654653735,0.0
2.0,5.0,False,37,44,99.9999987486591,0.0
2.0,5.0,False,38,44,99.9999987252844,0.0
2.0,5.0,False,39,44,99.99999893013452,0.0
2.0,5.0,False,40,44,99.99999748915884,0.0
2.0,5.0,False,41,44,100.00000211421067,0.0
2.0,5.0,False,42,44,100.00000360337518,0.0
2.0,5.0,False,43,44,100.00000407958642,0.0
2.0,5.0,False,44,44,100.00000406309786,0.0
2.0,5.0,False,45,44,100.00000406580034,0.0
2.0,5.0,False,46,44,100.00000405811633,0.0
2.0,5.0,False,47,44,100.00000425264528,0.0
2.0,5.0,False,48,44,100.00000236707257,0.0
2.0,5.0,False,49,44,100.00000299784148,0.0
2.0,5.0,False,50,44,100.0000041000444,0.0
2.0,5.0,False,1,45,99.96928293614879,0.0
2.0,5.0,False,2,45,99.99990814451405,0.0
2.0,5.0,False,3,45,100.00000611361912,0.0
2.0,5.0,False,4,45,99.9999893442448,0.0
2.0,5.0,False,5,45,99.99999393293885,0.0
2.0,5.0,False,6,45,99.99999220447523,0.0
2.0,5.0,False,7,45,99.99999226602328,0.0
2.0,5.0,False,8,45,99.99999545091583,0.0
2.0,5.0,False,9,45,99.99999736013802,0.0
2.0,5.0,False,10,45,99.99998749082025,0.0
2.0,5.0,False,11,45,99.99998788316066,0.0
2.0,5.0,False,12,45,99.99997681895168,0.0
2.0,5.0,False,13,45,99.99998037771697,0.0
2.0,5.0,False,14,45,99.99998037752559,0.0
2.0,5.0,False,15,45,99.9999768240757,0.0
2.0,5.0,False,16,45,99.99997972692907,0.0
2.0,5.0,False,17,45,99.99998262653324,0.0
2.0,5.0,False,18,45,99.99998025411057,0.0
2.0,5.0,False,19,45,99.99997810732535,0.0
2.0,5.0,False,20,45,99.99998795788088,0.0
2.0,5.0,False,21,45,99.99998872215681,0.0
2.0,5.0,False,22,45,99.99999161796386,0.0
2.0,5.0,False,23,45,99.9999932262335,0.0
2.0,5.0,False,24,45,99.99998953528618,0.0
2.0,5.0,False,25,45,99.99999303432975,0.0
2.0,5.0,False,26,45,99.9999837848595,0.0
2.0,5.0,False,27,45,99.99998148616075,0.0
2.0,5.0,False,28,45,99.99998148959881,0.0
2.0,5.0,False,29,45,99.99998151241034,0.0
2.0,5.0,False,30,45,99.99998234056144,0.0
2.0,5.0,False,31,45,99.9999874002535,0.0
2.0,5.0,False,32,45,99.9999921182071,0.0
2.0,5.0,False,33,45,99.99999302970312,0.0
2.0,5.0,False,34,45,99.99999770313187,0.0
2.0,5.0,False,35,45,99.99999852931438,0.0
2.0,5.0,False,36,45,99.99999639003023,0.0
2.0,5.0,False,37,45,99.99999627012846,0.0
2.0,5.0,False,38,45,99.99999203985185,0.0
2.0,5.0,False,39,45,99.99999755391511,0.0
2.0,5.0,False,40,45,99.99999812344069,0.0
2.0,5.0,False,41,45,100.0000044046528,0.0
2.0,5.0,False,42,45,100.0000043869935,0.0
2.0,5.0,False,43,45,100.00000660461816,0.0
2.0,5.0,False,44,45,100.0000075077842,0.0
2.0,5.0,False,45,45,100.00000668684366,0.0
2.0,5.0,False,46,45,100.00000406172387,0.0
2.0,5.0,False,47,45,100.00000430217233,0.0
2.0,5.0,False,48,45,100.00000543168366,0.0
2.0,5.0,False,49,45,100.00000896863303,0.0
2.0,5.0,False,50,45,100.00000823428587,0.0
2.0,5.0,False,1,46,99.96946566720511,0.0
2.0,5.0,False,2,46,99.99997550853018,0.0
2.0,5.0,False,3,46,100.00002315485622,0.0
2.0,5.0,False,4,46,100.00000698265151,0.0
2.0,5.0,False,5,46,100.00001139066688,0.0
2.0,5.0,False,6,46,100.000022989434,0.0
2.0,5.0,False,7,46,100.00002071195051,0.0
2.0,5.0,False,8,46,100.00002187690285,0.0
2.0,5.0,False,9,46,100.0000091115408,0.0
2.0,5.0,False,10,46,100.00000912937907,0.0
2.0,5.0,False,11,46,100.00000826671622,0.0
2.0,5.0,False,12,46,100.00000495251729,0.0
2.0,5.0,False,13,46,100.00001492489776,0.0
2.0,5.0,False,14,46,100.00001837102559,0.0
2.0,5.0,False,15,46,100.00001869976447,0.0
2.0,5.0,False,16,46,100.00001916433948,0.0
2.0,5.0,False,17,46,100.00001843124559,0.0
2.0,5.0,False,18,46,100.00001780341675,0.0
2.0,5.0,False,19,46,100.00001822676893,0.0
2.0,5.0,False,20,46,100.00001798354955,0.0
2.0,5.0,False,21,46,100.0000137220122,0.0
2.0,5.0,False,22,46,100.00001284498589,0.0
2.0,5.0,False,23,46,100.0000141483215,0.0
2.0,5.0,False,24,46,100.00001483784541,0.0
2.0,5.0,False,25,46,100.00001417781559,0.0
2.0,5.0,False,26,46,100.00001346898392,0.0
2.0,5.0,False,27,46,100.00001738278976,0.0
2.0,5.0,False,28,46,100.00001761972598,0.0
2.0,5.0,False,29,46,100.00001630081329,0.0
2.0,5.0,False,30,46,100.00001692226297,0.0
2.0,5.0,False,31,46,100.0000140438535,0.0
2.0,5.0,False,32,46,100.00001303497525,0.0
2.0,5.0,False,33,46,100.00000645946582,0.0
2.0,5.0,False,34,46,100.00000045428295,0.0
2.0,5.0,False,35,46,99.99999990275553,0.0
2.0,5.0,False,36,46,100.00000206677032,0.0
2.0,5.0,False,37,46,100.00000786197808,0.0
2.0,5.0,False,38,46,100.00000880226486,0.0
2.0,5.0,False,39,46,100.00000865553133,0.0
2.0,5.0,False,40,46,100.0000050832941,0.0
2.0,5.0,False,41,46,100.00000731946358,0.0
2.0,5.0,False,42,46,100.0000063890602,0.0
2.0,5.0,False,43,46,100.00000632389455,0.0
2.0,5.0,False,44,46,100.0000048101366,0.0
2.0,5.0,False,45,46,100.00000591308572,0.0
2.0,5.0,False,46,46,100.00000637413771,0.0
2.0,5.0,False,47,46,100.00000496894938,0.0
2.0,5.0,False,48,46,100.00000489545718,0.0
2.0,5.0,False,49,46,100.00000155400623,0.0
2.0,5.0,False,50,46,100.00000093389994,0.0
2.0,10.0,True,1,42,101.62232756753816,0.0
2.0,10.0,True,2,42,100.00021005049578,0.0
2.0,10.0,True,3,42,100.00004137431958,0.0
2.0,10.0,True,4,42,100.00004146336778,0.0
2.0,10.0,True,5,42,100.00003280086541,0.0
2.0,10.0,True,6,42,100.00004124108368,0.0
2.0,10.0,True,7,42,100.00004360145462,0.0
2.0,10.0,True,8,42,100.00004008180993,0.0
2.0,10.0,True,9,42,100.00003944606505,0.0
2.0,10.0,True,10,42,100.00002221730472,0.0
2.0,10.0,True,11,42,100.00001730029487,0.0
2.0,10.0,True,12,42,100.00000958324551,0.0
2.0,10.0,True,13,42,100.00000957656147,0.0
2.0,10.0,True,14,42,100.00000844859744,0.0
2.0,10.0,True,15,42,100.00000857919906,0.0
2.0,10.0,True,16,42,100.00000904596266,0.0
2.0,10.0,True,17,42,100.00000853755768,0.0
2.0,10.0,True,18,42,100.00000763611445,0.0
2.0,10.0,True,19,42,100.00001300061615,0.0
2.0,10.0,True,20,42,100.00001296744139,0.0
2.0,10.0,True,21,42,100.00001006575172,0.0
2.0,10.0,True,22,42,100.00001051770923,0.0
2.0,10.0,True,23,42,100.00000626648799,0.0
2.0,10.0,True,24,42,100.0000055647968,0.0
2.0,10.0,True,25,42,100.0000045606944,0.0
2.0,10.0,True,26,42,100.00000683316831,0.0
2.0,10.0,True,27,42,100.0000086367559,0.0
2.0,10.0,True,28,42,100.00000381518579,0.0
2.0,10.0,True,29,42,100.00000291787148,0.0
2.0,10.0,True,30,42,99.99999815014436,0.0
2.0,10.0,True,31,42,99.9999988640919,0.0
2.0,10.0,True,32,42,99.99999894407927,0.0
2.0,10.0,True,33,42,99.99999549319926,0.0
2.0,10.0,True,34,42,99.99999527818758,0.0
2.0,10.0,True,35,42,99.99999757134063,0.0
2.0,10.0,True,36,42,99.99999710345479,0.0
2.0,10.0,True,37,42,100.00000421613603,0.0
2.0,10.0,True,38,42,100.00000280225453,0.0
2.0,10.0,True,39,42,99.99999953661383,0.0
2.0,10.0,True,40,42,99.9999994499129,0.0
2.0,10.0,True,41,42,99.99999855982477,0.0
2.0,10.0,True,42,42,99.99999890612929,0.0
2.0,10.0,True,43,42,99.99999947845744,0.0
2.0,10.0,True,44,42,99.99999859952058,0.0
2.0,10.0,True,45,42,99.99999813146621,0.0
2.0,10.0,True,46,42,99.99999819264141,0.0
2.0,10.0,True,47,42,99.99999930834896,0.0
2.0,10.0,True,48,42,100.00000116075019,0.0
2.0,10.0,True,49,42,99.99999545536667,0.0
2.0,10.0,True,50,42,99.99999548791186,0.0
2.0,10.0,True,1,43,101.62532559461755,0.0
2.0,10.0,True,2,43,100.00003939430009,0.0
2.0,10.0,True,3,43,100.00001697978938,0.0
2.0,10.0,True,4,43,100.00001761727997,0.0
2.0,10.0,True,5,43,100.00001969994806,0.0
2.0,10.0,True,6,43,100.0000139159796,0.0
2.0,10.0,True,7,43,100.00002264734076,0.0
2.0,10.0,True,8,43,100.00001904959841,0.0
2.0,10.0,True,9,43,100.00001622498442,0.0
2.0,10.0,True,10,43,100.00001250403022,0.0
2.0,10.0,True,11,43,100.00001232818502,0.0
2.0,10.0,True,12,43,100.00001284773731,0.0
2.0,10.0,True,13,43,100.00001102647914,0.0
2.0,10.0,True,14,43,100.00001086544592,0.0
2.0,10.0,True,15,43,100.00001086304741,0.0
2.0,10.0,True,16,43,100.00001456573159,0.0
2.0,10.0,True,17,43,100.00001483408893,0.0
2.0,10.0,True,18,43,100.00000421623395,0.0
2.0,10.0,True,19,43,100.00000483275684,0.0
2.0,10.0,True,20,43,100.00000509365455,0.0
2.0,10.0,True,21,43,99.99999711100207,0.0
2.0,10.0,True,22,43,99.9999956351362,0.0
2.0,10.0,True,23,43,99.99999668800022,0.0
2.0,10.0,True,24,43,99.9999939670684,0.0
2.0,10.0,True,25,43,99.99999371144733,0.0
2.0,10.0,True,26,43,99.99999025753391,0.0
2.0,10.0,True,27,43,99.999993978058,0.0
2.0,10.0,True,28,43,99.9999907131584,0.0
2.0,10.0,True,29,43,99.99999107163353,0.0
2.0,10.0,True,30,43,99.99999400691229,0.0
2.0,10.0,True,31,43,99.99999635254383,0.0
2.0,10.0,True,32,43,99.99999416238441,0.0
2.0,10.0,True,33,43,100.00000079565568,0.0
2.0,10.0,True,34,43,100.00000054083469,0.0
2.0,10.0,True,35,43,99.99999731685763,0.0
2.0,10.0,True,36,43,99.99999722259304,0.0
2.0,10.0,True,37,43,99.99999888615409,0.0
2.0,10.0,True,38,43,99.99999894436598,0.0
2.0,10.0,True,39,43,100.00000055505342,0.0
2.0,10.0,True,40,43,99.9999996579961,0.0
2.0,10.0,True,41,43,99.99999383641492,0.0
2.0,10.0,True,42,43,99.99999745423108,0.0
2.0,10.0,True,43,43,99.99999726385593,0.0
2.0,10.0,True,44,43,99.99999741549419,0.0
2.0,10.0,True,45,43,99.99999910803645,0.0
2.0,10.0,True,46,43,100.00000002914024,0.0
2.0,10.0,True,47,43,99.99999941233847,0.0
2.0,10.0,True,48,43,99.999998208205,0.0
2.0,10.0,True,49,43,99.99999626364311,0.0
2.0,10.0,True,50,43,99.99999741313513,0.0
2.0,10.0,True,1,44,101.62710613158542,0.0
2.0,10.0,True,2,44,100.00014024255118,0.0
2.0,10.0,True,3,44,99.99992793713005,0.0
2.0,10.0,True,4,44,99.99992834528334,0.0
2.0,10.0,True,5,44,99.99995195772485,0.0
2.0,10.0,True,6,44,99.99995965788233,0.0
2.0,10.0,True,7,44,99.9999595461903,0.0
2.0,10.0,True,8,44,99.99995922503467,0.0
2.0,10.0,True,9,44,99.99995400555797,0.0
2.0,10.0,True,10,44,99.99995789187574,0.0
2.0,10.0,True,11,44,99.99995799801117,0.0
2.0,10.0,True,12,44,99.99997753522644,0.0
2.0,10.0,True,13,44,99.99997875426891,0.0
2.0,10.0,True,14,44,99.9999754297838,0.0
2.0,10.0,True,15,44,99.99997499076636,0.0
2.0,10.0,True,16,44,99.99997705492672,0.0
2.0,10.0,True,17,44,99.99999052397492,0.0
2.0,10.0,True,18,44,99.99999158133375,0.0
2.0,10.0,True,19,44,99.999992372004,0.0
2.0,10.0,True,20,44,99.99999188997208,0.0
2.0,10.0,True,21,44,99.99999239457792,0.0
2.0,10.0,True,22,44,99.9999925817145,0.0
2.0,10.0,True,23,44,99.99998825191929,0.0
2.0,10.0,True,24,44,99.99998502685183,0.0
2.0,10.0,True,25,44,99.99998521647946,0.0
2.0,10.0,True,26,44,99.99998798576505,0.0
2.0,10.0,True,27,44,99.99998913755167,0.0
2.0,10.0,True,28,44,99.99998417604519,0.0
2.0,10.0,True,29,44,99.99998184923756,0.0
2.0,10.0,True,30,44,99.99998960064906,0.0
2.0,10.0,True,31,44,99.99998973842361,0.0
2.0,10.0,True,32,44,99.99998989012661,0.0
2.0,10.0,True,33,44,99.99999411312972,0.0
2.0,10.0,True,34,44,99.99999555617717,0.0
2.0,10.0,True,35,44,99.99999351374869,0.0
2.0,10.0,True,36,44,99.99999305725532,0.0
2.0,10.0,True,37,44,99.99999524412735,0.0
2.0,10.0,True,38,44,99.99999535646921,0.0
2.0,10.0,True,39,44,99.99999601318589,0.0
2.0,10.0,True,40,44,99.99999320450272,0.0
2.0,10.0,True,41,44,99.9999982598516,0.0
2.0,10.0,True,42,44,99.99999892947065,0.0
2.0,10.0,True,43,44,100.0000009071851,0.0
2.0,10.0,True,44,44,100.00000140020198,0.0
2.0,10.0,True,45,44,100.00000124586145,0.0
2.0,10.0,True,46,44,100.00000142916322,0.0
2.0,10.0,True,47,44,100.00000248289396,0.0
2.0,10.0,True,48,44,100.00000056480619,0.0
2.0,10.0,True,49,44,100.00000167437153,0.0
2.0,10.0,True,50,44,100.00000161110486,0.0
2.0,10.0,True,1,45,101.62207818912452,0.0
2.0,10.0,True,2,45,99.99989924903485,0.0
2.0,10.0,True,3,45,100.00001022221218,0.0
2.0,10.0,True,4,45,99.9999935523894,0.0
2.0,10.0,True,5,45,99.99999735744828,0.0
2.0,10.0,True,6,45,99.99999574965231,0.0
2.0,10.0,True,7,45,99.99999588343164,0.0
2.0,10.0,True,8,45,99.99999730321859,0.0
2.0,10.0,True,9,45,100.00000044630036,0.0
2.0,10.0,True,10,45,99.99999165146787,0.0
2.0,10.0,True,11,45,99.99999205946565,0.0
2.0,10.0,True,12,45,99.99998194033563,0.0
2.0,10.0,True,13,45,99.99998429330358,0.0
2.0,10.0,True,14,45,99.99998413828654,0.0
2.0,10.0,True,15,45,99.99998365053935,0.0
2.0,10.0,True,16,45,99.99998158058227,0.0
2.0,10.0,True,17,45,99.99997626638142,0.0
2.0,10.0,True,18,45,99.99997457077114,0.0
2.0,10.0,True,19,45,99.99998738053047,0.0
2.0,10.0,True,20,45,99.99998826246744,0.0
2.0,10.0,True,21,45,99.99998939682065,0.0
2.0,10.0,True,22,45,99.99999130167996,0.0
2.0,10.0,True,23,45,99.99999479590912,0.0
2.0,10.0,True,24,45,99.99999055519123,0.0
2.0,10.0,True,25,45,99.99999628839171,0.0
2.0,10.0,True,26,45,99.99998924440872,0.0
2.0,10.0,True,27,45,99.99998455248483,0.0
2.0,10.0,True,28,45,99.99998470813058,0.0
2.0,10.0,True,29,45,99.99998428283837,0.0
2.0,10.0,True,30,45,99.99998487977902,0.0
2.0,10.0,True,31,45,99.99998681595392,0.0
2.0,10.0,True,32,45,99.99998410640072,0.0
2.0,10.0,True,33,45,99.99999186055908,0.0
2.0,10.0,True,34,45,99.99999516966277,0.0
2.0,10.0,True,35,45,99.99999873601597,0.0
2.0,10.0,True,36,45,99.99999682303653,0.0
2.0,10.0,True,37,45,99.99999673114452,0.0
2.0,10.0,True,38,45,99.99999329097534,0.0
2.0,10.0,True,39,45,100.00000032073874,0.0
2.0,10.0,True,40,45,100.00000199880247,0.0
2.0,10.0,True,41,45,100.0000052819131,0.0
2.0,10.0,True,42,45,100.00000530562681,0.0
2.0,10.0,True,43,45,100.00000636687156,0.0
2.0,10.0,True,44,45,100.00000476562745,0.0
2.0,10.0,True,45,45,100.00000338509375,0.0
2.0,10.0,True,46,45,100.00000193352835,0.0
2.0,10.0,True,47,45,100.00000175561243,0.0
2.0,10.0,True,48,45,100.0000046419367,0.0
2.0,10.0,True,49,45,100.00000816817186,0.0
2.0,10.0,True,50,45,100.00000640479759,0.0
2.0,10.0,True,1,46,101.62440021859818,0.0
2.0,10.0,True,2,46,99.99998126128807,0.0
2.0,10.0,True,3,46,100.00003142104057,0.0
2.0,10.0,True,4,46,100.00001543451987,0.0
2.0,10.0,True,5,46,100.00002112306333,0.0
2.0,10.0,True,6,46,100.00002858930604,0.0
2.0,10.0,True,7,46,100.00002747806622,0.0
2.0,10.0,True,8,46,100.00002813072126,0.0
2.0,10.0,True,9,46,100.0000070867955,0.0
2.0,10.0,True,10,46,100.00000628280581,0.0
2.0,10.0,True,11,46,100.00000654605117,0.0
2.0,10.0,True,12,46,100.00000425092382,0.0
2.0,10.0,True,13,46,100.00001302775911,0.0
2.0,10.0,True,14,46,100.00001568107052,0.0
2.0,10.0,True,15,46,100.00001568761479,0.0
2.0,10.0,True,16,46,100.00001601771592,0.0
2.0,10.0,True,17,46,100.00001327159043,0.0
2.0,10.0,True,18,46,100.00001222783845,0.0
2.0,10.0,True,19,46,100.00001525928664,0.0
2.0,10.0,True,20,46,100.00001516685482,0.0
2.0,10.0,True,21,46,100.000012163773,0.0
2.0,10.0,True,22,46,100.00001131013494,0.0
2.0,10.0,True,23,46,100.00001150614952,0.0
2.0,10.0,True,24,46,100.00001186320708,0.0
2.0,10.0,True,25,46,100.00001015097712,0.0
2.0,10.0,True,26,46,100.00001054287893,0.0
2.0,10.0,True,27,46,100.00001488413807,0.0
2.0,10.0,True,28,46,100.00001476030258,0.0
2.0,10.0,True,29,46,100.0000140340862,0.0
2.0,10.0,True,30,46,100.00001310390303,0.0
2.0,10.0,True,31,46,100.00000655112964,0.0
2.0,10.0,True,32,46,100.00000643665635,0.0
2.0,10.0,True,33,46,100.00000320259397,0.0
2.0,10.0,True,34,46,99.9999989879077,0.0
2.0,10.0,True,35,46,99.99999830872721,0.0
2.0,10.0,True,36,46,100.00000152367681,0.0
2.0,10.0,True,37,46,100.00000736570601,0.0
2.0,10.0,True,38,46,100.000005459677,0.0
2.0,10.0,True,39,46,100.00000714000512,0.0
2.0,10.0,True,40,46,100.00000365514867,0.0
2.0,10.0,True,41,46,100.00000114295449,0.0
2.0,10.0,True,42,46,100.00000108665739,0.0
2.0,10.0,True,43,46,100.00000091490821,0.0
2.0,10.0,True,44,46,99.99999982120454,0.0
2.0,10.0,True,45,46,100.00000113300695,0.0
2.0,10.0,True,46,46,100.0000029062505,0.0
2.0,10.0,True,47,46,100.0000035231501,0.0
2.0,10.0,True,48,46,100.00000348702676,0.0
2.0,10.0,True,49,46,100.00000087396808,0.0
2.0,10.0,True,50,46,100.00000064424539,0.0
2.0,10.0,False,1,42,99.14657540052411,0.0
2.0,10.0,False,2,42,100.0002233643965,0.0
2.0,10.0,False,3,42,100.00003327968821,0.0
2.0,10.0,False,4,42,100.00003334891244,0.0
2.0,10.0,False,5,42,100.00002496120362,0.0
2.0,10.0,False,6,42,100.00003769074017,0.0
2.0,10.0,False,7,42,100.00003757541043,0.0
2.0,10.0,False,8,42,100.00003872187688,0.0
2.0,10.0,False,9,42,100.0000336959053,0.0
2.0,10.0,False,10,42,100.0000182329098,0.0
2.0,10.0,False,11,42,100.00001056869354,0.0
2.0,10.0,False,12,42,100.00000295633217,0.0
2.0,10.0,False,13,42,100.00000308222192,0.0
2.0,10.0,False,14,42,100.0000021252853,0.0
2.0,10.0,False,15,42,100.00000181649354,0.0
2.0,10.0,False,16,42,100.0000020481196,0.0
2.0,10.0,False,17,42,100.0000004855747,0.0
2.0,10.0,False,18,42,100.00000246218174,0.0
2.0,10.0,False,19,42,100.00000521853502,0.0
2.0,10.0,False,20,42,100.00000549113823,0.0
2.0,10.0,False,21,42,100.0000022387867,0.0
2.0,10.0,False,22,42,100.00000276020212,0.0
2.0,10.0,False,23,42,100.00000183591564,0.0
2.0,10.0,False,24,42,99.9999972076729,0.0
2.0,10.0,False,25,42,99.99999592772264,0.0
2.0,10.0,False,26,42,99.99999612292734,0.0
2.0,10.0,False,27,42,99.99999766933526,0.0
2.0,10.0,False,28,42,99.99999530866864,0.0
2.0,10.0,False,29,42,99.99999003652027,0.0
2.0,10.0,False,30,42,99.9999916409729,0.0
2.0,10.0,False,31,42,99.99999166306714,0.0
2.0,10.0,False,32,42,99.99999166236107,0.0
2.0,10.0,False,33,42,99.99999013655662,0.0
2.0,10.0,False,34,42,99.9999872985992,0.0
2.0,10.0,False,35,42,99.99999058104494,0.0
2.0,10.0,False,36,42,99.99999007594141,0.0
2.0,10.0,False,37,42,99.99999554199377,0.0
2.0,10.0,False,38,42,99.99999386276346,0.0
2.0,10.0,False,39,42,99.99999545868471,0.0
2.0,10.0,False,40,42,99.99999530810365,0.0
2.0,10.0,False,41,42,99.99999592921898,0.0
2.0,10.0,False,42,42,99.99999570261942,0.0
2.0,10.0,False,43,42,99.99999725263615,0.0
2.0,10.0,False,44,42,99.99999677791882,0.0
2.0,10.0,False,45,42,99.99999701118963,0.0
2.0,10.0,False,46,42,99.99999693642954,0.0
2.0,10.0,False,47,42,99.99999466286025,0.0
2.0,10.0,False,48,42,100.00000074527085,0.0
2.0,10.0,False,49,42,99.99999691585369,0.0
2.0,10.0,False,50,42,99.99999684375427,0.0
2.0,10.0,False,1,43,99.14735477522385,0.0
2.0,10.0,False,2,43,100.0000523009318,0.0
2.0,10.0,False,3,43,100.00001943772202,0.0
2.0,10.0,False,4,43,100.00001976233578,0.0
2.0,10.0,False,5,43,100.00002181055754,0.0
2.0,10.0,False,6,43,100.00001829605617,0.0
2.0,10.0,False,7,43,100.00002596471614,0.0
2.0,10.0,False,8,43,100.00002097539951,0.0
2.0,10.0,False,9,43,100.00002216773422,0.0
2.0,10.0,False,10,43,100.0000138906496,0.0
2.0,10.0,False,11,43,100.00001446814625,0.0
2.0,10.0,False,12,43,100.00001541104214,0.0
2.0,10.0,False,13,43,100.00001300049064,0.0
2.0,10.0,False,14,43,100.00001290131141,0.0
2.0,10.0,False,15,43,100.00001306131665,0.0
2.0,10.0,False,16,43,100.00001452931878,0.0
2.0,10.0,False,17,43,100.0000155750819,0.0
2.0,10.0,False,18,43,100.00000517132956,0.0
2.0,10.0,False,19,43,100.00000624472477,0.0
2.0,10.0,False,20,43,100.00000606866485,0.0
2.0,10.0,False,21,43,99.99999636761143,0.0
2.0,10.0,False,22,43,99.99999661235447,0.0
2.0,10.0,False,23,43,99.99999704185842,0.0
2.0,10.0,False,24,43,99.99999551731551,0.0
2.0,10.0,False,25,43,99.99999106650952,0.0
2.0,10.0,False,26,43,99.99999153355955,0.0
2.0,10.0,False,27,43,99.99999441284913,0.0
2.0,10.0,False,28,43,99.99999187394315,0.0
2.0,10.0,False,29,43,99.99999198935393,0.0
2.0,10.0,False,30,43,99.99999274373297,0.0
2.0,10.0,False,31,43,99.9999950076519,0.0
2.0,10.0,False,32,43,99.99999336235776,0.0
2.0,10.0,False,33,43,100.0000004493667,0.0
2.0,10.0,False,34,43,100.00000035208203,0.0
2.0,10.0,False,35,43,99.99999712030996,0.0
2.0,10.0,False,36,43,99.99999731513981,0.0
2.0,10.0,False,37,43,99.9999992617264,0.0
2.0,10.0,False,38,43,99.9999989491908,0.0
2.0,10.0,False,39,43,99.99999928387507,0.0
2.0,10.0,False,40,43,100.00000046729389,0.0
2.0,10.0,False,41,43,99.99999677905834,0.0
2.0,10.0,False,42,43,99.99999743973274,0.0
2.0,10.0,False,43,43,99.99999834354938,0.0
2.0,10.0,False,44,43,99.99999866230743,0.0
2.0,10.0,False,45,43,99.99999864727836,0.0
2.0,10.0,False,46,43,99.9999987144521,0.0
2.0,10.0,False,47,43,100.00000001506461,0.0
2.0,10.0,False,48,43,99.9999983161611,0.0
2.0,10.0,False,49,43,99.99999667116106,0.0
2.0,10.0,False,50,43,99.99999725565145,0.0
2.0,10.0,False,1,44,99.14799373562587,0.0
2.0,10.0,False,2,44,100.00016455321455,0.0
2.0,10.0,False,3,44,99.99993870924,0.0
2.0,10.0,False,4,44,99.99994077983233,0.0
2.0,10.0,False,5,44,99.99995265182687,0.0
2.0,10.0,False,6,44,99.99995891833939,0.0
2.0,10.0,False,7,44,99.99995799818014,0.0
2.0,10.0,False,8,44,99.99996059069642,0.0
2.0,10.0,False,9,44,99.99996139329542,0.0
2.0,10.0,False,10,44,99.99997159933392,0.0
2.0,10.0,False,11,44,99.99997455690477,0.0
2.0,10.0,False,12,44,99.99998395077579,0.0
2.0,10.0,False,13,44,99.99998607963255,0.0
2.0,10.0,False,14,44,99.99998135916381,0.0
2.0,10.0,False,15,44,99.99998147975509,0.0
2.0,10.0,False,16,44,99.9999823045629,0.0
2.0,10.0,False,17,44,99.9999958155949,0.0
2.0,10.0,False,18,44,100.00000186779604,0.0
2.0,10.0,False,19,44,100.00000179397404,0.0
2.0,10.0,False,20,44,99.99999957444602,0.0
2.0,10.0,False,21,44,100.00000027654457,0.0
2.0,10.0,False,22,44,100.00000010283216,0.0
2.0,10.0,False,23,44,99.99999207147897,0.0
2.0,10.0,False,24,44,99.99998974756494,0.0
2.0,10.0,False,25,44,99.9999886976268,0.0
2.0,10.0,False,26,44,99.99998968276444,0.0
2.0,10.0,False,27,44,99.99998875259234,0.0
2.0,10.0,False,28,44,99.99999213123625,0.0
2.0,10.0,False,29,44,99.99999375898398,0.0
2.0,10.0,False,30,44,99.99999352085717,0.0
2.0,10.0,False,31,44,99.99999342521461,0.0
2.0,10.0,False,32,44,99.99999239487842,0.0
2.0,10.0,False,33,44,99.9999962214976,0.0
2.0,10.0,False,34,44,99.99999833626387,0.0
2.0,10.0,False,35,44,99.99999765484283,0.0
2.0,10.0,False,36,44,99.99999655320883,0.0
2.0,10.0,False,37,44,99.99999875528908,0.0
2.0,10.0,False,38,44,99.99999873198986,0.0
2.0,10.0,False,39,44,99.99999893718834,0.0
2.0,10.0,False,40,44,99.99999749145515,0.0
2.0,10.0,False,41,44,100.00000211762921,0.0
2.0,10.0,False,42,44,100.00000360882342,0.0
2.0,10.0,False,43,44,100.00000408291965,0.0
2.0,10.0,False,44,44,100.00000406634832,0.0
2.0,10.0,False,45,44,100.0000040690058,0.0
2.0,10.0,False,46,44,100.0000040606173,0.0
2.0,10.0,False,47,44,100.00000425491025,0.0
2.0,10.0,False,48,44,100.0000023695276,0.0
2.0,10.0,False,49,44,100.00000300148535,0.0
2.0,10.0,False,50,44,100.00000409883602,0.0
2.0,10.0,False,1,45,99.14626830260617,0.0
2.0,10.0,False,2,45,99.99990819925006,0.0
2.0,10.0,False,3,45,100.00000611410519,0.0
2.0,10.0,False,4,45,99.9999893438389,0.0
2.0,10.0,False,5,45,99.99999393245659,0.0
2.0,10.0,False,6,45,99.99999220336966,0.0
2.0,10.0,False,7,45,99.99999226480554,0.0
2.0,10.0,False,8,45,99.99999546722586,0.0
2.0,10.0,False,9,45,99.9999973594846,0.0
2.0,10.0,False,10,45,99.99998748964605,0.0
2.0,10.0,False,11,45,99.99998788346625,0.0
2.0,10.0,False,12,45,99.99997682367754,0.0
2.0,10.0,False,13,45,99.99998038206462,0.0
2.0,10.0,False,14,45,99.99998038182372,0.0
2.0,10.0,False,15,45,99.99997682916151,0.0
2.0,10.0,False,16,45,99.99997972881732,0.0
2.0,10.0,False,17,45,99.99998262691767,0.0
2.0,10.0,False,18,45,99.99998024514832,0.0
2.0,10.0,False,19,45,99.9999781012541,0.0
2.0,10.0,False,20,45,99.99998796269075,0.0
2.0,10.0,False,21,45,99.99998872617797,0.0
2.0,10.0,False,22,45,99.99999162054584,0.0
2.0,10.0,False,23,45,99.99999322928298,0.0
2.0,10.0,False,24,45,99.99998953785399,0.0
2.0,10.0,False,25,45,99.99999303729551,0.0
2.0,10.0,False,26,45,99.99998378968002,0.0
2.0,10.0,False,27,45,99.99998148992582,0.0
2.0,10.0,False,28,45,99.99998149228054,0.0
2.0,10.0,False,29,45,99.99998151505065,0.0
2.0,10.0,False,30,45,99.99998234341817,0.0
2.0,10.0,False,31,45,99.99998740246197,0.0
2.0,10.0,False,32,45,99.99999212180643,0.0
2.0,10.0,False,33,45,99.99999303254076,0.0
2.0,10.0,False,34,45,99.99999770538734,0.0
2.0,10.0,False,35,45,99.99999852951247,0.0
2.0,10.0,False,36,45,99.99999639039248,0.0
2.0,10.0,False,37,45,99.99999627019851,0.0
2.0,10.0,False,38,45,99.99999204137893,0.0
2.0,10.0,False,39,45,99.99999755553925,0.0
2.0,10.0,False,40,45,99.99999812474351,0.0
2.0,10.0,False,41,45,100.00000440536829,0.0
2.0,10.0,False,42,45,100.000004387594,0.0
2.0,10.0,False,43,45,100.00000660442976,0.0
2.0,10.0,False,44,45,100.00000750870015,0.0
2.0,10.0,False,45,45,100.00000668798188,0.0
2.0,10.0,False,46,45,100.00000406313353,0.0
2.0,10.0,False,47,45,100.00000430229682,0.0
2.0,10.0,False,48,45,100.00000543187855,0.0
2.0,10.0,False,49,45,100.00000896888821,0.0
2.0,10.0,False,50,45,100.00000823453826,0.0
2.0,10.0,False,1,46,99.14685042276348,0.0
2.0,10.0,False,2,46,99.99997549461223,0.0
2.0,10.0,False,3,46,100.0000231570442,0.0
2.0,10.0,False,4,46,100.0000069870867,0.0
2.0,10.0,False,5,46,100.0000113950586,0.0
2.0,10.0,False,6,46,100.0000229938253,0.0
2.0,10.0,False,7,46,100.00002071691333,0.0
2.0,10.0,False,8,46,100.00002188154753,0.0
2.0,10.0,False,9,46,100.00000911117075,0.0
2.0,10.0,False,10,46,100.00000912915036,0.0
2.0,10.0,False,11,46,100.0000082668809,0.0
2.0,10.0,False,12,46,100.00000495256177,0.0
2.0,10.0,False,13,46,100.00001492279176,0.0
2.0,10.0,False,14,46,100.00001836926995,0.0
2.0,10.0,False,15,46,100.00001869958336,0.0
2.0,10.0,False,16,46,100.0000191650702,0.0
2.0,10.0,False,17,46,100.00001843162462,0.0
2.0,10.0,False,18,46,100.00001780238946,0.0
2.0,10.0,False,19,46,100.00001822726993,0.0
2.0,10.0,False,20,46,100.00001798309228,0.0
2.0,10.0,False,21,46,100.00001372282634,0.0
2.0,10.0,False,22,46,100.00001284582575,0.0
2.0,10.0,False,23,46,100.00001414760507,0.0
2.0,10.0,False,24,46,100.0000148397464,0.0
2.0,10.0,False,25,46,100.00001417936362,0.0
2.0,10.0,False,26,46,100.00001347018782,0.0
2.0,10.0,False,27,46,100.00001738363699,0.0
2.0,10.0,False,28,46,100.00001762082903,0.0
2.0,10.0,False,29,46,100.00001630137794,0.0
2.0,10.0,False,30,46,100.00001692288733,0.0
2.0,10.0,False,31,46,100.00001404510665,0.0
2.0,10.0,False,32,46,100.00001303564271,0.0
2.0,10.0,False,33,46,100.00000646005472,0.0
2.0,10.0,False,34,46,100.00000045096367,0.0
2.0,10.0,False,35,46,99.99999990052908,0.0
2.0,10.0,False,36,46,100.00000206136288,0.0
2.0,10.0,False,37,46,100.00000786692004,0.0
2.0,10.0,False,38,46,100.00000880266118,0.0
2.0,10.0,False,39,46,100.00000865211112,0.0
2.0,10.0,False,40,46,100.00000508176234,0.0
2.0,10.0,False,41,46,100.00000731896175,0.0
2.0,10.0,False,42,46,100.0000063886423,0.0
2.0,10.0,False,43,46,100.00000632481606,0.0
2.0,10.0,False,44,46,100.00000481110806,0.0
2.0,10.0,False,45,46,100.00000591391839,0.0
2.0,10.0,False,46,46,100.00000637509946,0.0
2.0,10.0,False,47,46,100.00000496982798,0.0
2.0,10.0,False,48,46,100.00000489659816,0.0
2.0,10.0,False,49,46,100.00000155453287,0.0
2.0,10.0,False,50,46,100.00000093439917,0.0
2.0,15.0,True,1,42,105.79825669727805,0.05
2.0,15.0,True,2,42,100.00020987233066,0.0
2.0,15.0,True,3,42,100.0000413742445,0.0
2.0,15.0,True,4,42,100.0000414633123,0.0
2.0,15.0,True,5,42,100.00003280106962,0.0
2.0,15.0,True,6,42,100.00004125043219,0.0
2.0,15.0,True,7,42,100.00004360087257,0.0
2.0,15.0,True,8,42,100.00004008128539,0.0
2.0,15.0,True,9,42,100.00003944642137,0.0
2.0,15.0,True,10,42,100.00002221617981,0.0
2.0,15.0,True,11,42,100.00001730176676,0.0
2.0,15.0,True,12,42,100.00000958410928,0.0
2.0,15.0,True,13,42,100.00000957742357,0.0
2.0,15.0,True,14,42,100.00000844959428,0.0
2.0,15.0,True,15,42,100.00000858000897,0.0
2.0,15.0,True,16,42,100.0000090475529,0.0
2.0,15.0,True,17,42,100.00000853855592,0.0
2.0,15.0,True,18,42,100.00000762245111,0.0
2.0,15.0,True,19,42,100.00001300222334,0.0
2.0,15.0,True,20,42,100.0000129687313,0.0
2.0,15.0,True,21,42,100.00001006642027,0.0
2.0,15.0,True,22,42,100.00001051849014,0.0
2.0,15.0,True,23,42,100.00000626888826,0.0
2.0,15.0,True,24,42,100.00000556500109,0.0
2.0,15.0,True,25,42,100.00000456114972,0.0
2.0,15.0,True,26,42,100.00000683327585,0.0
2.0,15.0,True,27,42,100.0000086365005,0.0
2.0,15.0,True,28,42,100.00000381555515,0.0
2.0,15.0,True,29,42,100.00000291812994,0.0
2.0,15.0,True,30,42,99.99999815068809,0.0
2.0,15.0,True,31,42,99.99999886451191,0.0
2.0,15.0,True,32,42,99.99999894457429,0.0
2.0,15.0,True,33,42,99.99999549269,0.0
2.0,15.0,True,34,42,99.99999527796447,0.0
2.0,15.0,True,35,42,99.99999757142555,0.0
2.0,15.0,True,36,42,99.99999710375467,0.0
2.0,15.0,True,37,42,100.00000421828051,0.0
2.0,15.0,True,38,42,100.0000028017632,0.0
2.0,15.0,True,39,42,99.99999953647782,0.0
2.0,15.0,True,40,42,99.99999944984425,0.0
2.0,15.0,True,41,42,99.99999856006886,0.0
2.0,15.0,True,42,42,99.99999890640287,0.0
2.0,15.0,True,43,42,99.99999947865521,0.0
2.0,15.0,True,44,42,99.9999985998331,0.0
2.0,15.0,True,45,42,99.99999813170581,0.0
2.0,15.0,True,46,42,99.99999819296619,0.0
2.0,15.0,True,47,42,99.99999930941718,0.0
2.0,15.0,True,48,42,100.00000116147233,0.0
2.0,15.0,True,49,42,99.99999545575835,0.0
2.0,15.0,True,50,42,99.99999548828978,0.0
2.0,15.0,True,1,43,105.8017732924067,0.05
2.0,15.0,True,2,43,100.0000392721501,0.0
2.0,15.0,True,3,43,100.00001697964302,0.0
2.0,15.0,True,4,43,100.0000176171853,0.0
2.0,15.0,True,5,43,100.00001969976562,0.0
2.0,15.0,True,6,43,100.00001391546559,0.0
2.0,15.0,True,7,43,100.0000226469195,0.0
2.0,15.0,True,8,43,100.00001905388231,0.0
2.0,15.0,True,9,43,100.00001622263552,0.0
2.0,15.0,True,10,43,100.00001250205902,0.0
2.0,15.0,True,11,43,100.00001232627821,0.0
2.0,15.0,True,12,43,100.00001284565738,0.0
2.0,15.0,True,13,43,100.00001102569219,0.0
2.0,15.0,True,14,43,100.00001086471048,0.0
2.0,15.0,True,15,43,100.00001086220918,0.0
2.0,15.0,True,16,43,100.00001456152762,0.0
2.0,15.0,True,17,43,100.00001483332855,0.0
2.0,15.0,True,18,43,100.00000421497457,0.0
2.0,15.0,True,19,43,100.00000483205235,0.0
2.0,15.0,True,20,43,100.00000509295384,0.0
2.0,15.0,True,21,43,99.99999711016241,0.0
2.0,15.0,True,22,43,99.9999956343363,0.0
2.0,15.0,True,23,43,99.99999668776911,0.0
2.0,15.0,True,24,43,99.9999939663933,0.0
2.0,15.0,True,25,43,99.99999371132084,0.0
2.0,15.0,True,26,43,99.99999025705822,0.0
2.0,15.0,True,27,43,99.9999939778312,0.0
2.0,15.0,True,28,43,99.9999907128235,0.0
2.0,15.0,True,29,43,99.99999107113638,0.0
2.0,15.0,True,30,43,99.9999940062522,0.0
2.0,15.0,True,31,43,99.99999635141243,0.0
2.0,15.0,True,32,43,99.99999416098274,0.0
2.0,15.0,True,33,43,100.00000079642618,0.0
2.0,15.0,True,34,43,100.00000054172664,0.0
2.0,15.0,True,35,43,99.99999731780724,0.0
2.0,15.0,True,36,43,99.99999722333024,0.0
2.0,15.0,True,37,43,99.99999888658407,0.0
2.0,15.0,True,38,43,99.99999894475633,0.0
2.0,15.0,True,39,43,100.00000055599807,0.0
2.0,15.0,True,40,43,99.99999965907858,0.0
2.0,15.0,True,41,43,99.99999383786201,0.0
2.0,15.0,True,42,43,99.99999745504931,0.0
2.0,15.0,True,43,43,99.99999726441615,0.0
2.0,15.0,True,44,43,99.99999741597904,0.0
2.0,15.0,True,45,43,99.99999910865495,0.0
2.0,15.0,True,46,43,100.00000002989115,0.0
2.0,15.0,True,47,43,99.99999941206752,0.0
2.0,15.0,True,48,43,99.99999820869604,0.0
2.0,15.0,True,49,43,99.99999626374347,0.0
2.0,15.0,True,50,43,99.99999741310435,0.0
2.0,15.0,True,1,44,105.81090700032233,0.05
2.0,15.0,True,2,44,100.00014011437338,0.0
2.0,15.0,True,3,44,99.99992793748014,0.0
2.0,15.0,True,4,44,99.99992834552616,0.0
2.0,15.0,True,5,44,99.99995195727243,0.0
2.0,15.0,True,6,44,99.9999596582438,0.0
2.0,15.0,True,7,44,99.99995954652502,0.0
2.0,15.0,True,8,44,99.99995922694654,0.0
2.0,15.0,True,9,44,99.99995400651372,0.0
2.0,15.0,True,10,44,99.9999578927154,0.0
2.0,15.0,True,11,44,99.99995799631131,0.0
2.0,15.0,True,12,44,99.99997753839249,0.0
2.0,15.0,True,13,44,99.99997875751193,0.0
2.0,15.0,True,14,44,99.99997543332715,0.0
2.0,15.0,True,15,44,99.99997499154594,0.0
2.0,15.0,True,16,44,99.99997705472461,0.0
2.0,15.0,True,17,44,99.99999052436989,0.0
2.0,15.0,True,18,44,99.99999158200967,0.0
2.0,15.0,True,19,44,99.99999237287432,0.0
2.0,15.0,True,20,44,99.99999189233571,0.0
2.0,15.0,True,21,44,99.99999239631966,0.0
2.0,15.0,True,22,44,99.99999258428133,0.0
2.0,15.0,True,23,44,99.99998825207055,0.0
2.0,15.0,True,24,44,99.99998502732407,0.0
2.0,15.0,True,25,44,99.99998521707064,0.0
2.0,15.0,True,26,44,99.99998798660982,0.0
2.0,15.0,True,27,44,99.99998913834702,0.0
2.0,15.0,True,28,44,99.99998417678475,0.0
2.0,15.0,True,29,44,99.99998184869405,0.0
2.0,15.0,True,30,44,99.99998960148731,0.0
2.0,15.0,True,31,44,99.99998973781847,0.0
2.0,15.0,True,32,44,99.99998988984795,0.0
2.0,15.0,True,33,44,99.9999941129979,0.0
2.0,15.0,True,34,44,99.99999555531815,0.0
2.0,15.0,True,35,44,99.99999351322597,0.0
2.0,15.0,True,36,44,99.99999305644774,0.0
2.0,15.0,True,37,44,99.9999952434886,0.0
2.0,15.0,True,38,44,99.99999535574068,0.0
2.0,15.0,True,39,44,99.99999601246853,0.0
2.0,15.0,True,40,44,99.99999320408126,0.0
2.0,15.0,True,41,44,99.999998260817,0.0
2.0,15.0,True,42,44,99.99999893019246,0.0
2.0,15.0,True,43,44,100.00000090867431,0.0
2.0,15.0,True,44,44,100.00000140148465,0.0
2.0,15.0,True,45,44,100.00000124714548,0.0
2.0,15.0,True,46,44,100.00000143035106,0.0
2.0,15.0,True,47,44,100.0000024840074,0.0
2.0,15.0,True,48,44,100.00000056599197,0.0
2.0,15.0,True,49,44,100.00000167599052,0.0
2.0,15.0,True,50,44,100.0000016130167,0.0
2.0,15.0,True,1,45,105.7936855099019,0.05
2.0,15.0,True,2,45,99.99989913123711,0.0
2.0,15.0,True,3,45,100.00001022312622,0.0
2.0,15.0,True,4,45,99.9999935532863,0.0
2.0,15.0,True,5,45,99.99999735861508,0.0
2.0,15.0,True,6,45,99.99999575111863,0.0
2.0,15.0,True,7,45,99.99999588504902,0.0
2.0,15.0,True,8,45,99.9999973040407,0.0
2.0,15.0,True,9,45,100.0000004473273,0.0
2.0,15.0,True,10,45,99.99999165240233,0.0
2.0,15.0,True,11,45,99.9999920589976,0.0
2.0,15.0,True,12,45,99.99998194085933,0.0
2.0,15.0,True,13,45,99.99998429314371,0.0
2.0,15.0,True,14,45,99.99998413811974,0.0
2.0,15.0,True,15,45,99.99998365154994,0.0
2.0,15.0,True,16,45,99.99998158043955,0.0
2.0,15.0,True,17,45,99.99997626625085,0.0
2.0,15.0,True,18,45,99.99997456813827,0.0
2.0,15.0,True,19,45,99.99998738489457,0.0
2.0,15.0,True,20,45,99.99998826352392,0.0
2.0,15.0,True,21,45,99.9999893977812,0.0
2.0,15.0,True,22,45,99.99999130259029,0.0
2.0,15.0,True,23,45,99.9999947961841,0.0
2.0,15.0,True,24,45,99.99999055598741,0.0
2.0,15.0,True,25,45,99.9999962898117,0.0
2.0,15.0,True,26,45,99.99998924583382,0.0
2.0,15.0,True,27,45,99.99998455351988,0.0
2.0,15.0,True,28,45,99.99998470900624,0.0
2.0,15.0,True,29,45,99.99998428362962,0.0
2.0,15.0,True,30,45,99.99998488094363,0.0
2.0,15.0,True,31,45,99.99998681723645,0.0
2.0,15.0,True,32,45,99.99998410361303,0.0
2.0,15.0,True,33,45,99.99999185912355,0.0
2.0,15.0,True,34,45,99.9999951686588,0.0
2.0,15.0,True,35,45,99.99999873505999,0.0
2.0,15.0,True,36,45,99.99999682217981,0.0
2.0,15.0,True,37,45,99.99999672991953,0.0
2.0,15.0,True,38,45,99.9999932910728,0.0
2.0,15.0,True,39,45,100.00000032037228,0.0
2.0,15.0,True,40,45,100.00000199851777,0.0
2.0,15.0,True,41,45,100.00000528168272,0.0
2.0,15.0,True,42,45,100.0000053053082,0.0
2.0,15.0,True,43,45,100.00000636668555,0.0
2.0,15.0,True,44,45,100.00000476587473,0.0
2.0,15.0,True,45,45,100.0000033854844,0.0
2.0,15.0,True,46,45,100.00000193380987,0.0
2.0,15.0,True,47,45,100.00000175505707,0.0
2.0,15.0,True,48,45,100.00000464181457,0.0
2.0,15.0,True,49,45,100.00000816791822,0.0
2.0,15.0,True,50,45,100.0000064050368,0.0
2.0,15.0,True,1,46,105.80577074573785,0.05
2.0,15.0,True,2,46,99.99998114612595,0.0
2.0,15.0,True,3,46,100.00003141977061,0.0
2.0,15.0,True,4,46,100.00001543406451,0.0
2.0,15.0,True,5,46,100.00002112249993,0.0
2.0,15.0,True,6,46,100.000028588745,0.0
2.0,15.0,True,7,46,100.00002747749335,0.0
2.0,15.0,True,8,46,100.00002812957284,0.0
2.0,15.0,True,9,46,100.00000708776503,0.0
2.0,15.0,True,10,46,100.00000628328036,0.0
2.0,15.0,True,11,46,100.00000654636527,0.0
2.0,15.0,True,12,46,100.00000425082774,0.0
2.0,15.0,True,13,46,100.00001302717993,0.0
2.0,15.0,True,14,46,100.00001568098511,0.0
2.0,15.0,True,15,46,100.00001568762778,0.0
2.0,15.0,True,16,46,100.00001601810246,0.0
2.0,15.0,True,17,46,100.00001327163497,0.0
2.0,15.0,True,18,46,100.00001222884941,0.0
2.0,15.0,True,19,46,100.00001525922166,0.0
2.0,15.0,True,20,46,100.00001516633657,0.0
2.0,15.0,True,21,46,100.00001216413843,0.0
2.0,15.0,True,22,46,100.00001131022846,0.0
2.0,15.0,True,23,46,100.000011505711,0.0
2.0,15.0,True,24,46,100.00001186305434,0.0
2.0,15.0,True,25,46,100.00001015128282,0.0
2.0,15.0,True,26,46,100.00001054344364,0.0
2.0,15.0,True,27,46,100.00001488449246,0.0
2.0,15.0,True,28,46,100.0000147606709,0.0
2.0,15.0,True,29,46,100.00001403442809,0.0
2.0,15.0,True,30,46,100.00001310413529,0.0
2.0,15.0,True,31,46,100.0000065516274,0.0
2.0,15.0,True,32,46,100.00000643832716,0.0
2.0,15.0,True,33,46,100.00000320273355,0.0
2.0,15.0,True,34,46,99.99999898842646,0.0
2.0,15.0,True,35,46,99.99999830816026,0.0
2.0,15.0,True,36,46,100.00000152551777,0.0
2.0,15.0,True,37,46,100.00000736726956,0.0
2.0,15.0,True,38,46,100.00000546020591,0.0
2.0,15.0,True,39,46,100.00000714066422,0.0
2.0,15.0,True,40,46,100.00000365547297,0.0
2.0,15.0,True,41,46,100.00000114529124,0.0
2.0,15.0,True,42,46,100.00000108916265,0.0
2.0,15.0,True,43,46,100.0000009164161,0.0
2.0,15.0,True,44,46,99.99999982212717,0.0
2.0,15.0,True,45,46,100.00000113406297,0.0
2.0,15.0,True,46,46,100.00000290653787,0.0
2.0,15.0,True,47,46,100.00000352340112,0.0
2.0,15.0,True,48,46,100.00000348695707,0.0
2.0,15.0,True,49,46,100.00000087368903,0.0
2.0,15.0,True,50,46,100.00000064426288,0.0
2.0,15.0,False,1,42,90.20802105057231,0.0
2.0,15.0,False,2,42,100.00022335862865,0.0
2.0,15.0,False,3,42,100.00003328207339,0.0
2.0,15.0,False,4,42,100.00003335133076,0.0
2.0,15.0,False,5,42,100.00002496342364,0.0
2.0,15.0,False,6,42,100.00003769296376,0.0
2.0,15.0,False,7,42,100.00003757770094,0.0
2.0,15.0,False,8,42,100.00003872404798,0.0
2.0,15.0,False,9,42,100.00003369824849,0.0
2.0,15.0,False,10,42,100.00001823495504,0.0
2.0,15.0,False,11,42,100.00001057129933,0.0
2.0,15.0,False,12,42,100.00000295866249,0.0
2.0,15.0,False,13,42,100.00000308460154,0.0
2.0,15.0,False,14,42,100.00000212780719,0.0
2.0,15.0,False,15,42,100.00000181889004,0.0
2.0,15.0,False,16,42,100.00000205171335,0.0
2.0,15.0,False,17,42,100.00000048840069,0.0
2.0,15.0,False,18,42,100.00000246268014,0.0
2.0,15.0,False,19,42,100.00000522144765,0.0
2.0,15.0,False,20,42,100.00000549323332,0.0
2.0,15.0,False,21,42,100.00000224067941,0.0
2.0,15.0,False,22,42,100.00000276201118,0.0
2.0,15.0,False,23,42,100.00000183834453,0.0
2.0,15.0,False,24,42,99.9999972092323,0.0
2.0,15.0,False,25,42,99.99999592914787,0.0
2.0,15.0,False,26,42,99.9999961244009,0.0
2.0,15.0,False,27,42,99.99999767246652,0.0
2.0,15.0,False,28,42,99.99999531001768,0.0
2.0,15.0,False,29,42,99.99999003860907,0.0
2.0,15.0,False,30,42,99.99999164218042,0.0
2.0,15.0,False,31,42,99.99999166441941,0.0
2.0,15.0,False,32,42,99.99999166373141,0.0
2.0,15.0,False,33,42,99.99999013730068,0.0
2.0,15.0,False,34,42,99.99998729975326,0.0
2.0,15.0,False,35,42,99.99999058254505,0.0
2.0,15.0,False,36,42,99.99999007695915,0.0
2.0,15.0,False,37,42,99.99999554500347,0.0
2.0,15.0,False,38,42,99.99999386531942,0.0
2.0,15.0,False,39,42,99.99999546001607,0.0
2.0,15.0,False,40,42,99.99999530941244,0.0
2.0,15.0,False,41,42,99.99999593033627,0.0
2.0,15.0,False,42,42,99.99999570293078,0.0
2.0,15.0,False,43,42,99.99999725271789,0.0
2.0,15.0,False,44,42,99.99999677805181,0.0
2.0,15.0,False,45,42,99.99999701133211,0.0
2.0,15.0,False,46,42,99.99999693646265,0.0
2.0,15.0,False,47,42,99.99999466321563,0.0
2.0,15.0,False,48,42,100.00000074526312,0.0
2.0,15.0,False,49,42,99.99999691608096,0.0
2.0,15.0,False,50,42,99.99999684395692,0.0
2.0,15.0,False,1,43,90.20708362426535,0.0
2.0,15.0,False,2,43,100.00005230287098,0.0
2.0,15.0,False,3,43,100.00001943823179,0.0
2.0,15.0,False,4,43,100.00001976286285,0.0
2.0,15.0,False,5,43,100.00002181121224,0.0
2.0,15.0,False,6,43,100.00001829654391,0.0
2.0,15.0,False,7,43,100.00002596409448,0.0
2.0,15.0,False,8,43,100.0000209751914,0.0
2.0,15.0,False,9,43,100.00002216800837,0.0
2.0,15.0,False,10,43,100.00001389112634,0.0
2.0,15.0,False,11,43,100.00001446845778,0.0
2.0,15.0,False,12,43,100.0000154115944,0.0
2.0,15.0,False,13,43,100.00001300083119,0.0
2.0,15.0,False,14,43,100.00001290135431,0.0
2.0,15.0,False,15,43,100.00001306139339,0.0
2.0,15.0,False,16,43,100.0000145305504,0.0
2.0,15.0,False,17,43,100.000015575134,0.0
2.0,15.0,False,18,43,100.00000517197071,0.0
2.0,15.0,False,19,43,100.00000624451363,0.0
2.0,15.0,False,20,43,100.00000606854849,0.0
2.0,15.0,False,21,43,99.99999636799663,0.0
2.0,15.0,False,22,43,99.9999966127061,0.0
2.0,15.0,False,23,43,99.99999704173959,0.0
2.0,15.0,False,24,43,99.99999551736941,0.0
2.0,15.0,False,25,43,99.99999106664747,0.0
2.0,15.0,False,26,43,99.9999915334244,0.0
2.0,15.0,False,27,43,99.99999441269613,0.0
2.0,15.0,False,28,43,99.99999187359924,0.0
2.0,15.0,False,29,43,99.9999919890212,0.0
2.0,15.0,False,30,43,99.99999274457124,0.0
2.0,15.0,False,31,43,99.99999500913512,0.0
2.0,15.0,False,32,43,99.99999336428078,0.0
2.0,15.0,False,33,43,100.00000044910941,0.0
2.0,15.0,False,34,43,100.00000035175184,0.0
2.0,15.0,False,35,43,99.99999712000354,0.0
2.0,15.0,False,36,43,99.99999731499425,0.0
2.0,15.0,False,37,43,99.99999926130248,0.0
2.0,15.0,False,38,43,99.99999894890216,0.0
2.0,15.0,False,39,43,99.99999928427702,0.0
2.0,15.0,False,40,43,100.00000046709748,0.0
2.0,15.0,False,41,43,99.99999677937276,0.0
2.0,15.0,False,42,43,99.99999743944723,0.0
2.0,15.0,False,43,43,99.99999834307046,0.0
2.0,15.0,False,44,43,99.99999866185257,0.0
2.0,15.0,False,45,43,99.999998646785,0.0
2.0,15.0,False,46,43,99.99999871404069,0.0
2.0,15.0,False,47,43,100.00000001512865,0.0
2.0,15.0,False,48,43,99.99999831570057,0.0
2.0,15.0,False,49,43,99.99999667075593,0.0
2.0,15.0,False,50,43,99.99999725245414,0.0
2.0,15.0,False,1,44,90.21400510108175,0.0
2.0,15.0,False,2,44,100.00016455892754,0.0
2.0,15.0,False,3,44,99.99993871032927,0.0
2.0,15.0,False,4,44,99.99994078063833,0.0
2.0,15.0,False,5,44,99.99995265271447,0.0
2.0,15.0,False,6,44,99.99995891965202,0.0
2.0,15.0,False,7,44,99.9999579997786,0.0
2.0,15.0,False,8,44,99.99996059299102,0.0
2.0,15.0,False,9,44,99.99996139329029,0.0
2.0,15.0,False,10,44,99.99997160012538,0.0
2.0,15.0,False,11,44,99.99997456040913,0.0
2.0,15.0,False,12,44,99.99998395092814,0.0
2.0,15.0,False,13,44,99.9999860787793,0.0
2.0,15.0,False,14,44,99.999981356983,0.0
2.0,15.0,False,15,44,99.99998147833978,0.0
2.0,15.0,False,16,44,99.9999823038552,0.0
2.0,15.0,False,17,44,99.99999581496989,0.0
2.0,15.0,False,18,44,100.00000186795361,0.0
2.0,15.0,False,19,44,100.00000179432371,0.0
2.0,15.0,False,20,44,99.99999957526849,0.0
2.0,15.0,False,21,44,100.00000027712233,0.0
2.0,15.0,False,22,44,100.00000010292408,0.0
2.0,15.0,False,23,44,99.9999920720788,0.0
2.0,15.0,False,24,44,99.99998974850124,0.0
2.0,15.0,False,25,44,99.99998869858982,0.0
2.0,15.0,False,26,44,99.9999896834151,0.0
2.0,15.0,False,27,44,99.99998875223034,0.0
2.0,15.0,False,28,44,99.99999213852661,0.0
2.0,15.0,False,29,44,99.99999375869315,0.0
2.0,15.0,False,30,44,99.99999352257231,0.0
2.0,15.0,False,31,44,99.999993427551,0.0
2.0,15.0,False,32,44,99.99999239642267,0.0
2.0,15.0,False,33,44,99.99999622313652,0.0
2.0,15.0,False,34,44,99.9999983373462,0.0
2.0,15.0,False,35,44,99.99999765698351,0.0
2.0,15.0,False,36,44,99.99999655543309,0.0
2.0,15.0,False,37,44,99.99999875749988,0.0
2.0,15.0,False,38,44,99.99999873422593,0.0
2.0,15.0,False,39,44,99.99999893954049,0.0
2.0,15.0,False,40,44,99.99999749222441,0.0
2.0,15.0,False,41,44,100.00000211876906,0.0
2.0,15.0,False,42,44,100.0000036106388,0.0
2.0,15.0,False,43,44,100.00000408403116,0.0
2.0,15.0,False,44,44,100.00000406743219,0.0
2.0,15.0,False,45,44,100.00000407007475,0.0
2.0,15.0,False,46,44,100.00000406145111,0.0
2.0,15.0,False,47,44,100.00000425566535,0.0
2.0,15.0,False,48,44,100.00000237034666,0.0
2.0,15.0,False,49,44,100.00000300270018,0.0
2.0,15.0,False,50,44,100.00000409843435,0.0
2.0,15.0,False,1,45,90.20829710910623,0.0
2.0,15.0,False,2,45,99.99990821740963,0.0
2.0,15.0,False,3,45,100.00000611426769,0.0
2.0,15.0,False,4,45,99.9999893437041,0.0
2.0,15.0,False,5,45,99.99999393229623,0.0
2.0,15.0,False,6,45,99.99999220300137,0.0
2.0,15.0,False,7,45,99.99999226439994,0.0
2.0,15.0,False,8,45,99.99999547267682,0.0
2.0,15.0,False,9,45,99.99999735926721,0.0
2.0,15.0,False,10,45,99.99998748925498,0.0
2.0,15.0,False,11,45,99.9999878835689,0.0
2.0,15.0,False,12,45,99.99997682525327,0.0
2.0,15.0,False,13,45,99.9999803835137,0.0
2.0,15.0,False,14,45,99.99998038325629,0.0
2.0,15.0,False,15,45,99.99997683085763,0.0
2.0,15.0,False,16,45,99.99997972944632,0.0
2.0,15.0,False,17,45,99.99998262704509,0.0
2.0,15.0,False,18,45,99.999980242163,0.0
2.0,15.0,False,19,45,99.99997809923339,0.0
2.0,15.0,False,20,45,99.99998796429415,0.0
2.0,15.0,False,21,45,99.99998872751837,0.0
2.0,15.0,False,22,45,99.9999916214069,0.0
2.0,15.0,False,23,45,99.99999323030005,0.0
2.0,15.0,False,24,45,99.9999895387104,0.0
2.0,15.0,False,25,45,99.99999303828432,0.0
2.0,15.0,False,26,45,99.99998379128753,0.0
2.0,15.0,False,27,45,99.99998149118136,0.0
2.0,15.0,False,28,45,99.99998149317463,0.0
2.0,15.0,False,29,45,99.99998151593095,0.0
2.0,15.0,False,30,45,99.99998234437052,0.0
2.0,15.0,False,31,45,99.99998740319823,0.0
2.0,15.0,False,32,45,99.99999212300611,0.0
2.0,15.0,False,33,45,99.99999303348662,0.0
2.0,15.0,False,34,45,99.99999770613906,0.0
2.0,15.0,False,35,45,99.99999852957893,0.0
2.0,15.0,False,36,45,99.99999639051373,0.0
2.0,15.0,False,37,45,99.9999962702223,0.0
2.0,15.0,False,38,45,99.99999204188885,0.0
2.0,15.0,False,39,45,99.9999975560812,0.0
2.0,15.0,False,40,45,99.99999812517859,0.0
2.0,15.0,False,41,45,100.00000440560711,0.0
2.0,15.0,False,42,45,100.00000438779466,0.0
2.0,15.0,False,43,45,100.00000660436748,0.0
2.0,15.0,False,44,45,100.00000750900594,0.0
2.0,15.0,False,45,45,100.00000668836194,0.0
2.0,15.0,False,46,45,100.000004063604,0.0
2.0,15.0,False,47,45,100.00000430233891,0.0
2.0,15.0,False,48,45,100.00000543194403,0.0
2.0,15.0,False,49,45,100.00000896897379,0.0
2.0,15.0,False,50,45,100.00000823462291,0.0
2.0,15.0,False,1,46,90.20790989897424,0.0
2.0,15.0,False,2,46,99.99997548995978,0.0
2.0,15.0,False,3,46,100.00002315777303,0.0
2.0,15.0,False,4,46,100.00000698856425,0.0
2.0,15.0,False,5,46,100.00001139652153,0.0
2.0,15.0,False,6,46,100.00002299528651,0.0
2.0,15.0,False,7,46,100.00002071856494,0.0
2.0,15.0,False,8,46,100.00002188309311,0.0
2.0,15.0,False,9,46,100.00000911104627,0.0
2.0,15.0,False,10,46,100.00000912907296,0.0
2.0,15.0,False,11,46,100.00000826693483,0.0
2.0,15.0,False,12,46,100.00000495257564,0.0
2.0,15.0,False,13,46,100.00001492208935,0.0
2.0,15.0,False,14,46,100.00001836868319,0.0
2.0,15.0,False,15,46,100.00001869952226,0.0
2.0,15.0,False,16,46,100.00001916531289,0.0
2.0,15.0,False,17,46,100.00001843175025,0.0
2.0,15.0,False,18,46,100.00001780204701,0.0
2.0,15.0,False,19,46,100.00001822743636,0.0
2.0,15.0,False,20,46,100.00001798293772,0.0
2.0,15.0,False,21,46,100.00001372309714,0.0
2.0,15.0,False,22,46,100.00001284610522,0.0
2.0,15.0,False,23,46,100.00001414736482,0.0
2.0,15.0,False,24,46,100.00001484037983,0.0
2.0,15.0,False,25,46,100.00001417987924,0.0
2.0,15.0,False,26,46,100.00001347058878,0.0
2.0,15.0,False,27,46,100.00001738391902,0.0
2.0,15.0,False,28,46,100.00001762119638,0.0
2.0,15.0,False,29,46,100.00001630156581,0.0
2.0,15.0,False,30,46,100.00001692309507,0.0
2.0,15.0,False,31,46,100.00001404552395,0.0
2.0,15.0,False,32,46,100.00001303586487,0.0
2.0,15.0,False,33,46,100.00000646025117,0.0
2.0,15.0,False,34,46,100.00000044985663,0.0
2.0,15.0,False,35,46,99.99999989978657,0.0
2.0,15.0,False,36,46,100.00000205956053,0.0
2.0,15.0,False,37,46,100.00000786856215,0.0
2.0,15.0,False,38,46,100.0000088027931,0.0
2.0,15.0,False,39,46,100.00000865097144,0.0
2.0,15.0,False,40,46,100.00000508125245,0.0
2.0,15.0,False,41,46,100.000007318794,0.0
2.0,15.0,False,42,46,100.00000638850253,0.0
2.0,15.0,False,43,46,100.00000632512348,0.0
2.0,15.0,False,44,46,100.00000481143191,0.0
2.0,15.0,False,45,46,100.00000591419649,0.0
2.0,15.0,False,46,46,100.0000063754202,0.0
2.0,15.0,False,47,46,100.00000497012103,0.0
2.0,15.0,False,48,46,100.00000489697847,0.0
2.0,15.0,False,49,46,100.0000015547085,0.0
2.0,15.0,False,50,46,100.00000093456578,0.0
2.0,20.0,True,1,42,107.71331218714948,0.1
2.0,20.0,True,2,42,100.00020978319583,0.0
2.0,20.0,True,3,42,100.0000413742064,0.0
2.0,20.0,True,4,42,100.00004146328402,0.0
2.0,20.0,True,5,42,100.00003280117119,0.0
2.0,20.0,True,6,42,100.00004125510193,0.0
2.0,20.0,True,7,42,100.00004360058102,0.0
2.0,20.0,True,8,42,100.00004008102259,0.0
2.0,20.0,True,9,42,100.00003944659886,0.0
2.0,20.0,True,10,42,100.00002221561695,0.0
2.0,20.0,True,11,42,100.00001730250237,0.0
2.0,20.0,True,12,42,100.00000958454086,0.0
2.0,20.0,True,13,42,100.00000957785433,0.0
2.0,20.0,True,14,42,100.00000845009242,0.0
2.0,20.0,True,15,42,100.00000858041366,0.0
2.0,20.0,True,16,42,100.00000904834786,0.0
2.0,20.0,True,17,42,100.00000853905489,0.0
2.0,20.0,True,18,42,100.00000761566017,0.0
2.0,20.0,True,19,42,100.00001300302645,0.0
2.0,20.0,True,20,42,100.00001296937586,0.0
2.0,20.0,True,21,42,100.00001006675424,0.0
2.0,20.0,True,22,42,100.00001051888032,0.0
2.0,20.0,True,23,42,100.00000627008681,0.0
2.0,20.0,True,24,42,100.00000556510291,0.0
2.0,20.0,True,25,42,100.00000456137705,0.0
2.0,20.0,True,26,42,100.00000683332924,0.0
2.0,20.0,True,27,42,100.00000863637212,0.0
2.0,20.0,True,28,42,100.00000381573956,0.0
2.0,20.0,True,29,42,100.00000291825893,0.0
2.0,20.0,True,30,42,99.99999815095966,0.0
2.0,20.0,True,31,42,99.99999886472159,0.0
2.0,20.0,True,32,42,99.99999894482144,0.0
2.0,20.0,True,33,42,99.99999549243499,0.0
2.0,20.0,True,34,42,99.99999527785263,0.0
2.0,20.0,True,35,42,99.99999757146779,0.0
2.0,20.0,True,36,42,99.99999710390439,0.0
2.0,20.0,True,37,42,100.00000421934983,0.0
2.0,20.0,True,38,42,100.0000028015173,0.0
2.0,20.0,True,39,42,99.99999953640963,0.0
2.0,20.0,True,40,42,99.99999944980974,0.0
2.0,20.0,True,41,42,99.99999856019066,0.0
2.0,20.0,True,42,42,99.99999890653939,0.0
2.0,20.0,True,43,42,99.99999947875384,0.0
2.0,20.0,True,44,42,99.99999859998911,0.0
2.0,20.0,True,45,42,99.99999813182538,0.0
2.0,20.0,True,46,42,99.9999981931283,0.0
2.0,20.0,True,47,42,99.999999309951,0.0
2.0,20.0,True,48,42,100.00000116183321,0.0
2.0,20.0,True,49,42,99.99999545595405,0.0
2.0,20.0,True,50,42,99.99999548847859,0.0
2.0,20.0,True,1,43,107.70996592459176,0.1
2.0,20.0,True,2,43,100.00003921107108,0.0
2.0,20.0,True,3,43,100.00001697957025,0.0
2.0,20.0,True,4,43,100.00001761713838,0.0
2.0,20.0,True,5,43,100.0000196996748,0.0
2.0,20.0,True,6,43,100.00001391520902,0.0
2.0,20.0,True,7,43,100.00002264670931,0.0
2.0,20.0,True,8,43,100.00001905602502,0.0
2.0,20.0,True,9,43,100.00001622146118,0.0
2.0,20.0,True,10,43,100.00001250107327,0.0
2.0,20.0,True,11,43,100.00001232532553,0.0
2.0,20.0,True,12,43,100.00001284461753,0.0
2.0,20.0,True,13,43,100.00001102529897,0.0
2.0,20.0,True,14,43,100.00001086434307,0.0
2.0,20.0,True,15,43,100.00001086179034,0.0
2.0,20.0,True,16,43,100.00001455942825,0.0
2.0,20.0,True,17,43,100.00001483294864,0.0
2.0,20.0,True,18,43,100.00000421434497,0.0
2.0,20.0,True,19,43,100.00000483170058,0.0
2.0,20.0,True,20,43,100.00000509260389,0.0
2.0,20.0,True,21,43,99.99999710974262,0.0
2.0,20.0,True,22,43,99.99999563393645,0.0
2.0,20.0,True,23,43,99.99999668765354,0.0
2.0,20.0,True,24,43,99.99999396605565,0.0
2.0,20.0,True,25,43,99.99999371125753,0.0
2.0,20.0,True,26,43,99.99999025682035,0.0
2.0,20.0,True,27,43,99.99999397771776,0.0
2.0,20.0,True,28,43,99.99999071265607,0.0
2.0,20.0,True,29,43,99.99999107088786,0.0
2.0,20.0,True,30,43,99.99999400592245,0.0
2.0,20.0,True,31,43,99.99999635084689,0.0
2.0,20.0,True,32,43,99.99999416028251,0.0
2.0,20.0,True,33,43,100.0000007968115,0.0
2.0,20.0,True,34,43,100.00000054217277,0.0
2.0,20.0,True,35,43,99.99999731828217,0.0
2.0,20.0,True,36,43,99.99999722369901,0.0
2.0,20.0,True,37,43,99.99999888679915,0.0
2.0,20.0,True,38,43,99.99999894495154,0.0
2.0,20.0,True,39,43,100.0000005564705,0.0
2.0,20.0,True,40,43,99.99999965962002,0.0
2.0,20.0,True,41,43,99.99999383858584,0.0
2.0,20.0,True,42,43,99.99999745545863,0.0
2.0,20.0,True,43,43,99.99999726469639,0.0
2.0,20.0,True,44,43,99.99999741622165,0.0
2.0,20.0,True,45,43,99.99999910896432,0.0
2.0,20.0,True,46,43,100.00000003026663,0.0
2.0,20.0,True,47,43,99.9999994119317,0.0
2.0,20.0,True,48,43,99.99999820894153,0.0
2.0,20.0,True,49,43,99.99999626379372,0.0
2.0,20.0,True,50,43,99.99999741308898,0.0
2.0,20.0,True,1,44,107.73281888000713,0.1
2.0,20.0,True,2,44,100.00014005027585,0.0
2.0,20.0,True,3,44,99.99992793765516,0.0
2.0,20.0,True,4,44,99.9999283456475,0.0
2.0,20.0,True,5,44,99.99995195704616,0.0
2.0,20.0,True,6,44,99.99995965842463,0.0
2.0,20.0,True,7,44,99.9999595466925,0.0
2.0,20.0,True,8,44,99.99995922790177,0.0
2.0,20.0,True,9,44,99.99995400699174,0.0
2.0,20.0,True,10,44,99.99995789313496,0.0
2.0,20.0,True,11,44,99.99995799546213,0.0
2.0,20.0,True,12,44,99.99997753997572,0.0
2.0,20.0,True,13,44,99.99997875913346,0.0
2.0,20.0,True,14,44,99.99997543509846,0.0
2.0,20.0,True,15,44,99.99997499193583,0.0
2.0,20.0,True,16,44,99.99997705462394,0.0
2.0,20.0,True,17,44,99.99999052456741,0.0
2.0,20.0,True,18,44,99.99999158234755,0.0
2.0,20.0,True,19,44,99.99999237330942,0.0
2.0,20.0,True,20,44,99.99999189351743,0.0
2.0,20.0,True,21,44,99.99999239719028,0.0
2.0,20.0,True,22,44,99.99999258556431,0.0
2.0,20.0,True,23,44,99.999988252146,0.0
2.0,20.0,True,24,44,99.99998502756006,0.0
2.0,20.0,True,25,44,99.99998521736606,0.0
2.0,20.0,True,26,44,99.99998798703206,0.0
2.0,20.0,True,27,44,99.99998913874455,0.0
2.0,20.0,True,28,44,99.99998417715452,0.0
2.0,20.0,True,29,44,99.99998184843668,0.0
2.0,20.0,True,30,44,99.9999896019059,0.0
2.0,20.0,True,31,44,99.99998973751619,0.0
2.0,20.0,True,32,44,99.99998988970874,0.0
2.0,20.0,True,33,44,99.99999411293211,0.0
2.0,20.0,True,34,44,99.9999955548887,0.0
2.0,20.0,True,35,44,99.99999351296482,0.0
2.0,20.0,True,36,44,99.99999305604408,0.0
2.0,20.0,True,37,44,99.99999524316954,0.0
2.0,20.0,True,38,44,99.99999535537674,0.0
2.0,20.0,True,39,44,99.99999601211013,0.0
2.0,20.0,True,40,44,99.99999320387093,0.0
2.0,20.0,True,41,44,99.9999982613,0.0
2.0,20.0,True,42,44,99.9999989305536,0.0
2.0,20.0,True,43,44,100.00000090941921,0.0
2.0,20.0,True,44,44,100.00000140212617,0.0
2.0,20.0,True,45,44,100.00000124778771,0.0
2.0,20.0,True,46,44,100.00000143094508,0.0
2.0,20.0,True,47,44,100.00000248456415,0.0
2.0,20.0,True,48,44,100.00000056658502,0.0
2.0,20.0,True,49,44,100.00000167680014,0.0
2.0,20.0,True,50,44,100.00000161397281,0.0
2.0,20.0,True,1,45,107.71441374692975,0.1
2.0,20.0,True,2,45,99.99989907230605,0.0
2.0,20.0,True,3,45,100.00001022358343,0.0
2.0,20.0,True,4,45,99.99999355373498,0.0
2.0,20.0,True,5,45,99.9999973591986,0.0
2.0,20.0,True,6,45,99.99999575185186,0.0
2.0,20.0,True,7,45,99.99999588585762,0.0
2.0,20.0,True,8,45,99.99999730445234,0.0
2.0,20.0,True,9,45,100.00000044784079,0.0
2.0,20.0,True,10,45,99.99999165286962,0.0
2.0,20.0,True,11,45,99.99999205876392,0.0
2.0,20.0,True,12,45,99.9999819411217,0.0
2.0,20.0,True,13,45,99.99998429306426,0.0
2.0,20.0,True,14,45,99.99998413803682,0.0
2.0,20.0,True,15,45,99.99998365205563,0.0
2.0,20.0,True,16,45,99.99998158036863,0.0
2.0,20.0,True,17,45,99.99997626618574,0.0
2.0,20.0,True,18,45,99.99997456682195,0.0
2.0,20.0,True,19,45,99.99998738707694,0.0
2.0,20.0,True,20,45,99.99998826405255,0.0
2.0,20.0,True,21,45,99.99998939826185,0.0
2.0,20.0,True,22,45,99.99999130304579,0.0
2.0,20.0,True,23,45,99.9999947963221,0.0
2.0,20.0,True,24,45,99.99999055638591,0.0
2.0,20.0,True,25,45,99.99999629052209,0.0
2.0,20.0,True,26,45,99.99998924654682,0.0
2.0,20.0,True,27,45,99.99998455403787,0.0
2.0,20.0,True,28,45,99.99998470944448,0.0
2.0,20.0,True,29,45,99.99998428402563,0.0
2.0,20.0,True,30,45,99.99998488152636,0.0
2.0,20.0,True,31,45,99.99998681787812,0.0
2.0,20.0,True,32,45,99.99998410222061,0.0
2.0,20.0,True,33,45,99.99999185840605,0.0
2.0,20.0,True,34,45,99.99999516815717,0.0
2.0,20.0,True,35,45,99.99999873458225,0.0
2.0,20.0,True,36,45,99.99999682175168,0.0
2.0,20.0,True,37,45,99.99999672930741,0.0
2.0,20.0,True,38,45,99.99999329112212,0.0
2.0,20.0,True,39,45,100.00000032018939,0.0
2.0,20.0,True,40,45,100.0000019983757,0.0
2.0,20.0,True,41,45,100.0000052815678,0.0
2.0,20.0,True,42,45,100.00000530514919,0.0
2.0,20.0,True,43,45,100.0000063665928,0.0
2.0,20.0,True,44,45,100.00000476599874,0.0
2.0,20.0,True,45,45,100.00000338568015,0.0
2.0,20.0,True,46,45,100.00000193395098,0.0
2.0,20.0,True,47,45,100.00000175477982,0.0
2.0,20.0,True,48,45,100.00000464175378,0.0
2.0,20.0,True,49,45,100.00000816779168,0.0
2.0,20.0,True,50,45,100.00000640515658,0.0
2.0,20.0,True,1,46,107.71697177307794,0.1
2.0,20.0,True,2,46,99.99998108854177,0.0
2.0,20.0,True,3,46,100.00003141913592,0.0
2.0,20.0,True,4,46,100.00001543383696,0.0
2.0,20.0,True,5,46,100.00002112221843,0.0
2.0,20.0,True,6,46,100.00002858846466,0.0
2.0,20.0,True,7,46,100.00002747720706,0.0
2.0,20.0,True,8,46,100.00002812899879,0.0
2.0,20.0,True,9,46,100.00000708824996,0.0
2.0,20.0,True,10,46,100.00000628351793,0.0
2.0,20.0,True,11,46,100.00000654652254,0.0
2.0,20.0,True,12,46,100.00000425077988,0.0
2.0,20.0,True,13,46,100.0000130268906,0.0
2.0,20.0,True,14,46,100.00001568094261,0.0
2.0,20.0,True,15,46,100.00001568763444,0.0
2.0,20.0,True,16,46,100.00001601829584,0.0
2.0,20.0,True,17,46,100.00001327165745,0.0
2.0,20.0,True,18,46,100.00001222935501,0.0
2.0,20.0,True,19,46,100.0000152591894,0.0
2.0,20.0,True,20,46,100.00001516607718,0.0
2.0,20.0,True,21,46,100.00001216432128,0.0
2.0,20.0,True,22,46,100.00001131027534,0.0
2.0,20.0,True,23,46,100.00001150549204,0.0
2.0,20.0,True,24,46,100.00001186297816,0.0
2.0,20.0,True,25,46,100.00001015143577,0.0
2.0,20.0,True,26,46,100.00001054372608,0.0
2.0,20.0,True,27,46,100.00001488466977,0.0
2.0,20.0,True,28,46,100.00001476085515,0.0
2.0,20.0,True,29,46,100.00001403459915,0.0
2.0,20.0,True,30,46,100.00001310425154,0.0
2.0,20.0,True,31,46,100.00000655187638,0.0
2.0,20.0,True,32,46,100.00000643916184,0.0
2.0,20.0,True,33,46,100.00000320280341,0.0
2.0,20.0,True,34,46,99.99999898868589,0.0
2.0,20.0,True,35,46,99.9999983078774,0.0
2.0,20.0,True,36,46,100.00000152643875,0.0
2.0,20.0,True,37,46,100.0000073680514,0.0
2.0,20.0,True,38,46,100.00000546047042,0.0
2.0,20.0,True,39,46,100.00000714099383,0.0
2.0,20.0,True,40,46,100.0000036556352,0.0
2.0,20.0,True,41,46,100.00000114645978,0.0
2.0,20.0,True,42,46,100.00000109041531,0.0
2.0,20.0,True,43,46,100.00000091717013,0.0
2.0,20.0,True,44,46,99.99999982258853,0.0
2.0,20.0,True,45,46,100.00000113459096,0.0
2.0,20.0,True,46,46,100.00000290668149,0.0
2.0,20.0,True,47,46,100.00000352352649,0.0
2.0,20.0,True,48,46,100.00000348692183,0.0
2.0,20.0,True,49,46,100.00000087354931,0.0
2.0,20.0,True,50,46,100.00000064427141,0.0
2.0,20.0,False,1,42,47.82299041173991,0.15
2.0,20.0,False,2,42,100.00022335571794,0.0
2.0,20.0,False,3,42,100.00003328326616,0.0
2.0,20.0,False,4,42,100.00003335254009,0.0
2.0,20.0,False,5,42,100.00002496453386,0.0
2.0,20.0,False,6,42,100.00003769407579,0.0
2.0,20.0,False,7,42,100.00003757884642,0.0
2.0,20.0,False,8,42,100.00003872513378,0.0
2.0,20.0,False,9,42,100.00003369942041,0.0
2.0,20.0,False,10,42,100.000018235978,0.0
2.0,20.0,False,11,42,100.00001057260252,0.0
2.0,20.0,False,12,42,100.00000295982798,0.0
2.0,20.0,False,13,42,100.00000308579169,0.0
2.0,20.0,False,14,42,100.00000212906846,0.0
2.0,20.0,False,15,42,100.00000182008867,0.0
2.0,20.0,False,16,42,100.00000205351046,0.0
2.0,20.0,False,17,42,100.00000048981411,0.0
2.0,20.0,False,18,42,100.00000246292977,0.0
2.0,20.0,False,19,42,100.00000522290478,0.0
2.0,20.0,False,20,42,100.00000549428106,0.0
2.0,20.0,False,21,42,100.00000224162602,0.0
2.0,20.0,False,22,42,100.00000276291593,0.0
2.0,20.0,False,23,42,100.00000183955888,0.0
2.0,20.0,False,24,42,99.99999721001221,0.0
2.0,20.0,False,25,42,99.99999592986069,0.0
2.0,20.0,False,26,42,99.99999612513787,0.0
2.0,20.0,False,27,42,99.99999767403217,0.0
2.0,20.0,False,28,42,99.99999531069236,0.0
2.0,20.0,False,29,42,99.99999003965429,0.0
2.0,20.0,False,30,42,99.99999164278432,0.0
2.0,20.0,False,31,42,99.99999166509569,0.0
2.0,20.0,False,32,42,99.99999166441671,0.0
2.0,20.0,False,33,42,99.99999013767314,0.0
2.0,20.0,False,34,42,99.99998730033047,0.0
2.0,20.0,False,35,42,99.99999058329533,0.0
2.0,20.0,False,36,42,99.99999007746801,0.0
2.0,20.0,False,37,42,99.99999554650793,0.0
2.0,20.0,False,38,42,99.9999938665973,0.0
2.0,20.0,False,39,42,99.99999546068183,0.0
2.0,20.0,False,40,42,99.99999531006694,0.0
2.0,20.0,False,41,42,99.99999593089505,0.0
2.0,20.0,False,42,42,99.9999957030866,0.0
2.0,20.0,False,43,42,99.99999725275887,0.0
2.0,20.0,False,44,42,99.99999677811846,0.0
2.0,20.0,False,45,42,99.99999701140348,0.0
2.0,20.0,False,46,42,99.99999693647933,0.0
2.0,20.0,False,47,42,99.9999946633935,0.0
2.0,20.0,False,48,42,100.00000074525943,0.0
2.0,20.0,False,49,42,99.99999691619473,0.0
2.0,20.0,False,50,42,99.99999684405839,0.0
2.0,20.0,False,1,43,47.818613488272135,0.15
2.0,20.0,False,2,43,100.0000523038381,0.0
2.0,20.0,False,3,43,100.00001943848682,0.0
2.0,20.0,False,4,43,100.00001976312647,0.0
2.0,20.0,False,5,43,100.00002181153967,0.0
2.0,20.0,False,6,43,100.00001829678794,0.0
2.0,20.0,False,7,43,100.00002596378361,0.0
2.0,20.0,False,8,43,100.0000209750875,0.0
2.0,20.0,False,9,43,100.0000221681452,0.0
2.0,20.0,False,10,43,100.00001389136446,0.0
2.0,20.0,False,11,43,100.0000144686136,0.0
2.0,20.0,False,12,43,100.00001541187048,0.0
2.0,20.0,False,13,43,100.00001300100129,0.0
2.0,20.0,False,14,43,100.00001290137587,0.0
2.0,20.0,False,15,43,100.00001306143186,0.0
2.0,20.0,False,16,43,100.00001453116606,0.0
2.0,20.0,False,17,43,100.00001557516016,0.0
2.0,20.0,False,18,43,100.00000517229111,0.0
2.0,20.0,False,19,43,100.00000624440823,0.0
2.0,20.0,False,20,43,100.00000606849044,0.0
2.0,20.0,False,21,43,99.99999636818904,0.0
2.0,20.0,False,22,43,99.99999661288173,0.0
2.0,20.0,False,23,43,99.99999704167993,0.0
2.0,20.0,False,24,43,99.99999551739613,0.0
2.0,20.0,False,25,43,99.99999106671633,0.0
2.0,20.0,False,26,43,99.99999153335662,0.0
2.0,20.0,False,27,43,99.9999944126194,0.0
2.0,20.0,False,28,43,99.99999187342712,0.0
2.0,20.0,False,29,43,99.9999919888547,0.0
2.0,20.0,False,30,43,99.99999274499032,0.0
2.0,20.0,False,31,43,99.99999500987654,0.0
2.0,20.0,False,32,43,99.99999336524232,0.0
2.0,20.0,False,33,43,100.0000004489805,0.0
2.0,20.0,False,34,43,100.00000035158652,0.0
2.0,20.0,False,35,43,99.99999711985018,0.0
2.0,20.0,False,36,43,99.99999731492127,0.0
2.0,20.0,False,37,43,99.99999926109038,0.0
2.0,20.0,False,38,43,99.99999894875768,0.0
2.0,20.0,False,39,43,99.99999928447792,0.0
2.0,20.0,False,40,43,100.00000046699913,0.0
2.0,20.0,False,41,43,99.99999677952977,0.0
2.0,20.0,False,42,43,99.99999743930434,0.0
2.0,20.0,False,43,43,99.99999834283082,0.0
2.0,20.0,False,44,43,99.99999866162497,0.0
2.0,20.0,False,45,43,99.99999864653816,0.0
2.0,20.0,False,46,43,99.99999871383483,0.0
2.0,20.0,False,47,43,100.00000001516028,0.0
2.0,20.0,False,48,43,99.99999831547007,0.0
2.0,20.0,False,49,43,99.9999966705532,0.0
2.0,20.0,False,50,43,99.99999725085347,0.0
2.0,20.0,False,1,44,47.83625398372445,0.15
2.0,20.0,False,2,44,100.00016456177667,0.0
2.0,20.0,False,3,44,99.99993871087366,0.0
2.0,20.0,False,4,44,99.99994078104116,0.0
2.0,20.0,False,5,44,99.9999526531579,0.0
2.0,20.0,False,6,44,99.999958920308,0.0
2.0,20.0,False,7,44,99.99995800057768,0.0
2.0,20.0,False,8,44,99.99996059413806,0.0
2.0,20.0,False,9,44,99.99996139328792,0.0
2.0,20.0,False,10,44,99.99997160052082,0.0
2.0,20.0,False,11,44,99.99997456216133,0.0
2.0,20.0,False,12,44,99.99998395100397,0.0
2.0,20.0,False,13,44,99.99998607835258,0.0
2.0,20.0,False,14,44,99.99998135589266,0.0
2.0,20.0,False,15,44,99.99998147763228,0.0
2.0,20.0,False,16,44,99.99998230350158,0.0
2.0,20.0,False,17,44,99.99999581465734,0.0
2.0,20.0,False,18,44,100.00000186803216,0.0
2.0,20.0,False,19,44,100.00000179449822,0.0
2.0,20.0,False,20,44,99.99999957567962,0.0
2.0,20.0,False,21,44,100.000000277411,0.0
2.0,20.0,False,22,44,100.0000001029698,0.0
2.0,20.0,False,23,44,99.99999207237852,0.0
2.0,20.0,False,24,44,99.99998974896923,0.0
2.0,20.0,False,25,44,99.99998869907117,0.0
2.0,20.0,False,26,44,99.99998968374027,0.0
2.0,20.0,False,27,44,99.99998875204935,0.0
2.0,20.0,False,28,44,99.99999214216646,0.0
2.0,20.0,False,29,44,99.9999937585472,0.0
2.0,20.0,False,30,44,99.9999935234287,0.0
2.0,20.0,False,31,44,99.99999342871905,0.0
2.0,20.0,False,32,44,99.99999239719472,0.0
2.0,20.0,False,33,44,99.99999622395592,0.0
2.0,20.0,False,34,44,99.99999833788718,0.0
2.0,20.0,False,35,44,99.99999765805393,0.0
2.0,20.0,False,36,44,99.99999655654528,0.0
2.0,20.0,False,37,44,99.99999875860544,0.0
2.0,20.0,False,38,44,99.99999873534415,0.0
2.0,20.0,False,39,44,99.99999894071676,0.0
2.0,20.0,False,40,44,99.99999749260977,0.0
2.0,20.0,False,41,44,100.00000211933904,0.0
2.0,20.0,False,42,44,100.00000361154639,0.0
2.0,20.0,False,43,44,100.00000408458698,0.0
2.0,20.0,False,44,44,100.00000406797419,0.0
2.0,20.0,False,45,44,100.00000407060932,0.0
2.0,20.0,False,46,44,100.00000406186803,0.0
2.0,20.0,False,47,44,100.00000425604291,0.0
2.0,20.0,False,48,44,100.00000237075635,0.0
2.0,20.0,False,49,44,100.00000300330765,0.0
2.0,20.0,False,50,44,100.00000409823372,0.0
2.0,20.0,False,1,45,47.82774693625025,0.15
2.0,20.0,False,2,45,99.99990822647334,0.0
2.0,20.0,False,3,45,100.00000611434915,0.0
2.0,20.0,False,4,45,99.99998934363691,0.0
2.0,20.0,False,5,45,99.99999393221627,0.0
2.0,20.0,False,6,45,99.99999220281741,0.0
2.0,20.0,False,7,45,99.99999226419729,0.0
2.0,20.0,False,8,45,99.99999547540509,0.0
2.0,20.0,False,9,45,99.99999735915873,0.0
2.0,20.0,False,10,45,99.9999874890596,0.0
2.0,20.0,False,11,45,99.99998788362049,0.0
2.0,20.0,False,12,45,99.99997682604123,0.0
2.0,20.0,False,13,45,99.99998038423826,0.0
2.0,20.0,False,14,45,99.99998038397254,0.0
2.0,20.0,False,15,45,99.99997683170587,0.0
2.0,20.0,False,16,45,99.99997972976087,0.0
2.0,20.0,False,17,45,99.99998262710879,0.0
2.0,20.0,False,18,45,99.99998024067088,0.0
2.0,20.0,False,19,45,99.99997809822375,0.0
2.0,20.0,False,20,45,99.9999879650959,0.0
2.0,20.0,False,21,45,99.99998872818858,0.0
2.0,20.0,False,22,45,99.99999162183752,0.0
2.0,20.0,False,23,45,99.99999323080874,0.0
2.0,20.0,False,24,45,99.99998953913871,0.0
2.0,20.0,False,25,45,99.99999303877877,0.0
2.0,20.0,False,26,45,99.99998379209143,0.0
2.0,20.0,False,27,45,99.99998149180922,0.0
2.0,20.0,False,28,45,99.99998149362175,0.0
2.0,20.0,False,29,45,99.99998151637115,0.0
2.0,20.0,False,30,45,99.99998234484676,0.0
2.0,20.0,False,31,45,99.99998740356641,0.0
2.0,20.0,False,32,45,99.99999212360596,0.0
2.0,20.0,False,33,45,99.99999303395956,0.0
2.0,20.0,False,34,45,99.99999770651489,0.0
2.0,20.0,False,35,45,99.99999852961238,0.0
2.0,20.0,False,36,45,99.99999639057452,0.0
2.0,20.0,False,37,45,99.99999627023438,0.0
2.0,20.0,False,38,45,99.99999204214396,0.0
2.0,20.0,False,39,45,99.9999975563523,0.0
2.0,20.0,False,40,45,99.99999812539639,0.0
2.0,20.0,False,41,45,100.00000440572671,0.0
2.0,20.0,False,42,45,100.00000438789516,0.0
2.0,20.0,False,43,45,100.00000660433653,0.0
2.0,20.0,False,44,45,100.0000075091589,0.0
2.0,20.0,False,45,45,100.00000668855209,0.0
2.0,20.0,False,46,45,100.00000406383936,0.0
2.0,20.0,False,47,45,100.0000043023602,0.0
2.0,20.0,False,48,45,100.00000543197697,0.0
2.0,20.0,False,49,45,100.00000896901676,0.0
2.0,20.0,False,50,45,100.00000823466544,0.0
2.0,20.0,False,1,46,47.82460846235446,0.15
2.0,20.0,False,2,46,99.99997548763109,0.0
2.0,20.0,False,3,46,100.00002315813732,0.0
2.0,20.0,False,4,46,100.00000698930285,0.0
2.0,20.0,False,5,46,100.00001139725279,0.0
2.0,20.0,False,6,46,100.00002299601685,0.0
2.0,20.0,False,7,46,100.00002071939042,0.0
2.0,20.0,False,8,46,100.00002188386561,0.0
2.0,20.0,False,9,46,100.000009110984,0.0
2.0,20.0,False,10,46,100.00000912903427,0.0
2.0,20.0,False,11,46,100.0000082669618,0.0
2.0,20.0,False,12,46,100.00000495258257,0.0
2.0,20.0,False,13,46,100.00001492173826,0.0
2.0,20.0,False,14,46,100.0000183683897,0.0
2.0,20.0,False,15,46,100.00001869949176,0.0
2.0,20.0,False,16,46,100.00001916543425,0.0
2.0,20.0,False,17,46,100.00001843181312,0.0
2.0,20.0,False,18,46,100.000017801876,0.0
2.0,20.0,False,19,46,100.00001822751967,0.0
2.0,20.0,False,20,46,100.00001798286024,0.0
2.0,20.0,False,21,46,100.00001372323263,0.0
2.0,20.0,False,22,46,100.00001284624507,0.0
2.0,20.0,False,23,46,100.00001414724463,0.0
2.0,20.0,False,24,46,100.00001484069672,0.0
2.0,20.0,False,25,46,100.00001418013719,0.0
2.0,20.0,False,26,46,100.00001347078941,0.0
2.0,20.0,False,27,46,100.00001738406014,0.0
2.0,20.0,False,28,46,100.00001762138015,0.0
2.0,20.0,False,29,46,100.00001630165988,0.0
2.0,20.0,False,30,46,100.00001692319907,0.0
2.0,20.0,False,31,46,100.00001404573268,0.0
2.0,20.0,False,32,46,100.00001303597605,0.0
2.0,20.0,False,33,46,100.00000646034965,0.0
2.0,20.0,False,34,46,100.00000044930317,0.0
2.0,20.0,False,35,46,99.99999989941543,0.0
2.0,20.0,False,36,46,100.00000205865959,0.0
2.0,20.0,False,37,46,100.00000786938242,0.0
2.0,20.0,False,38,46,100.00000880285921,0.0
2.0,20.0,False,39,46,100.00000865040187,0.0
2.0,20.0,False,40,46,100.00000508099785,0.0
2.0,20.0,False,41,46,100.0000073187102,0.0
2.0,20.0,False,42,46,100.00000638843275,0.0
2.0,20.0,False,43,46,100.00000632527701,0.0
2.0,20.0,False,44,46,100.00000481159367,0.0
2.0,20.0,False,45,46,100.00000591433546,0.0
2.0,20.0,False,46,46,100.0000063755804,0.0
2.0,20.0,False,47,46,100.0000049702674,0.0
2.0,20.0,False,48,46,100.00000489716842,0.0
2.0,20.0,False,49,46,100.00000155479614,0.0
2.0,20.0,False,50,46,100.00000093464892,0.0
5.0,5.0,True,1,42,100.1218116326566,0.0
5.0,5.0,True,2,42,100.0000224666137,0.0
5.0,5.0,True,3,42,100.00001948867039,0.0
5.0,5.0,True,4,42,100.00001983873062,0.0
5.0,5.0,True,5,42,100.00001866215186,0.0
5.0,5.0,True,6,42,100.00002054568998,0.0
5.0,5.0,True,7,42,100.0000243549207,0.0
5.0,5.0,True,8,42,100.00002358567966,0.0
5.0,5.0,True,9,42,100.00002406154945,0.0
5.0,5.0,True,10,42,100.00001902549249,0.0
5.0,5.0,True,11,42,100.00001984324166,0.0
5.0,5.0,True,12,42,100.00001053362995,0.0
5.0,5.0,True,13,42,100.00000780699503,0.0
5.0,5.0,True,14,42,100.00000725829597,0.0
5.0,5.0,True,15,42,100.00000727776913,0.0
5.0,5.0,True,16,42,100.00000821586616,0.0
5.0,5.0,True,17,42,100.00000735171065,0.0
5.0,5.0,True,18,42,100.00000831128183,0.0
5.0,5.0,True,19,42,100.00000794593359,0.0
5.0,5.0,True,20,42,100.00000784194751,0.0
5.0,5.0,True,21,42,100.00000662449284,0.0
5.0,5.0,True,22,42,100.0000067699782,0.0
5.0,5.0,True,23,42,100.00000679693756,0.0
5.0,5.0,True,24,42,100.00000449131758,0.0
5.0,5.0,True,25,42,100.00000398789395,0.0
5.0,5.0,True,26,42,100.00000357109087,0.0
5.0,5.0,True,27,42,100.00000237686669,0.0
5.0,5.0,True,28,42,100.00000202708918,0.0
5.0,5.0,True,29,42,100.00000146409977,0.0
5.0,5.0,True,30,42,99.99999946256446,0.0
5.0,5.0,True,31,42,99.99999967553819,0.0
5.0,5.0,True,32,42,99.99999945538951,0.0
5.0,5.0,True,33,42,99.9999986273715,0.0
5.0,5.0,True,34,42,99.99999825549703,0.0
5.0,5.0,True,35,42,99.99999895485723,0.0
5.0,5.0,True,36,42,99.99999862195439,0.0
5.0,5.0,True,37,42,99.99999828749874,0.0
5.0,5.0,True,38,42,100.00000229157266,0.0
5.0,5.0,True,39,42,100.00000044625352,0.0
5.0,5.0,True,40,42,99.9999992572682,0.0
5.0,5.0,True,41,42,99.99999899210061,0.0
5.0,5.0,True,42,42,99.99999894383146,0.0
5.0,5.0,True,43,42,100.00000011177028,0.0
5.0,5.0,True,44,42,100.00000016684587,0.0
5.0,5.0,True,45,42,100.00000005203157,0.0
5.0,5.0,True,46,42,100.0000000213333,0.0
5.0,5.0,True,47,42,100.00000040331923,0.0
5.0,5.0,True,48,42,100.00000173488328,0.0
5.0,5.0,True,49,42,99.9999985154032,0.0
5.0,5.0,True,50,42,99.99999852700047,0.0
5.0,5.0,True,1,43,100.12202939100315,0.0
5.0,5.0,True,2,43,99.99999498166231,0.0
5.0,5.0,True,3,43,100.00001785613476,0.0
5.0,5.0,True,4,43,100.0000183879869,0.0
5.0,5.0,True,5,43,100.00002321341688,0.0
5.0,5.0,True,6,43,100.0000199386564,0.0
5.0,5.0,True,7,43,100.00002157525586,0.0
5.0,5.0,True,8,43,100.0000210657184,0.0
5.0,5.0,True,9,43,100.00001289531755,0.0
5.0,5.0,True,10,43,100.00001461101387,0.0
5.0,5.0,True,11,43,100.0000164157828,0.0
5.0,5.0,True,12,43,100.00001557874808,0.0
5.0,5.0,True,13,43,100.00001358468671,0.0
5.0,5.0,True,14,43,100.00001403691807,0.0
5.0,5.0,True,15,43,100.0000139315452,0.0
5.0,5.0,True,16,43,100.00001483092223,0.0
5.0,5.0,True,17,43,100.00001494202553,0.0
5.0,5.0,True,18,43,100.00001141831757,0.0
5.0,5.0,True,19,43,100.00001255429612,0.0
5.0,5.0,True,20,43,100.00001121618268,0.0
5.0,5.0,True,21,43,100.0000094041085,0.0
5.0,5.0,True,22,43,100.00000861631494,0.0
5.0,5.0,True,23,43,100.00000921495574,0.0
5.0,5.0,True,24,43,100.00000749408476,0.0
5.0,5.0,True,25,43,100.00000746296823,0.0
5.0,5.0,True,26,43,100.00000451213089,0.0
5.0,5.0,True,27,43,100.00000275310006,0.0
5.0,5.0,True,28,43,100.00000317102449,0.0
5.0,5.0,True,29,43,100.00000331451916,0.0
5.0,5.0,True,30,43,100.00000242133453,0.0
5.0,5.0,True,31,43,100.00000341502474,0.0
5.0,5.0,True,32,43,100.00000264663026,0.0
5.0,5.0,True,33,43,100.00000301927767,0.0
5.0,5.0,True,34,43,99.99999951559067,0.0
5.0,5.0,True,35,43,100.00000258533717,0.0
5.0,5.0,True,36,43,100.00000164345812,0.0
5.0,5.0,True,37,43,100.00000358469427,0.0
5.0,5.0,True,38,43,100.00000361575101,0.0
5.0,5.0,True,39,43,100.00000365051628,0.0
5.0,5.0,True,40,43,100.00000290060734,0.0
5.0,5.0,True,41,43,100.00000264325304,0.0
5.0,5.0,True,42,43,100.00000039177124,0.0
5.0,5.0,True,43,43,99.99999985437677,0.0
5.0,5.0,True,44,43,99.9999999829484,0.0
5.0,5.0,True,45,43,100.00000012055956,0.0
5.0,5.0,True,46,43,99.99999869316764,0.0
5.0,5.0,True,47,43,99.99999886232968,0.0
5.0,5.0,True,48,43,99.99999844995726,0.0
5.0,5.0,True,49,43,99.99999894417775,0.0
5.0,5.0,True,50,43,99.99999879113983,0.0
5.0,5.0,True,1,44,100.12214878337636,0.0
5.0,5.0,True,2,44,100.00001115006054,0.0
5.0,5.0,True,3,44,99.9999706137439,0.0
5.0,5.0,True,4,44,99.9999709374889,0.0
5.0,5.0,True,5,44,99.99998540769462,0.0
5.0,5.0,True,6,44,99.99998939197407,0.0
5.0,5.0,True,7,44,99.99998943384949,0.0
5.0,5.0,True,8,44,99.99998914169473,0.0
5.0,5.0,True,9,44,99.99998513811207,0.0
5.0,5.0,True,10,44,99.99998526396419,0.0
5.0,5.0,True,11,44,99.99998529312428,0.0
5.0,5.0,True,12,44,99.99999440107412,0.0
5.0,5.0,True,13,44,99.99999330637607,0.0
5.0,5.0,True,14,44,99.99999329978743,0.0
5.0,5.0,True,15,44,99.99999262097128,0.0
5.0,5.0,True,16,44,99.99999305636098,0.0
5.0,5.0,True,17,44,100.00000002865806,0.0
5.0,5.0,True,18,44,100.00000145416968,0.0
5.0,5.0,True,19,44,100.00000071912014,0.0
5.0,5.0,True,20,44,100.00000001910334,0.0
5.0,5.0,True,21,44,100.00000051212126,0.0
5.0,5.0,True,22,44,100.0000007084724,0.0
5.0,5.0,True,23,44,99.99999772882164,0.0
5.0,5.0,True,24,44,99.99999378086322,0.0
5.0,5.0,True,25,44,99.99999421251897,0.0
5.0,5.0,True,26,44,99.99999471936212,0.0
5.0,5.0,True,27,44,99.99999493550521,0.0
5.0,5.0,True,28,44,99.99999362034676,0.0
5.0,5.0,True,29,44,99.99999380634236,0.0
5.0,5.0,True,30,44,99.99999483910665,0.0
5.0,5.0,True,31,44,99.99999488622608,0.0
5.0,5.0,True,32,44,99.99999538957783,0.0
5.0,5.0,True,33,44,99.99999706451516,0.0
5.0,5.0,True,34,44,99.99999742100718,0.0
5.0,5.0,True,35,44,99.99999746313424,0.0
5.0,5.0,True,36,44,99.9999976060281,0.0
5.0,5.0,True,37,44,99.99999768124802,0.0
5.0,5.0,True,38,44,99.99999777566427,0.0
5.0,5.0,True,39,44,99.999998051884,0.0
5.0,5.0,True,40,44,99.99999742788168,0.0
5.0,5.0,True,41,44,99.99999960619391,0.0
5.0,5.0,True,42,44,99.99999984684996,0.0
5.0,5.0,True,43,44,100.00000045685144,0.0
5.0,5.0,True,44,44,100.00000068595787,0.0
5.0,5.0,True,45,44,100.00000063604861,0.0
5.0,5.0,True,46,44,100.00000151705314,0.0
5.0,5.0,True,47,44,100.00000144957258,0.0
5.0,5.0,True,48,44,100.00000095563405,0.0
5.0,5.0,True,49,44,100.00000105263896,0.0
5.0,5.0,True,50,44,100.0000010228822,0.0
5.0,5.0,True,1,45,100.12167872241272,0.0
5.0,5.0,True,2,45,99.99998302874127,0.0
5.0,5.0,True,3,45,100.00000799593215,0.0
5.0,5.0,True,4,45,99.99999769667927,0.0
5.0,5.0,True,5,45,99.99999795490051,0.0
5.0,5.0,True,6,45,99.99999896027239,0.0
5.0,5.0,True,7,45,99.99999898509495,0.0
5.0,5.0,True,8,45,99.99999943259802,0.0
5.0,5.0,True,9,45,100.00000143084569,0.0
5.0,5.0,True,10,45,99.99999834311974,0.0
5.0,5.0,True,11,45,99.99999954176175,0.0
5.0,5.0,True,12,45,99.99999432572596,0.0
5.0,5.0,True,13,45,99.99999500832232,0.0
5.0,5.0,True,14,45,99.99999494945081,0.0
5.0,5.0,True,15,45,99.999994761214,0.0
5.0,5.0,True,16,45,99.99999396577914,0.0
5.0,5.0,True,17,45,99.99999265053376,0.0
5.0,5.0,True,18,45,99.99999199322458,0.0
5.0,5.0,True,19,45,99.99999151230824,0.0
5.0,5.0,True,20,45,99.99999139069114,0.0
5.0,5.0,True,21,45,99.99999068427402,0.0
5.0,5.0,True,22,45,99.9999927949074,0.0
5.0,5.0,True,23,45,99.99999609008364,0.0
5.0,5.0,True,24,45,99.99999481814507,0.0
5.0,5.0,True,25,45,99.99999632716575,0.0
5.0,5.0,True,26,45,99.99999338876599,0.0
5.0,5.0,True,27,45,99.99999245207889,0.0
5.0,5.0,True,28,45,99.99999249680624,0.0
5.0,5.0,True,29,45,99.99999222405782,0.0
5.0,5.0,True,30,45,99.9999923178761,0.0
5.0,5.0,True,31,45,99.99999415203709,0.0
5.0,5.0,True,32,45,99.99999435947342,0.0
5.0,5.0,True,33,45,99.9999933908299,0.0
5.0,5.0,True,34,45,99.99999496436754,0.0
5.0,5.0,True,35,45,99.99999334188033,0.0
5.0,5.0,True,36,45,99.99999191851077,0.0
5.0,5.0,True,37,45,99.99999141955064,0.0
5.0,5.0,True,38,45,99.99999067417934,0.0
5.0,5.0,True,39,45,99.99999324637199,0.0
5.0,5.0,True,40,45,99.99999369723268,0.0
5.0,5.0,True,41,45,100.00000032174849,0.0
5.0,5.0,True,42,45,100.00000037037982,0.0
5.0,5.0,True,43,45,100.00000112686578,0.0
5.0,5.0,True,44,45,100.00000007278342,0.0
5.0,5.0,True,45,45,99.9999996694916,0.0
5.0,5.0,True,46,45,99.99999901622004,0.0
5.0,5.0,True,47,45,99.9999992759981,0.0
5.0,5.0,True,48,45,100.00000034411289,0.0
5.0,5.0,True,49,45,100.00000166901947,0.0
5.0,5.0,True,50,45,100.00000215151519,0.0
5.0,5.0,True,1,46,100.12192168809247,0.0
5.0,5.0,True,2,46,99.99998554509042,0.0
5.0,5.0,True,3,46,100.00000447467121,0.0
5.0,5.0,True,4,46,99.99999982170496,0.0
5.0,5.0,True,5,46,100.00000732640547,0.0
5.0,5.0,True,6,46,100.00002820227954,0.0
5.0,5.0,True,7,46,100.00003256700175,0.0
5.0,5.0,True,8,46,100.00003238365622,0.0
5.0,5.0,True,9,46,100.00002615627658,0.0
5.0,5.0,True,10,46,100.00002393467713,0.0
5.0,5.0,True,11,46,100.00002180837487,0.0
5.0,5.0,True,12,46,100.00001642363716,0.0
5.0,5.0,True,13,46,100.00001205214525,0.0
5.0,5.0,True,14,46,100.00001056427456,0.0
5.0,5.0,True,15,46,100.00000832214981,0.0
5.0,5.0,True,16,46,100.00000831888704,0.0
5.0,5.0,True,17,46,100.00000578960913,0.0
5.0,5.0,True,18,46,100.00000605453073,0.0
5.0,5.0,True,19,46,100.00000755196228,0.0
5.0,5.0,True,20,46,100.00000751136571,0.0
5.0,5.0,True,21,46,100.0000070490322,0.0
5.0,5.0,True,22,46,100.0000057396737,0.0
5.0,5.0,True,23,46,100.00000579011459,0.0
5.0,5.0,True,24,46,100.0000059571032,0.0
5.0,5.0,True,25,46,100.00000559373986,0.0
5.0,5.0,True,26,46,100.00000535978234,0.0
5.0,5.0,True,27,46,100.00000819001446,0.0
5.0,5.0,True,28,46,100.00000818260537,0.0
5.0,5.0,True,29,46,100.00000798756528,0.0
5.0,5.0,True,30,46,100.00000761055873,0.0
5.0,5.0,True,31,46,100.00000695192128,0.0
5.0,5.0,True,32,46,100.00000738908187,0.0
5.0,5.0,True,33,46,100.00000375749337,0.0
5.0,5.0,True,34,46,100.0000008995392,0.0
5.0,5.0,True,35,46,100.00000025467554,0.0
5.0,5.0,True,36,46,100.00000106275591,0.0
5.0,5.0,True,37,46,100.00000188049066,0.0
5.0,5.0,True,38,46,100.00000353491755,0.0
5.0,5.0,True,39,46,100.00000485922081,0.0
5.0,5.0,True,40,46,100.00000340819764,0.0
5.0,5.0,True,41,46,100.00000246776764,0.0
5.0,5.0,True,42,46,100.00000232787289,0.0
5.0,5.0,True,43,46,100.00000168632255,0.0
5.0,5.0,True,44,46,100.00000136951135,0.0
5.0,5.0,True,45,46,100.00000171629519,0.0
5.0,5.0,True,46,46,100.00000241547949,0.0
5.0,5.0,True,47,46,100.00000279124144,0.0
5.0,5.0,True,48,46,100.00000285915159,0.0
5.0,5.0,True,49,46,100.00000190900565,0.0
5.0,5.0,True,50,46,100.00000192402862,0.0
5.0,5.0,False,1,42,99.9997090386803,0.0
5.0,5.0,False,2,42,100.00002189695627,0.0
5.0,5.0,False,3,42,100.00001931817475,0.0
5.0,5.0,False,4,42,100.00001959993592,0.0
5.0,5.0,False,5,42,100.00001829273326,0.0
5.0,5.0,False,6,42,100.00002221359276,0.0
5.0,5.0,False,7,42,100.00002315507513,0.0
5.0,5.0,False,8,42,100.00002351776365,0.0
5.0,5.0,False,9,42,100.00002476702524,0.0
5.0,5.0,False,10,42,100.00002021288012,0.0
5.0,5.0,False,11,42,100.00002100225123,0.0
5.0,5.0,False,12,42,100.00000834088121,0.0
5.0,5.0,False,13,42,100.00000832963343,0.0
5.0,5.0,False,14,42,100.00000792309797,0.0
5.0,5.0,False,15,42,100.00000792740062,0.0
5.0,5.0,False,16,42,100.00000860864013,0.0
5.0,5.0,False,17,42,100.0000075258902,0.0
5.0,5.0,False,18,42,100.00000828672103,0.0
5.0,5.0,False,19,42,100.00000744556652,0.0
5.0,5.0,False,20,42,100.00000718633217,0.0
5.0,5.0,False,21,42,100.00000563393036,0.0
5.0,5.0,False,22,42,100.00000579293294,0.0
5.0,5.0,False,23,42,100.00000582212957,0.0
5.0,5.0,False,24,42,100.00000368756214,0.0
5.0,5.0,False,25,42,100.0000007119725,0.0
5.0,5.0,False,26,42,100.00000062800797,0.0
5.0,5.0,False,27,42,99.99999831948807,0.0
5.0,5.0,False,28,42,99.99999962564216,0.0
5.0,5.0,False,29,42,99.9999973184024,0.0
5.0,5.0,False,30,42,99.9999979675714,0.0
5.0,5.0,False,31,42,99.99999797162829,0.0
5.0,5.0,False,32,42,99.99999783005823,0.0
5.0,5.0,False,33,42,99.99999756537122,0.0
5.0,5.0,False,34,42,99.99999634440607,0.0
5.0,5.0,False,35,42,99.99999729922672,0.0
5.0,5.0,False,36,42,99.9999970046805,0.0
5.0,5.0,False,37,42,99.99999692248058,0.0
5.0,5.0,False,38,42,99.99999944632444,0.0
5.0,5.0,False,39,42,99.99999916723591,0.0
5.0,5.0,False,40,42,99.99999772863876,0.0
5.0,5.0,False,41,42,99.99999765859083,0.0
5.0,5.0,False,42,42,99.99999762299936,0.0
5.0,5.0,False,43,42,99.99999876968937,0.0
5.0,5.0,False,44,42,99.99999934878801,0.0
5.0,5.0,False,45,42,99.99999935952333,0.0
5.0,5.0,False,46,42,99.999999288189,0.0
5.0,5.0,False,47,42,99.99999809228208,0.0
5.0,5.0,False,48,42,99.99999989416426,0.0
5.0,5.0,False,49,42,99.99999958342113,0.0
5.0,5.0,False,50,42,99.99999952832736,0.0
5.0,5.0,False,1,43,99.99968774838976,0.0
5.0,5.0,False,2,43,99.99999449409255,0.0
5.0,5.0,False,3,43,100.00001836587545,0.0
5.0,5.0,False,4,43,100.00001889925079,0.0
5.0,5.0,False,5,43,100.00002325152715,0.0
5.0,5.0,False,6,43,100.0000203918685,0.0
5.0,5.0,False,7,43,100.00002272890157,0.0
5.0,5.0,False,8,43,100.00002008968683,0.0
5.0,5.0,False,9,43,100.00001908803404,0.0
5.0,5.0,False,10,43,100.00001494993604,0.0
5.0,5.0,False,11,43,100.00001596112659,0.0
5.0,5.0,False,12,43,100.00001719328148,0.0
5.0,5.0,False,13,43,100.00001475246,0.0
5.0,5.0,False,14,43,100.000015165516,0.0
5.0,5.0,False,15,43,100.00001506721956,0.0
5.0,5.0,False,16,43,100.00001657180984,0.0
5.0,5.0,False,17,43,100.0000154657317,0.0
5.0,5.0,False,18,43,100.00001126984654,0.0
5.0,5.0,False,19,43,100.00001263825185,0.0
5.0,5.0,False,20,43,100.0000120086678,0.0
5.0,5.0,False,21,43,100.00000874229579,0.0
5.0,5.0,False,22,43,100.00000858579881,0.0
5.0,5.0,False,23,43,100.00000883405556,0.0
5.0,5.0,False,24,43,100.00000829252483,0.0
5.0,5.0,False,25,43,100.00000798284366,0.0
5.0,5.0,False,26,43,100.00000542506797,0.0
5.0,5.0,False,27,43,100.0000031694356,0.0
5.0,5.0,False,28,43,100.00000386930816,0.0
5.0,5.0,False,29,43,100.00000392651641,0.0
5.0,5.0,False,30,43,100.00000312637556,0.0
5.0,5.0,False,31,43,100.000003799979,0.0
5.0,5.0,False,32,43,100.00000295750218,0.0
5.0,5.0,False,33,43,100.0000029286123,0.0
5.0,5.0,False,34,43,100.00000196711895,0.0
5.0,5.0,False,35,43,100.00000344920461,0.0
5.0,5.0,False,36,43,100.00000143481125,0.0
5.0,5.0,False,37,43,100.0000034934072,0.0
5.0,5.0,False,38,43,100.00000346600453,0.0
5.0,5.0,False,39,43,100.0000035438533,0.0
5.0,5.0,False,40,43,100.00000297493065,0.0
5.0,5.0,False,41,43,100.00000311461,0.0
5.0,5.0,False,42,43,100.00000137485011,0.0
5.0,5.0,False,43,43,100.00000007875376,0.0
5.0,5.0,False,44,43,100.00000017196072,0.0
5.0,5.0,False,45,43,100.00000019296516,0.0
5.0,5.0,False,46,43,99.99999998190003,0.0
5.0,5.0,False,47,43,99.99999831748003,0.0
5.0,5.0,False,48,43,99.99999860807465,0.0
5.0,5.0,False,49,43,99.99999914929825,0.0
5.0,5.0,False,50,43,99.99999915502401,0.0
5.0,5.0,False,1,44,99.9997026591549,0.0
5.0,5.0,False,2,44,100.00001244082937,0.0
5.0,5.0,False,3,44,99.99997050477364,0.0
5.0,5.0,False,4,44,99.99997063444658,0.0
5.0,5.0,False,5,44,99.99998316613356,0.0
5.0,5.0,False,6,44,99.99998722568219,0.0
5.0,5.0,False,7,44,99.99998718336514,0.0
5.0,5.0,False,8,44,99.9999875423753,0.0
5.0,5.0,False,9,44,99.999986437284,0.0
5.0,5.0,False,10,44,99.99998744299128,0.0
5.0,5.0,False,11,44,99.9999882491869,0.0
5.0,5.0,False,12,44,99.99999184798119,0.0
5.0,5.0,False,13,44,99.9999943635531,0.0
5.0,5.0,False,14,44,99.9999934056826,0.0
5.0,5.0,False,15,44,99.99999442634012,0.0
5.0,5.0,False,16,44,99.99999466665886,0.0
5.0,5.0,False,17,44,100.00000256203074,0.0
5.0,5.0,False,18,44,100.00000379333795,0.0
5.0,5.0,False,19,44,100.00000297005484,0.0
5.0,5.0,False,20,44,100.00000153158904,0.0
5.0,5.0,False,21,44,100.00000221535736,0.0
5.0,5.0,False,22,44,100.00000237399675,0.0
5.0,5.0,False,23,44,99.99999972767675,0.0
5.0,5.0,False,24,44,99.99999508290811,0.0
5.0,5.0,False,25,44,99.99999393904415,0.0
5.0,5.0,False,26,44,99.99999428295817,0.0
5.0,5.0,False,27,44,99.99999356967645,0.0
5.0,5.0,False,28,44,99.99999426936205,0.0
5.0,5.0,False,29,44,99.99999603919156,0.0
5.0,5.0,False,30,44,99.99999632150917,0.0
5.0,5.0,False,31,44,99.99999631097052,0.0
5.0,5.0,False,32,44,99.99999588457246,0.0
5.0,5.0,False,33,44,99.9999973912224,0.0
5.0,5.0,False,34,44,99.99999800093195,0.0
5.0,5.0,False,35,44,99.99999879739286,0.0
5.0,5.0,False,36,44,99.99999873844368,0.0
5.0,5.0,False,37,44,99.99999860452237,0.0
5.0,5.0,False,38,44,99.99999855963819,0.0
5.0,5.0,False,39,44,99.99999859998518,0.0
5.0,5.0,False,40,44,99.99999780967886,0.0
5.0,5.0,False,41,44,100.00000076068469,0.0
5.0,5.0,False,42,44,100.0000012467709,0.0
5.0,5.0,False,43,44,100.00000153606067,0.0
5.0,5.0,False,44,44,100.00000156935155,0.0
5.0,5.0,False,45,44,100.00000159382029,0.0
5.0,5.0,False,46,44,100.00000224964572,0.0
5.0,5.0,False,47,44,100.00000204019392,0.0
5.0,5.0,False,48,44,100.00000147620919,0.0
5.0,5.0,False,49,44,100.00000145923156,0.0
5.0,5.0,False,50,44,100.00000112767037,0.0
5.0,5.0,False,1,45,99.99967034058037,0.0
5.0,5.0,False,2,45,99.99998232064107,0.0
5.0,5.0,False,3,45,100.00000707618563,0.0
5.0,5.0,False,4,45,99.99999630028229,0.0
5.0,5.0,False,5,45,99.9999970732747,0.0
5.0,5.0,False,6,45,99.99999788924636,0.0
5.0,5.0,False,7,45,99.99999794841261,0.0
5.0,5.0,False,8,45,99.99999767022307,0.0
5.0,5.0,False,9,45,100.00000060094241,0.0
5.0,5.0,False,10,45,99.9999971170021,0.0
5.0,5.0,False,11,45,99.9999986003067,0.0
5.0,5.0,False,12,45,99.99999236951263,0.0
5.0,5.0,False,13,45,99.99999287933522,0.0
5.0,5.0,False,14,45,99.99999268465375,0.0
5.0,5.0,False,15,45,99.99999230577328,0.0
5.0,5.0,False,16,45,99.99999281523546,0.0
5.0,5.0,False,17,45,99.99999369241343,0.0
5.0,5.0,False,18,45,99.9999930155007,0.0
5.0,5.0,False,19,45,99.9999915822325,0.0
5.0,5.0,False,20,45,99.9999898561384,0.0
5.0,5.0,False,21,45,99.9999897750304,0.0
5.0,5.0,False,22,45,99.99999170181744,0.0
5.0,5.0,False,23,45,99.99999550343894,0.0
5.0,5.0,False,24,45,99.99999382454968,0.0
5.0,5.0,False,25,45,99.99999429354446,0.0
5.0,5.0,False,26,45,99.9999905197851,0.0
5.0,5.0,False,27,45,99.99999057129082,0.0
5.0,5.0,False,28,45,99.99999046260264,0.0
5.0,5.0,False,29,45,99.9999903000776,0.0
5.0,5.0,False,30,45,99.99999051771783,0.0
5.0,5.0,False,31,45,99.99999442658091,0.0
5.0,5.0,False,32,45,99.99999285943117,0.0
5.0,5.0,False,33,45,99.99999237383571,0.0
5.0,5.0,False,34,45,99.99999402305671,0.0
5.0,5.0,False,35,45,99.99999425720345,0.0
5.0,5.0,False,36,45,99.99999275559296,0.0
5.0,5.0,False,37,45,99.99999257087165,0.0
5.0,5.0,False,38,45,99.99999164816799,0.0
5.0,5.0,False,39,45,99.99999409768334,0.0
5.0,5.0,False,40,45,99.99999373059293,0.0
5.0,5.0,False,41,45,99.99999588529684,0.0
5.0,5.0,False,42,45,99.99999830327445,0.0
5.0,5.0,False,43,45,100.00000062344893,0.0
5.0,5.0,False,44,45,100.00000007621085,0.0
5.0,5.0,False,45,45,100.00000029195846,0.0
5.0,5.0,False,46,45,99.99999931069337,0.0
5.0,5.0,False,47,45,99.99999978623529,0.0
5.0,5.0,False,48,45,100.00000018219487,0.0
5.0,5.0,False,49,45,100.00000204199803,0.0
5.0,5.0,False,50,45,100.00000194780117,0.0
5.0,5.0,False,1,46,99.99967256155136,0.0
5.0,5.0,False,2,46,99.99998221536862,0.0
5.0,5.0,False,3,46,100.00000022645963,0.0
5.0,5.0,False,4,46,99.99999784202436,0.0
5.0,5.0,False,5,46,100.00000120158418,0.0
5.0,5.0,False,6,46,100.00001063490686,0.0
5.0,5.0,False,7,46,100.00001201303412,0.0
5.0,5.0,False,8,46,100.00002785264554,0.0
5.0,5.0,False,9,46,100.00002225977677,0.0
5.0,5.0,False,10,46,100.0000220748209,0.0
5.0,5.0,False,11,46,100.00001581429123,0.0
5.0,5.0,False,12,46,100.00001059934704,0.0
5.0,5.0,False,13,46,100.00000839253792,0.0
5.0,5.0,False,14,46,100.00000745496811,0.0
5.0,5.0,False,15,46,100.00000605893067,0.0
5.0,5.0,False,16,46,100.00000606402601,0.0
5.0,5.0,False,17,46,100.00000560669551,0.0
5.0,5.0,False,18,46,100.00000541942669,0.0
5.0,5.0,False,19,46,100.0000065962368,0.0
5.0,5.0,False,20,46,100.00000658826796,0.0
5.0,5.0,False,21,46,100.00000499244598,0.0
5.0,5.0,False,22,46,100.00000422460941,0.0
5.0,5.0,False,23,46,100.00000432613146,0.0
5.0,5.0,False,24,46,100.00000519670013,0.0
5.0,5.0,False,25,46,100.00000540769094,0.0
5.0,5.0,False,26,46,100.00000553319592,0.0
5.0,5.0,False,27,46,100.00000711174854,0.0
5.0,5.0,False,28,46,100.00000717202488,0.0
5.0,5.0,False,29,46,100.0000067392557,0.0
5.0,5.0,False,30,46,100.00000687835254,0.0
5.0,5.0,False,31,46,100.00000629000479,0.0
5.0,5.0,False,32,46,100.00000823510412,0.0
5.0,5.0,False,33,46,100.00000539004938,0.0
5.0,5.0,False,34,46,100.0000024944145,0.0
5.0,5.0,False,35,46,100.00000036063572,0.0
5.0,5.0,False,36,46,100.00000105494676,0.0
5.0,5.0,False,37,46,100.00000099623836,0.0
5.0,5.0,False,38,46,100.000003279602,0.0
5.0,5.0,False,39,46,100.00000339004906,0.0
5.0,5.0,False,40,46,100.00000131125555,0.0
5.0,5.0,False,41,46,100.00000248384927,0.0
5.0,5.0,False,42,46,100.00000194856099,0.0
5.0,5.0,False,43,46,100.0000028592973,0.0
5.0,5.0,False,44,46,100.00000207175998,0.0
5.0,5.0,False,45,46,100.00000186745339,0.0
5.0,5.0,False,46,46,100.0000043896804,0.0
5.0,5.0,False,47,46,100.00000395466941,0.0
5.0,5.0,False,48,46,100.00000404358067,0.0
5.0,5.0,False,49,46,100.00000269644426,0.0
5.0,5.0,False,50,46,100.0000026261109,0.0
5.0,10.0,True,1,42,100.45324720958644,0.0
5.0,10.0,True,2,42,100.00002244613799,0.0
5.0,10.0,True,3,42,100.00001948281894,0.0
5.0,10.0,True,4,42,100.0000198335189,0.0
5.0,10.0,True,5,42,100.00001865738025,0.0
5.0,10.0,True,6,42,100.00002054593534,0.0
5.0,10.0,True,7,42,100.00002435108655,0.0
5.0,10.0,True,8,42,100.00002358157586,0.0
5.0,10.0,True,9,42,100.00002405796661,0.0
5.0,10.0,True,10,42,100.00001901552822,0.0
5.0,10.0,True,11,42,100.0000198409644,0.0
5.0,10.0,True,12,42,100.00001053587152,0.0
5.0,10.0,True,13,42,100.00000780706256,0.0
5.0,10.0,True,14,42,100.00000725825815,0.0
5.0,10.0,True,15,42,100.00000727755929,0.0
5.0,10.0,True,16,42,100.00000821702437,0.0
5.0,10.0,True,17,42,100.00000735190282,0.0
5.0,10.0,True,18,42,100.00000829906057,0.0
5.0,10.0,True,19,42,100.00000794716692,0.0
5.0,10.0,True,20,42,100.00000784363482,0.0
5.0,10.0,True,21,42,100.00000662490017,0.0
5.0,10.0,True,22,42,100.00000677048956,0.0
5.0,10.0,True,23,42,100.00000679745631,0.0
5.0,10.0,True,24,42,100.00000449127657,0.0
5.0,10.0,True,25,42,100.0000039880708,0.0
5.0,10.0,True,26,42,100.0000035717223,0.0
5.0,10.0,True,27,42,100.00000237545632,0.0
5.0,10.0,True,28,42,100.00000202753523,0.0
5.0,10.0,True,29,42,100.00000146432876,0.0
5.0,10.0,True,30,42,99.99999946302236,0.0
5.0,10.0,True,31,42,99.9999996758836,0.0
5.0,10.0,True,32,42,99.99999945611222,0.0
5.0,10.0,True,33,42,99.99999862665342,0.0
5.0,10.0,True,34,42,99.99999825485821,0.0
5.0,10.0,True,35,42,99.99999895446935,0.0
5.0,10.0,True,36,42,99.99999862153197,0.0
5.0,10.0,True,37,42,99.99999828715187,0.0
5.0,10.0,True,38,42,100.00000229234696,0.0
5.0,10.0,True,39,42,100.00000044600552,0.0
5.0,10.0,True,40,42,99.99999925745306,0.0
5.0,10.0,True,41,42,99.99999899258015,0.0
5.0,10.0,True,42,42,99.99999894427573,0.0
5.0,10.0,True,43,42,100.00000011178987,0.0
5.0,10.0,True,44,42,100.00000016696845,0.0
5.0,10.0,True,45,42,100.0000000521469,0.0
5.0,10.0,True,46,42,100.00000002161482,0.0
5.0,10.0,True,47,42,100.000000404393,0.0
5.0,10.0,True,48,42,100.0000017356051,0.0
5.0,10.0,True,49,42,99.99999851598393,0.0
5.0,10.0,True,50,42,99.9999985275519,0.0
5.0,10.0,True,1,43,100.45373341539536,0.0
5.0,10.0,True,2,43,99.99999497502039,0.0
5.0,10.0,True,3,43,100.00001785569788,0.0
5.0,10.0,True,4,43,100.00001838829024,0.0
5.0,10.0,True,5,43,100.00002321366802,0.0
5.0,10.0,True,6,43,100.00001993811122,0.0
5.0,10.0,True,7,43,100.0000215742504,0.0
5.0,10.0,True,8,43,100.00002106647236,0.0
5.0,10.0,True,9,43,100.0000128879559,0.0
5.0,10.0,True,10,43,100.00001461156106,0.0
5.0,10.0,True,11,43,100.00001641486807,0.0
5.0,10.0,True,12,43,100.00001557364496,0.0
5.0,10.0,True,13,43,100.00001358302939,0.0
5.0,10.0,True,14,43,100.00001403556948,0.0
5.0,10.0,True,15,43,100.00001393010331,0.0
5.0,10.0,True,16,43,100.00001482820136,0.0
5.0,10.0,True,17,43,100.00001494058881,0.0
5.0,10.0,True,18,43,100.00001141742374,0.0
5.0,10.0,True,19,43,100.00001255497303,0.0
5.0,10.0,True,20,43,100.00001121538145,0.0
5.0,10.0,True,21,43,100.00000940269959,0.0
5.0,10.0,True,22,43,100.00000861537916,0.0
5.0,10.0,True,23,43,100.00000921435922,0.0
5.0,10.0,True,24,43,100.0000074930841,0.0
5.0,10.0,True,25,43,100.00000746244746,0.0
5.0,10.0,True,26,43,100.00000451059617,0.0
5.0,10.0,True,27,43,100.00000275363209,0.0
5.0,10.0,True,28,43,100.00000317017683,0.0
5.0,10.0,True,29,43,100.00000331355395,0.0
5.0,10.0,True,30,43,100.0000024205892,0.0
5.0,10.0,True,31,43,100.00000341344818,0.0
5.0,10.0,True,32,43,100.00000264427396,0.0
5.0,10.0,True,33,43,100.00000301663381,0.0
5.0,10.0,True,34,43,99.99999952139396,0.0
5.0,10.0,True,35,43,100.00000258732763,0.0
5.0,10.0,True,36,43,100.00000164366791,0.0
5.0,10.0,True,37,43,100.00000358533327,0.0
5.0,10.0,True,38,43,100.00000361637912,0.0
5.0,10.0,True,39,43,100.00000365041532,0.0
5.0,10.0,True,40,43,100.000002901312,0.0
5.0,10.0,True,41,43,100.00000264448958,0.0
5.0,10.0,True,42,43,100.00000039111217,0.0
5.0,10.0,True,43,43,99.99999985428457,0.0
5.0,10.0,True,44,43,99.99999998281764,0.0
5.0,10.0,True,45,43,100.00000012066872,0.0
5.0,10.0,True,46,43,99.99999869321644,0.0
5.0,10.0,True,47,43,99.99999886367075,0.0
5.0,10.0,True,48,43,99.99999845023113,0.0
5.0,10.0,True,49,43,99.99999894436,0.0
5.0,10.0,True,50,43,99.9999987913555,0.0
5.0,10.0,True,1,44,100.45396239585078,0.0
5.0,10.0,True,2,44,100.00001114497002,0.0
5.0,10.0,True,3,44,99.99997061254837,0.0
5.0,10.0,True,4,44,99.99997093617613,0.0
5.0,10.0,True,5,44,99.99998540397513,0.0
5.0,10.0,True,6,44,99.99998939006892,0.0
5.0,10.0,True,7,44,99.99998943213946,0.0
5.0,10.0,True,8,44,99.99998914159126,0.0
5.0,10.0,True,9,44,99.99998513699119,0.0
5.0,10.0,True,10,44,99.99998526245727,0.0
5.0,10.0,True,11,44,99.99998529100316,0.0
5.0,10.0,True,12,44,99.99999440428843,0.0
5.0,10.0,True,13,44,99.99999330933812,0.0
5.0,10.0,True,14,44,99.99999330309268,0.0
5.0,10.0,True,15,44,99.99999262217979,0.0
5.0,10.0,True,16,44,99.99999305709848,0.0
5.0,10.0,True,17,44,100.00000002873406,0.0
5.0,10.0,True,18,44,100.00000145509868,0.0
5.0,10.0,True,19,44,100.00000071999051,0.0
5.0,10.0,True,20,44,100.00000002385012,0.0
5.0,10.0,True,21,44,100.00000051517233,0.0
5.0,10.0,True,22,44,100.00000071156055,0.0
5.0,10.0,True,23,44,99.99999772837086,0.0
5.0,10.0,True,24,44,99.99999378181383,0.0
5.0,10.0,True,25,44,99.99999421332456,0.0
5.0,10.0,True,26,44,99.99999472018322,0.0
5.0,10.0,True,27,44,99.99999493627863,0.0
5.0,10.0,True,28,44,99.9999936220241,0.0
5.0,10.0,True,29,44,99.99999380948353,0.0
5.0,10.0,True,30,44,99.99999483966286,0.0
5.0,10.0,True,31,44,99.99999488550732,0.0
5.0,10.0,True,32,44,99.99999538918541,0.0
5.0,10.0,True,33,44,99.99999706464337,0.0
5.0,10.0,True,34,44,99.99999742025429,0.0
5.0,10.0,True,35,44,99.99999746233308,0.0
5.0,10.0,True,36,44,99.99999760533186,0.0
5.0,10.0,True,37,44,99.99999767971087,0.0
5.0,10.0,True,38,44,99.99999777375655,0.0
5.0,10.0,True,39,44,99.99999804949273,0.0
5.0,10.0,True,40,44,99.9999974260659,0.0
5.0,10.0,True,41,44,99.99999960624845,0.0
5.0,10.0,True,42,44,99.99999984647432,0.0
5.0,10.0,True,43,44,100.00000045752535,0.0
5.0,10.0,True,44,44,100.00000068676687,0.0
5.0,10.0,True,45,44,100.0000006368659,0.0
5.0,10.0,True,46,44,100.00000151819435,0.0
5.0,10.0,True,47,44,100.0000014506312,0.0
5.0,10.0,True,48,44,100.0000009564632,0.0
5.0,10.0,True,49,44,100.00000105395118,0.0
5.0,10.0,True,50,44,100.00000102436795,0.0
5.0,10.0,True,1,45,100.45306550398044,0.0
5.0,10.0,True,2,45,99.99998302219927,0.0
5.0,10.0,True,3,45,100.00000799971951,0.0
5.0,10.0,True,4,45,99.99999769949473,0.0
5.0,10.0,True,5,45,99.99999795806585,0.0
5.0,10.0,True,6,45,99.99999896324462,0.0
5.0,10.0,True,7,45,99.99999898840515,0.0
5.0,10.0,True,8,45,99.99999943304508,0.0
5.0,10.0,True,9,45,100.00000143344877,0.0
5.0,10.0,True,10,45,99.99999834577383,0.0
5.0,10.0,True,11,45,99.99999954297368,0.0
5.0,10.0,True,12,45,99.99999432745861,0.0
5.0,10.0,True,13,45,99.99999500948394,0.0
5.0,10.0,True,14,45,99.99999495060553,0.0
5.0,10.0,True,15,45,99.99999476266933,0.0
5.0,10.0,True,16,45,99.99999396613428,0.0
5.0,10.0,True,17,45,99.99999264927348,0.0
5.0,10.0,True,18,45,99.99999199134714,0.0
5.0,10.0,True,19,45,99.99999151165078,0.0
5.0,10.0,True,20,45,99.9999913918491,0.0
5.0,10.0,True,21,45,99.99999068545657,0.0
5.0,10.0,True,22,45,99.99999279603543,0.0
5.0,10.0,True,23,45,99.99999609479428,0.0
5.0,10.0,True,24,45,99.99999482073582,0.0
5.0,10.0,True,25,45,99.99999633095564,0.0
5.0,10.0,True,26,45,99.99999339308823,0.0
5.0,10.0,True,27,45,99.99999245566259,0.0
5.0,10.0,True,28,45,99.99999250037241,0.0
5.0,10.0,True,29,45,99.99999222745237,0.0
5.0,10.0,True,30,45,99.99999232147283,0.0
5.0,10.0,True,31,45,99.99999415621735,0.0
5.0,10.0,True,32,45,99.99999436183941,0.0
5.0,10.0,True,33,45,99.9999933924033,0.0
5.0,10.0,True,34,45,99.99999496583112,0.0
5.0,10.0,True,35,45,99.99999334036588,0.0
5.0,10.0,True,36,45,99.99999191843057,0.0
5.0,10.0,True,37,45,99.99999141740975,0.0
5.0,10.0,True,38,45,99.99999067441529,0.0
5.0,10.0,True,39,45,99.99999324770344,0.0
5.0,10.0,True,40,45,99.99999369731795,0.0
5.0,10.0,True,41,45,100.00000032176357,0.0
5.0,10.0,True,42,45,100.00000037023608,0.0
5.0,10.0,True,43,45,100.00000112682406,0.0
5.0,10.0,True,44,45,100.00000007266189,0.0
5.0,10.0,True,45,45,99.99999966961798,0.0
5.0,10.0,True,46,45,99.99999901632773,0.0
5.0,10.0,True,47,45,99.99999927573127,0.0
5.0,10.0,True,48,45,100.000000344206,0.0
5.0,10.0,True,49,45,100.00000167031317,0.0
5.0,10.0,True,50,45,100.0000021508832,0.0
5.0,10.0,True,1,46,100.45352868623854,0.0
5.0,10.0,True,2,46,99.99998554145209,0.0
5.0,10.0,True,3,46,100.00000447505087,0.0
5.0,10.0,True,4,46,99.99999982834748,0.0
5.0,10.0,True,5,46,100.00000732939225,0.0
5.0,10.0,True,6,46,100.00002819883007,0.0
5.0,10.0,True,7,46,100.00003256982066,0.0
5.0,10.0,True,8,46,100.0000323863022,0.0
5.0,10.0,True,9,46,100.00002615571563,0.0
5.0,10.0,True,10,46,100.00002393687461,0.0
5.0,10.0,True,11,46,100.00002181145169,0.0
5.0,10.0,True,12,46,100.00001642727975,0.0
5.0,10.0,True,13,46,100.00001205102548,0.0
5.0,10.0,True,14,46,100.00001056228831,0.0
5.0,10.0,True,15,46,100.00000832187756,0.0
5.0,10.0,True,16,46,100.00000831868067,0.0
5.0,10.0,True,17,46,100.00000578823096,0.0
5.0,10.0,True,18,46,100.00000605522695,0.0
5.0,10.0,True,19,46,100.00000755196831,0.0
5.0,10.0,True,20,46,100.0000075109771,0.0
5.0,10.0,True,21,46,100.00000704969072,0.0
5.0,10.0,True,22,46,100.00000574006252,0.0
5.0,10.0,True,23,46,100.00000579027179,0.0
5.0,10.0,True,24,46,100.00000595677227,0.0
5.0,10.0,True,25,46,100.00000559419485,0.0
5.0,10.0,True,26,46,100.00000535993706,0.0
5.0,10.0,True,27,46,100.00000819070905,0.0
5.0,10.0,True,28,46,100.00000818328101,0.0
5.0,10.0,True,29,46,100.00000798821057,0.0
5.0,10.0,True,30,46,100.00000761110809,0.0
5.0,10.0,True,31,46,100.00000695193728,0.0
5.0,10.0,True,32,46,100.0000073932816,0.0
5.0,10.0,True,33,46,100.00000375806776,0.0
5.0,10.0,True,34,46,100.00000090121867,0.0
5.0,10.0,True,35,46,100.00000025350428,0.0
5.0,10.0,True,36,46,100.0000010632387,0.0
5.0,10.0,True,37,46,100.00000188043848,0.0
5.0,10.0,True,38,46,100.0000035365988,0.0
5.0,10.0,True,39,46,100.00000485927615,0.0
5.0,10.0,True,40,46,100.00000340780925,0.0
5.0,10.0,True,41,46,100.00000246647953,0.0
5.0,10.0,True,42,46,100.00000232703297,0.0
5.0,10.0,True,43,46,100.00000168747457,0.0
5.0,10.0,True,44,46,100.00000136956359,0.0
5.0,10.0,True,45,46,100.00000171675649,0.0
5.0,10.0,True,46,46,100.00000241515188,0.0
5.0,10.0,True,47,46,100.00000279086841,0.0
5.0,10.0,True,48,46,100.00000285854637,0.0
5.0,10.0,True,49,46,100.00000190788838,0.0
5.0,10.0,True,50,46,100.00000192316776,0.0
5.0,10.0,False,1,42,99.98782721385064,0.0
5.0,10.0,False,2,42,100.00002188725065,0.0
5.0,10.0,False,3,42,100.00001931776107,0.0
5.0,10.0,False,4,42,100.00001960009443,0.0
5.0,10.0,False,5,42,100.00001829216066,0.0
5.0,10.0,False,6,42,100.00002221367907,0.0
5.0,10.0,False,7,42,100.00002315504932,0.0
5.0,10.0,False,8,42,100.0000235181588,0.0
5.0,10.0,False,9,42,100.00002476832049,0.0
5.0,10.0,False,10,42,100.00002021330027,0.0
5.0,10.0,False,11,42,100.00002100439363,0.0
5.0,10.0,False,12,42,100.00000834429524,0.0
5.0,10.0,False,13,42,100.00000833257089,0.0
5.0,10.0,False,14,42,100.00000792604234,0.0
5.0,10.0,False,15,42,100.00000793044232,0.0
5.0,10.0,False,16,42,100.00000861198879,0.0
5.0,10.0,False,17,42,100.00000753068284,0.0
5.0,10.0,False,18,42,100.00000829001075,0.0
5.0,10.0,False,19,42,100.00000745014289,0.0
5.0,10.0,False,20,42,100.00000718946754,0.0
5.0,10.0,False,21,42,100.00000563663187,0.0
5.0,10.0,False,22,42,100.00000579555704,0.0
5.0,10.0,False,23,42,100.00000582472128,0.0
5.0,10.0,False,24,42,100.00000369219504,0.0
5.0,10.0,False,25,42,100.00000071323996,0.0
5.0,10.0,False,26,42,100.00000062918012,0.0
5.0,10.0,False,27,42,99.99999832150988,0.0
5.0,10.0,False,28,42,99.9999996275226,0.0
5.0,10.0,False,29,42,99.99999732037631,0.0
5.0,10.0,False,30,42,99.9999979688738,0.0
5.0,10.0,False,31,42,99.99999797298179,0.0
5.0,10.0,False,32,42,99.99999783146555,0.0
5.0,10.0,False,33,42,99.9999975664399,0.0
5.0,10.0,False,34,42,99.99999634547787,0.0
5.0,10.0,False,35,42,99.9999973005593,0.0
5.0,10.0,False,36,42,99.99999700585578,0.0
5.0,10.0,False,37,42,99.99999692343232,0.0
5.0,10.0,False,38,42,99.9999994532695,0.0
5.0,10.0,False,39,42,99.99999916883766,0.0
5.0,10.0,False,40,42,99.99999773029474,0.0
5.0,10.0,False,41,42,99.99999766001056,0.0
5.0,10.0,False,42,42,99.99999762442475,0.0
5.0,10.0,False,43,42,99.99999877131964,0.0
5.0,10.0,False,44,42,99.99999934895013,0.0
5.0,10.0,False,45,42,99.99999936040385,0.0
5.0,10.0,False,46,42,99.99999928933033,0.0
5.0,10.0,False,47,42,99.99999809261311,0.0
5.0,10.0,False,48,42,99.99999989429597,0.0
5.0,10.0,False,49,42,99.999999583707,0.0
5.0,10.0,False,50,42,99.99999952853469,0.0
5.0,10.0,False,1,43,99.98785154014728,0.0
5.0,10.0,False,2,43,99.99999449278468,0.0
5.0,10.0,False,3,43,100.00001836603839,0.0
5.0,10.0,False,4,43,100.00001889867832,0.0
5.0,10.0,False,5,43,100.00002325221723,0.0
5.0,10.0,False,6,43,100.00002039327288,0.0
5.0,10.0,False,7,43,100.00002272987018,0.0
5.0,10.0,False,8,43,100.0000200891416,0.0
5.0,10.0,False,9,43,100.0000190859158,0.0
5.0,10.0,False,10,43,100.00001495118018,0.0
5.0,10.0,False,11,43,100.00001596305074,0.0
5.0,10.0,False,12,43,100.0000171947894,0.0
5.0,10.0,False,13,43,100.00001475322696,0.0
5.0,10.0,False,14,43,100.00001516613428,0.0
5.0,10.0,False,15,43,100.0000150682171,0.0
5.0,10.0,False,16,43,100.000016572253,0.0
5.0,10.0,False,17,43,100.0000154671702,0.0
5.0,10.0,False,18,43,100.00001127104146,0.0
5.0,10.0,False,19,43,100.00001263987772,0.0
5.0,10.0,False,20,43,100.00001200887449,0.0
5.0,10.0,False,21,43,100.00000874370302,0.0
5.0,10.0,False,22,43,100.0000085870985,0.0
5.0,10.0,False,23,43,100.0000088348954,0.0
5.0,10.0,False,24,43,100.00000829346914,0.0
5.0,10.0,False,25,43,100.00000798859392,0.0
5.0,10.0,False,26,43,100.00000542630187,0.0
5.0,10.0,False,27,43,100.00000317029259,0.0
5.0,10.0,False,28,43,100.00000386979781,0.0
5.0,10.0,False,29,43,100.00000392696447,0.0
5.0,10.0,False,30,43,100.00000312667268,0.0
5.0,10.0,False,31,43,100.00000380086973,0.0
5.0,10.0,False,32,43,100.00000295806169,0.0
5.0,10.0,False,33,43,100.00000292909576,0.0
5.0,10.0,False,34,43,100.00000196671641,0.0
5.0,10.0,False,35,43,100.0000034476603,0.0
5.0,10.0,False,36,43,100.00000143466693,0.0
5.0,10.0,False,37,43,100.00000349290687,0.0
5.0,10.0,False,38,43,100.0000034655089,0.0
5.0,10.0,False,39,43,100.00000354385641,0.0
5.0,10.0,False,40,43,100.00000297463593,0.0
5.0,10.0,False,41,43,100.00000311434991,0.0
5.0,10.0,False,42,43,100.00000137428043,0.0
5.0,10.0,False,43,43,100.00000007874087,0.0
5.0,10.0,False,44,43,100.00000017193389,0.0
5.0,10.0,False,45,43,100.00000019290226,0.0
5.0,10.0,False,46,43,99.99999998225651,0.0
5.0,10.0,False,47,43,99.99999831727638,0.0
5.0,10.0,False,48,43,99.99999860834859,0.0
5.0,10.0,False,49,43,99.999999149665,0.0
5.0,10.0,False,50,43,99.99999915549,0.0
5.0,10.0,False,1,44,99.98786990136959,0.0
5.0,10.0,False,2,44,100.00001244033362,0.0
5.0,10.0,False,3,44,99.99997050476604,0.0
5.0,10.0,False,4,44,99.99997063703017,0.0
5.0,10.0,False,5,44,99.9999831680656,0.0
5.0,10.0,False,6,44,99.99998722881826,0.0
5.0,10.0,False,7,44,99.99998718649034,0.0
5.0,10.0,False,8,44,99.99998754550903,0.0
5.0,10.0,False,9,44,99.99998643883305,0.0
5.0,10.0,False,10,44,99.9999874449434,0.0
5.0,10.0,False,11,44,99.99998825382508,0.0
5.0,10.0,False,12,44,99.99999184986667,0.0
5.0,10.0,False,13,44,99.999994362448,0.0
5.0,10.0,False,14,44,99.99999340547032,0.0
5.0,10.0,False,15,44,99.99999442494773,0.0
5.0,10.0,False,16,44,99.9999946656815,0.0
5.0,10.0,False,17,44,100.00000256069723,0.0
5.0,10.0,False,18,44,100.00000379214268,0.0
5.0,10.0,False,19,44,100.00000297111677,0.0
5.0,10.0,False,20,44,100.00000153033872,0.0
5.0,10.0,False,21,44,100.00000221362245,0.0
5.0,10.0,False,22,44,100.00000237218114,0.0
5.0,10.0,False,23,44,99.99999972875781,0.0
5.0,10.0,False,24,44,99.99999508413995,0.0
5.0,10.0,False,25,44,99.99999393908607,0.0
5.0,10.0,False,26,44,99.99999428272892,0.0
5.0,10.0,False,27,44,99.99999356799121,0.0
5.0,10.0,False,28,44,99.9999942706515,0.0
5.0,10.0,False,29,44,99.99999603897825,0.0
5.0,10.0,False,30,44,99.99999632341567,0.0
5.0,10.0,False,31,44,99.99999631419077,0.0
5.0,10.0,False,32,44,99.9999958863209,0.0
5.0,10.0,False,33,44,99.99999739349091,0.0
5.0,10.0,False,34,44,99.99999800224832,0.0
5.0,10.0,False,35,44,99.99999879955794,0.0
5.0,10.0,False,36,44,99.99999874075957,0.0
5.0,10.0,False,37,44,99.9999986076115,0.0
5.0,10.0,False,38,44,99.99999856267854,0.0
5.0,10.0,False,39,44,99.99999860306718,0.0
5.0,10.0,False,40,44,99.99999781292777,0.0
5.0,10.0,False,41,44,100.0000007624305,0.0
5.0,10.0,False,42,44,100.00000124954221,0.0
5.0,10.0,False,43,44,100.00000153764061,0.0
5.0,10.0,False,44,44,100.00000157090264,0.0
5.0,10.0,False,45,44,100.0000015951311,0.0
5.0,10.0,False,46,44,100.00000225101333,0.0
5.0,10.0,False,47,44,100.00000204141598,0.0
5.0,10.0,False,48,44,100.00000147645966,0.0
5.0,10.0,False,49,44,100.00000145984467,0.0
5.0,10.0,False,50,44,100.00000112807741,0.0
5.0,10.0,False,1,45,99.9877714637679,0.0
5.0,10.0,False,2,45,99.99998231974055,0.0
5.0,10.0,False,3,45,100.00000707561014,0.0
5.0,10.0,False,4,45,99.99999629944003,0.0
5.0,10.0,False,5,45,99.99999707240195,0.0
5.0,10.0,False,6,45,99.99999788843719,0.0
5.0,10.0,False,7,45,99.99999794756427,0.0
5.0,10.0,False,8,45,99.99999767037788,0.0
5.0,10.0,False,9,45,100.00000060020557,0.0
5.0,10.0,False,10,45,99.99999711597516,0.0
5.0,10.0,False,11,45,99.99999860009154,0.0
5.0,10.0,False,12,45,99.99999236896949,0.0
5.0,10.0,False,13,45,99.99999287879069,0.0
5.0,10.0,False,14,45,99.99999268409182,0.0
5.0,10.0,False,15,45,99.9999923051092,0.0
5.0,10.0,False,16,45,99.99999281584158,0.0
5.0,10.0,False,17,45,99.99999369273797,0.0
5.0,10.0,False,18,45,99.99999301322586,0.0
5.0,10.0,False,19,45,99.9999915803127,0.0
5.0,10.0,False,20,45,99.9999898548877,0.0
5.0,10.0,False,21,45,99.99998977355054,0.0
5.0,10.0,False,22,45,99.99999170109766,0.0
5.0,10.0,False,23,45,99.99999550448612,0.0
5.0,10.0,False,24,45,99.99999382610564,0.0
5.0,10.0,False,25,45,99.9999942943475,0.0
5.0,10.0,False,26,45,99.99999052114529,0.0
5.0,10.0,False,27,45,99.99999057276489,0.0
5.0,10.0,False,28,45,99.99999046342144,0.0
5.0,10.0,False,29,45,99.99999030090743,0.0
5.0,10.0,False,30,45,99.99999051866321,0.0
5.0,10.0,False,31,45,99.99999442736438,0.0
5.0,10.0,False,32,45,99.99999286052136,0.0
5.0,10.0,False,33,45,99.99999237510471,0.0
5.0,10.0,False,34,45,99.99999402410214,0.0
5.0,10.0,False,35,45,99.99999425652439,0.0
5.0,10.0,False,36,45,99.99999275489853,0.0
5.0,10.0,False,37,45,99.99999257053096,0.0
5.0,10.0,False,38,45,99.99999164815407,0.0
5.0,10.0,False,39,45,99.99999409755752,0.0
5.0,10.0,False,40,45,99.99999372944822,0.0
5.0,10.0,False,41,45,99.99999588445887,0.0
5.0,10.0,False,42,45,99.99999830318208,0.0
5.0,10.0,False,43,45,100.0000006231995,0.0
5.0,10.0,False,44,45,100.00000007662004,0.0
5.0,10.0,False,45,45,100.0000002911294,0.0
5.0,10.0,False,46,45,99.99999931091588,0.0
5.0,10.0,False,47,45,99.99999978585691,0.0
5.0,10.0,False,48,45,100.00000018175524,0.0
5.0,10.0,False,49,45,100.00000204113763,0.0
5.0,10.0,False,50,45,100.00000194705632,0.0
5.0,10.0,False,1,46,99.98781448798897,0.0
5.0,10.0,False,2,46,99.99998220916387,0.0
5.0,10.0,False,3,46,100.00000022403532,0.0
5.0,10.0,False,4,46,99.99999784411229,0.0
5.0,10.0,False,5,46,100.00000120231519,0.0
5.0,10.0,False,6,46,100.00001064570593,0.0
5.0,10.0,False,7,46,100.00001202809008,0.0
5.0,10.0,False,8,46,100.00002785484594,0.0
5.0,10.0,False,9,46,100.00002225940926,0.0
5.0,10.0,False,10,46,100.00002207508116,0.0
5.0,10.0,False,11,46,100.00001581519825,0.0
5.0,10.0,False,12,46,100.00001060331651,0.0
5.0,10.0,False,13,46,100.00000839162827,0.0
5.0,10.0,False,14,46,100.00000745594232,0.0
5.0,10.0,False,15,46,100.00000605951132,0.0
5.0,10.0,False,16,46,100.0000060645616,0.0
5.0,10.0,False,17,46,100.00000560690242,0.0
5.0,10.0,False,18,46,100.00000541934534,0.0
5.0,10.0,False,19,46,100.00000659653709,0.0
5.0,10.0,False,20,46,100.00000658860685,0.0
5.0,10.0,False,21,46,100.000004992866,0.0
5.0,10.0,False,22,46,100.00000422512568,0.0
5.0,10.0,False,23,46,100.00000432453264,0.0
5.0,10.0,False,24,46,100.00000519751282,0.0
5.0,10.0,False,25,46,100.0000054085178,0.0
5.0,10.0,False,26,46,100.0000055353504,0.0
5.0,10.0,False,27,46,100.00000711225456,0.0
5.0,10.0,False,28,46,100.00000717256398,0.0
5.0,10.0,False,29,46,100.00000673958172,0.0
5.0,10.0,False,30,46,100.00000687873145,0.0
5.0,10.0,False,31,46,100.00000629057939,0.0
5.0,10.0,False,32,46,100.00000823536497,0.0
5.0,10.0,False,33,46,100.00000539132273,0.0
5.0,10.0,False,34,46,100.00000249472583,0.0
5.0,10.0,False,35,46,100.00000036008159,0.0
5.0,10.0,False,36,46,100.00000105289261,0.0
5.0,10.0,False,37,46,100.00000099526153,0.0
5.0,10.0,False,38,46,100.00000327964284,0.0
5.0,10.0,False,39,46,100.00000338810888,0.0
5.0,10.0,False,40,46,100.00000131009296,0.0
5.0,10.0,False,41,46,100.00000248394403,0.0
5.0,10.0,False,42,46,100.00000194857193,0.0
5.0,10.0,False,43,46,100.00000285977987,0.0
5.0,10.0,False,44,46,100.00000207203476,0.0
5.0,10.0,False,45,46,100.00000186792904,0.0
5.0,10.0,False,46,46,100.00000439013493,0.0
5.0,10.0,False,47,46,100.00000395510148,0.0
5.0,10.0,False,48,46,100.00000404402397,0.0
5.0,10.0,False,49,46,100.00000269672009,0.0
5.0,10.0,False,50,46,100.00000262638716,0.0
5.0,15.0,True,1,42,100.90015094856614,0.0
5.0,15.0,True,2,42,100.00002243930773,0.0
5.0,15.0,True,3,42,100.00001948086935,0.0
5.0,15.0,True,4,42,100.00001983178228,0.0
5.0,15.0,True,5,42,100.00001865579043,0.0
5.0,15.0,True,6,42,100.00002054601973,0.0
5.0,15.0,True,7,42,100.00002434980597,0.0
5.0,15.0,True,8,42,100.00002358020551,0.0
5.0,15.0,True,9,42,100.00002405676935,0.0
5.0,15.0,True,10,42,100.00001901220612,0.0
5.0,15.0,True,11,42,100.00001984020318,0.0
5.0,15.0,True,12,42,100.00001053661694,0.0
5.0,15.0,True,13,42,100.00000780708383,0.0
5.0,15.0,True,14,42,100.00000725824441,0.0
5.0,15.0,True,15,42,100.0000072774883,0.0
5.0,15.0,True,16,42,100.00000821740934,0.0
5.0,15.0,True,17,42,100.00000735196633,0.0
5.0,15.0,True,18,42,100.00000829496915,0.0
5.0,15.0,True,19,42,100.00000794757801,0.0
5.0,15.0,True,20,42,100.00000784419646,0.0
5.0,15.0,True,21,42,100.00000662503538,0.0
5.0,15.0,True,22,42,100.00000677065951,0.0
5.0,15.0,True,23,42,100.00000679762857,0.0
5.0,15.0,True,24,42,100.00000449126247,0.0
5.0,15.0,True,25,42,100.00000398812938,0.0
5.0,15.0,True,26,42,100.00000357193224,0.0
5.0,15.0,True,27,42,100.00000237498593,0.0
5.0,15.0,True,28,42,100.00000202768362,0.0
5.0,15.0,True,29,42,100.00000146440469,0.0
5.0,15.0,True,30,42,99.9999994631747,0.0
5.0,15.0,True,31,42,99.99999967599842,0.0
5.0,15.0,True,32,42,99.99999945635281,0.0
5.0,15.0,True,33,42,99.99999862641349,0.0
5.0,15.0,True,34,42,99.99999825464496,0.0
5.0,15.0,True,35,42,99.99999895433979,0.0
5.0,15.0,True,36,42,99.99999862139089,0.0
5.0,15.0,True,37,42,99.99999828703605,0.0
5.0,15.0,True,38,42,100.00000229260397,0.0
5.0,15.0,True,39,42,100.00000044592252,0.0
5.0,15.0,True,40,42,99.99999925751439,0.0
5.0,15.0,True,41,42,99.99999899273966,0.0
5.0,15.0,True,42,42,99.99999894442348,0.0
5.0,15.0,True,43,42,100.00000011179634,0.0
5.0,15.0,True,44,42,100.00000016700923,0.0
5.0,15.0,True,45,42,100.00000005218527,0.0
5.0,15.0,True,46,42,100.00000002170862,0.0
5.0,15.0,True,47,42,100.00000040475092,0.0
5.0,15.0,True,48,42,100.0000017358457,0.0
5.0,15.0,True,49,42,99.99999851617795,0.0
5.0,15.0,True,50,42,99.99999852773584,0.0
5.0,15.0,True,1,43,100.90090669266701,0.0
5.0,15.0,True,2,43,99.99999497280882,0.0
5.0,15.0,True,3,43,100.00001785555236,0.0
5.0,15.0,True,4,43,100.00001838839181,0.0
5.0,15.0,True,5,43,100.00002321375297,0.0
5.0,15.0,True,6,43,100.00001993793097,0.0
5.0,15.0,True,7,43,100.00002157391663,0.0
5.0,15.0,True,8,43,100.00002106672457,0.0
5.0,15.0,True,9,43,100.00001288550271,0.0
5.0,15.0,True,10,43,100.00001461174571,0.0
5.0,15.0,True,11,43,100.00001641456471,0.0
5.0,15.0,True,12,43,100.00001557194375,0.0
5.0,15.0,True,13,43,100.00001358247687,0.0
5.0,15.0,True,14,43,100.00001403512093,0.0
5.0,15.0,True,15,43,100.00001392962356,0.0
5.0,15.0,True,16,43,100.00001482729539,0.0
5.0,15.0,True,17,43,100.00001494010931,0.0
5.0,15.0,True,18,43,100.00001141712552,0.0
5.0,15.0,True,19,43,100.00001255519948,0.0
5.0,15.0,True,20,43,100.00001121511539,0.0
5.0,15.0,True,21,43,100.00000940222967,0.0
5.0,15.0,True,22,43,100.00000861506872,0.0
5.0,15.0,True,23,43,100.00000921416137,0.0
5.0,15.0,True,24,43,100.0000074927506,0.0
5.0,15.0,True,25,43,100.00000746227325,0.0
5.0,15.0,True,26,43,100.000004510084,0.0
5.0,15.0,True,27,43,100.00000275380862,0.0
5.0,15.0,True,28,43,100.0000031698938,0.0
5.0,15.0,True,29,43,100.00000331323176,0.0
5.0,15.0,True,30,43,100.00000242034044,0.0
5.0,15.0,True,31,43,100.00000341292241,0.0
5.0,15.0,True,32,43,100.00000264348684,0.0
5.0,15.0,True,33,43,100.00000301574947,0.0
5.0,15.0,True,34,43,99.99999952332999,0.0
5.0,15.0,True,35,43,100.00000258799088,0.0
5.0,15.0,True,36,43,100.00000164373841,0.0
5.0,15.0,True,37,43,100.00000358554672,0.0
5.0,15.0,True,38,43,100.00000361658888,0.0
5.0,15.0,True,39,43,100.00000365038184,0.0
5.0,15.0,True,40,43,100.00000290154728,0.0
5.0,15.0,True,41,43,100.00000264490214,0.0
5.0,15.0,True,42,43,100.00000039089193,0.0
5.0,15.0,True,43,43,99.9999998542533,0.0
5.0,15.0,True,44,43,99.99999998277349,0.0
5.0,15.0,True,45,43,100.00000012070451,0.0
5.0,15.0,True,46,43,99.99999869323244,0.0
5.0,15.0,True,47,43,99.99999886411848,0.0
5.0,15.0,True,48,43,99.99999845032181,0.0
5.0,15.0,True,49,43,99.99999894442018,0.0
5.0,15.0,True,50,43,99.99999879142662,0.0
5.0,15.0,True,1,44,100.90126106341822,0.0
5.0,15.0,True,2,44,100.0000111432735,0.0
5.0,15.0,True,3,44,99.99997061214931,0.0
5.0,15.0,True,4,44,99.99997093573785,0.0
5.0,15.0,True,5,44,99.99998540273326,0.0
5.0,15.0,True,6,44,99.99998938943327,0.0
5.0,15.0,True,7,44,99.99998943156905,0.0
5.0,15.0,True,8,44,99.99998914155475,0.0
5.0,15.0,True,9,44,99.99998513661694,0.0
5.0,15.0,True,10,44,99.99998526195418,0.0
5.0,15.0,True,11,44,99.99998529029665,0.0
5.0,15.0,True,12,44,99.99999440535956,0.0
5.0,15.0,True,13,44,99.99999331032558,0.0
5.0,15.0,True,14,44,99.9999933041956,0.0
5.0,15.0,True,15,44,99.99999262258248,0.0
5.0,15.0,True,16,44,99.99999305734443,0.0
5.0,15.0,True,17,44,100.00000002875905,0.0
5.0,15.0,True,18,44,100.00000145540793,0.0
5.0,15.0,True,19,44,100.00000072028084,0.0
5.0,15.0,True,20,44,100.00000002543266,0.0
5.0,15.0,True,21,44,100.00000051618807,0.0
5.0,15.0,True,22,44,100.0000007125886,0.0
5.0,15.0,True,23,44,99.99999772822,0.0
5.0,15.0,True,24,44,99.99999378213016,0.0
5.0,15.0,True,25,44,99.9999942135925,0.0
5.0,15.0,True,26,44,99.99999472045633,0.0
5.0,15.0,True,27,44,99.99999493653584,0.0
5.0,15.0,True,28,44,99.99999362258288,0.0
5.0,15.0,True,29,44,99.99999381052491,0.0
5.0,15.0,True,30,44,99.99999483984655,0.0
5.0,15.0,True,31,44,99.99999488526748,0.0
5.0,15.0,True,32,44,99.99999538905398,0.0
5.0,15.0,True,33,44,99.99999706468547,0.0
5.0,15.0,True,34,44,99.99999742000267,0.0
5.0,15.0,True,35,44,99.99999746206555,0.0
5.0,15.0,True,36,44,99.9999976050993,0.0
5.0,15.0,True,37,44,99.99999767919837,0.0
5.0,15.0,True,38,44,99.99999777312073,0.0
5.0,15.0,True,39,44,99.99999804869552,0.0
5.0,15.0,True,40,44,99.99999742546078,0.0
5.0,15.0,True,41,44,99.99999960626678,0.0
5.0,15.0,True,42,44,99.99999984634918,0.0
5.0,15.0,True,43,44,100.00000045775039,0.0
5.0,15.0,True,44,44,100.00000068703676,0.0
5.0,15.0,True,45,44,100.00000063713864,0.0
5.0,15.0,True,46,44,100.00000151857449,0.0
5.0,15.0,True,47,44,100.00000145098377,0.0
5.0,15.0,True,48,44,100.00000095673954,0.0
5.0,15.0,True,49,44,100.00000105438849,0.0
5.0,15.0,True,50,44,100.00000102486302,0.0
5.0,15.0,True,1,45,100.89996211504155,0.0
5.0,15.0,True,2,45,99.99998302001943,0.0
5.0,15.0,True,3,45,100.00000800098152,0.0
5.0,15.0,True,4,45,99.99999770043317,0.0
5.0,15.0,True,5,45,99.99999795912062,0.0
5.0,15.0,True,6,45,99.99999896423498,0.0
5.0,15.0,True,7,45,99.99999898950797,0.0
5.0,15.0,True,8,45,99.99999943319554,0.0
5.0,15.0,True,9,45,100.00000143431609,0.0
5.0,15.0,True,10,45,99.99999834665806,0.0
5.0,15.0,True,11,45,99.9999995433777,0.0
5.0,15.0,True,12,45,99.9999943280366,0.0
5.0,15.0,True,13,45,99.99999500987157,0.0
5.0,15.0,True,14,45,99.99999495099082,0.0
5.0,15.0,True,15,45,99.99999476315493,0.0
5.0,15.0,True,16,45,99.9999939662533,0.0
5.0,15.0,True,17,45,99.99999264885619,0.0
5.0,15.0,True,18,45,99.99999199072089,0.0
5.0,15.0,True,19,45,99.99999151143018,0.0
5.0,15.0,True,20,45,99.99999139223559,0.0
5.0,15.0,True,21,45,99.99999068585126,0.0
5.0,15.0,True,22,45,99.99999279641173,0.0
5.0,15.0,True,23,45,99.9999960963643,0.0
5.0,15.0,True,24,45,99.99999482160064,0.0
5.0,15.0,True,25,45,99.99999633221938,0.0
5.0,15.0,True,26,45,99.99999339452967,0.0
5.0,15.0,True,27,45,99.99999245685771,0.0
5.0,15.0,True,28,45,99.99999250156165,0.0
5.0,15.0,True,29,45,99.99999222858433,0.0
5.0,15.0,True,30,45,99.99999232267226,0.0
5.0,15.0,True,31,45,99.99999415761118,0.0
5.0,15.0,True,32,45,99.99999436262854,0.0
5.0,15.0,True,33,45,99.999993392928,0.0
5.0,15.0,True,34,45,99.99999496631926,0.0
5.0,15.0,True,35,45,99.99999333986119,0.0
5.0,15.0,True,36,45,99.99999191840405,0.0
5.0,15.0,True,37,45,99.99999141669684,0.0
5.0,15.0,True,38,45,99.99999067449413,0.0
5.0,15.0,True,39,45,99.99999324814763,0.0
5.0,15.0,True,40,45,99.99999369734687,0.0
5.0,15.0,True,41,45,100.0000003217688,0.0
5.0,15.0,True,42,45,100.00000037018843,0.0
5.0,15.0,True,43,45,100.00000112681039,0.0
5.0,15.0,True,44,45,100.00000007262165,0.0
5.0,15.0,True,45,45,99.99999966966053,0.0
5.0,15.0,True,46,45,99.999999016364,0.0
5.0,15.0,True,47,45,99.99999927564289,0.0
5.0,15.0,True,48,45,100.00000034423729,0.0
5.0,15.0,True,49,45,100.00000167074396,0.0
5.0,15.0,True,50,45,100.00000215067308,0.0
5.0,15.0,True,1,46,100.90061720005052,0.0
5.0,15.0,True,2,46,99.99998554024222,0.0
5.0,15.0,True,3,46,100.0000044751779,0.0
5.0,15.0,True,4,46,99.99999983056176,0.0
5.0,15.0,True,5,46,100.0000073303872,0.0
5.0,15.0,True,6,46,100.00002819767309,0.0
5.0,15.0,True,7,46,100.00003257075723,0.0
5.0,15.0,True,8,46,100.00003238718271,0.0
5.0,15.0,True,9,46,100.00002615552722,0.0
5.0,15.0,True,10,46,100.00002393760542,0.0
5.0,15.0,True,11,46,100.00002181247797,0.0
5.0,15.0,True,12,46,100.00001642849645,0.0
5.0,15.0,True,13,46,100.00001205065104,0.0
5.0,15.0,True,14,46,100.00001056162642,0.0
5.0,15.0,True,15,46,100.00000832178698,0.0
5.0,15.0,True,16,46,100.00000831861189,0.0
5.0,15.0,True,17,46,100.00000578777352,0.0
5.0,15.0,True,18,46,100.00000605545938,0.0
5.0,15.0,True,19,46,100.00000755197081,0.0
5.0,15.0,True,20,46,100.00000751084747,0.0
5.0,15.0,True,21,46,100.00000704991004,0.0
5.0,15.0,True,22,46,100.0000057401924,0.0
5.0,15.0,True,23,46,100.00000579032425,0.0
5.0,15.0,True,24,46,100.00000595666228,0.0
5.0,15.0,True,25,46,100.00000559434673,0.0
5.0,15.0,True,26,46,100.00000535998896,0.0
5.0,15.0,True,27,46,100.00000819094072,0.0
5.0,15.0,True,28,46,100.00000818350634,0.0
5.0,15.0,True,29,46,100.0000079884258,0.0
5.0,15.0,True,30,46,100.00000761129134,0.0
5.0,15.0,True,31,46,100.00000695194265,0.0
5.0,15.0,True,32,46,100.00000739467703,0.0
5.0,15.0,True,33,46,100.00000375825928,0.0
5.0,15.0,True,34,46,100.00000090177853,0.0
5.0,15.0,True,35,46,100.00000025311438,0.0
5.0,15.0,True,36,46,100.0000010633997,0.0
5.0,15.0,True,37,46,100.000001880422,0.0
5.0,15.0,True,38,46,100.00000353715943,0.0
5.0,15.0,True,39,46,100.00000485929502,0.0
5.0,15.0,True,40,46,100.00000340767983,0.0
5.0,15.0,True,41,46,100.00000246605154,0.0
5.0,15.0,True,42,46,100.00000232675414,0.0
5.0,15.0,True,43,46,100.00000168785957,0.0
5.0,15.0,True,44,46,100.00000136958167,0.0
5.0,15.0,True,45,46,100.00000171691073,0.0
5.0,15.0,True,46,46,100.0000024150429,0.0
5.0,15.0,True,47,46,100.00000279074413,0.0
5.0,15.0,True,48,46,100.00000285834412,0.0
5.0,15.0,True,49,46,100.0000019075158,0.0
5.0,15.0,True,50,46,100.00000192288061,0.0
5.0,15.0,False,1,42,99.92614467535842,0.0
5.0,15.0,False,2,42,100.00002188401203,0.0
5.0,15.0,False,3,42,100.00001931762345,0.0
5.0,15.0,False,4,42,100.0000196001474,0.0
5.0,15.0,False,5,42,100.00001829197001,0.0
5.0,15.0,False,6,42,100.00002221370775,0.0
5.0,15.0,False,7,42,100.00002315504065,0.0
5.0,15.0,False,8,42,100.00002351829004,0.0
5.0,15.0,False,9,42,100.00002476875142,0.0
5.0,15.0,False,10,42,100.00002021343974,0.0
5.0,15.0,False,11,42,100.0000210051075,0.0
5.0,15.0,False,12,42,100.00000834543364,0.0
5.0,15.0,False,13,42,100.00000833355,0.0
5.0,15.0,False,14,42,100.0000079270238,0.0
5.0,15.0,False,15,42,100.0000079314563,0.0
5.0,15.0,False,16,42,100.00000861310568,0.0
5.0,15.0,False,17,42,100.00000753228068,0.0
5.0,15.0,False,18,42,100.00000829110743,0.0
5.0,15.0,False,19,42,100.00000745167019,0.0
5.0,15.0,False,20,42,100.0000071905129,0.0
5.0,15.0,False,21,42,100.00000563753271,0.0
5.0,15.0,False,22,42,100.0000057964321,0.0
5.0,15.0,False,23,42,100.00000582558555,0.0
5.0,15.0,False,24,42,100.00000369374095,0.0
5.0,15.0,False,25,42,100.00000071366256,0.0
5.0,15.0,False,26,42,100.0000006295709,0.0
5.0,15.0,False,27,42,99.99999832218406,0.0
5.0,15.0,False,28,42,99.9999996281493,0.0
5.0,15.0,False,29,42,99.99999732103417,0.0
5.0,15.0,False,30,42,99.99999796930797,0.0
5.0,15.0,False,31,42,99.99999797343304,0.0
5.0,15.0,False,32,42,99.99999783193472,0.0
5.0,15.0,False,33,42,99.99999756679647,0.0
5.0,15.0,False,34,42,99.99999634583527,0.0
5.0,15.0,False,35,42,99.99999730100365,0.0
5.0,15.0,False,36,42,99.99999700624768,0.0
5.0,15.0,False,37,42,99.99999692374968,0.0
5.0,15.0,False,38,42,99.99999945557919,0.0
5.0,15.0,False,39,42,99.99999916937149,0.0
5.0,15.0,False,40,42,99.99999773084664,0.0
5.0,15.0,False,41,42,99.99999766048376,0.0
5.0,15.0,False,42,42,99.99999762489983,0.0
5.0,15.0,False,43,42,99.99999877186295,0.0
5.0,15.0,False,44,42,99.99999934900416,0.0
5.0,15.0,False,45,42,99.99999936069736,0.0
5.0,15.0,False,46,42,99.99999928971071,0.0
5.0,15.0,False,47,42,99.99999809272342,0.0
5.0,15.0,False,48,42,99.99999989433988,0.0
5.0,15.0,False,49,42,99.99999958380222,0.0
5.0,15.0,False,50,42,99.99999952860372,0.0
5.0,15.0,False,1,43,99.92624588565795,0.0
5.0,15.0,False,2,43,99.99999449234933,0.0
5.0,15.0,False,3,43,100.0000183660924,0.0
5.0,15.0,False,4,43,100.0000188984875,0.0
5.0,15.0,False,5,43,100.000023252447,0.0
5.0,15.0,False,6,43,100.0000203937413,0.0
5.0,15.0,False,7,43,100.00002273019308,0.0
5.0,15.0,False,8,43,100.00002008896018,0.0
5.0,15.0,False,9,43,100.00001908521136,0.0
5.0,15.0,False,10,43,100.00001495159486,0.0
5.0,15.0,False,11,43,100.00001596369233,0.0
5.0,15.0,False,12,43,100.00001719529179,0.0
5.0,15.0,False,13,43,100.00001475348245,0.0
5.0,15.0,False,14,43,100.00001516634057,0.0
5.0,15.0,False,15,43,100.00001506854923,0.0
5.0,15.0,False,16,43,100.00001657240088,0.0
5.0,15.0,False,17,43,100.00001546764938,0.0
5.0,15.0,False,18,43,100.00001127143955,0.0
5.0,15.0,False,19,43,100.00001264041943,0.0
5.0,15.0,False,20,43,100.00001200894367,0.0
5.0,15.0,False,21,43,100.00000874417188,0.0
5.0,15.0,False,22,43,100.00000858753151,0.0
5.0,15.0,False,23,43,100.00000883517501,0.0
5.0,15.0,False,24,43,100.00000829378357,0.0
5.0,15.0,False,25,43,100.00000799049417,0.0
5.0,15.0,False,26,43,100.00000542671266,0.0
5.0,15.0,False,27,43,100.00000317057768,0.0
5.0,15.0,False,28,43,100.00000386996072,0.0
5.0,15.0,False,29,43,100.00000392711357,0.0
5.0,15.0,False,30,43,100.00000312677153,0.0
5.0,15.0,False,31,43,100.0000038011664,0.0
5.0,15.0,False,32,43,100.00000295824739,0.0
5.0,15.0,False,33,43,100.00000292925597,0.0
5.0,15.0,False,34,43,100.00000196658289,0.0
5.0,15.0,False,35,43,100.00000344714613,0.0
5.0,15.0,False,36,43,100.0000014346192,0.0
5.0,15.0,False,37,43,100.00000349274038,0.0
5.0,15.0,False,38,43,100.00000346534398,0.0
5.0,15.0,False,39,43,100.00000354385753,0.0
5.0,15.0,False,40,43,100.00000297453794,0.0
5.0,15.0,False,41,43,100.00000311426345,0.0
5.0,15.0,False,42,43,100.00000137409017,0.0
5.0,15.0,False,43,43,100.00000007873633,0.0
5.0,15.0,False,44,43,100.00000017192471,0.0
5.0,15.0,False,45,43,100.00000019288102,0.0
5.0,15.0,False,46,43,99.99999998237509,0.0
5.0,15.0,False,47,43,99.99999831720862,0.0
5.0,15.0,False,48,43,99.99999860843968,0.0
5.0,15.0,False,49,43,99.99999914978699,0.0
5.0,15.0,False,50,43,99.9999991556447,0.0
5.0,15.0,False,1,44,99.92628217665481,0.0
5.0,15.0,False,2,44,100.00001244016784,0.0
5.0,15.0,False,3,44,99.99997050476561,0.0
5.0,15.0,False,4,44,99.99997063789088,0.0
5.0,15.0,False,5,44,99.99998316870847,0.0
5.0,15.0,False,6,44,99.99998722986294,0.0
5.0,15.0,False,7,44,99.99998718753157,0.0
5.0,15.0,False,8,44,99.99998754655249,0.0
5.0,15.0,False,9,44,99.99998643934869,0.0
5.0,15.0,False,10,44,99.99998744559359,0.0
5.0,15.0,False,11,44,99.99998825537222,0.0
5.0,15.0,False,12,44,99.99999185049393,0.0
5.0,15.0,False,13,44,99.9999943620792,0.0
5.0,15.0,False,14,44,99.9999934053996,0.0
5.0,15.0,False,15,44,99.99999442448367,0.0
5.0,15.0,False,16,44,99.99999466535584,0.0
5.0,15.0,False,17,44,100.00000256025263,0.0
5.0,15.0,False,18,44,100.00000379174402,0.0
5.0,15.0,False,19,44,100.00000297146993,0.0
5.0,15.0,False,20,44,100.00000152992311,0.0
5.0,15.0,False,21,44,100.00000221304389,0.0
5.0,15.0,False,22,44,100.00000237157568,0.0
5.0,15.0,False,23,44,99.99999972911827,0.0
5.0,15.0,False,24,44,99.99999508455073,0.0
5.0,15.0,False,25,44,99.99999393910004,0.0
5.0,15.0,False,26,44,99.99999428265245,0.0
5.0,15.0,False,27,44,99.99999356742913,0.0
5.0,15.0,False,28,44,99.99999427107963,0.0
5.0,15.0,False,29,44,99.99999603890518,0.0
5.0,15.0,False,30,44,99.9999963240473,0.0
5.0,15.0,False,31,44,99.99999631526379,0.0
5.0,15.0,False,32,44,99.99999588690335,0.0
5.0,15.0,False,33,44,99.9999973942468,0.0
5.0,15.0,False,34,44,99.9999980026866,0.0
5.0,15.0,False,35,44,99.99999880027939,0.0
5.0,15.0,False,36,44,99.99999874153124,0.0
5.0,15.0,False,37,44,99.99999860864153,0.0
5.0,15.0,False,38,44,99.99999856369237,0.0
5.0,15.0,False,39,44,99.99999860409488,0.0
5.0,15.0,False,40,44,99.99999781401121,0.0
5.0,15.0,False,41,44,100.00000076301265,0.0
5.0,15.0,False,42,44,100.00000125046603,0.0
5.0,15.0,False,43,44,100.00000153816754,0.0
5.0,15.0,False,44,44,100.00000157141992,0.0
5.0,15.0,False,45,44,100.00000159556852,0.0
5.0,15.0,False,46,44,100.00000225146928,0.0
5.0,15.0,False,47,44,100.0000020418234,0.0
5.0,15.0,False,48,44,100.0000014765435,0.0
5.0,15.0,False,49,44,100.00000146004928,0.0
5.0,15.0,False,50,44,100.00000112821336,0.0
5.0,15.0,False,1,45,99.92607930533475,0.0
5.0,15.0,False,2,45,99.99998231944089,0.0
5.0,15.0,False,3,45,100.00000707541832,0.0
5.0,15.0,False,4,45,99.99999629915936,0.0
5.0,15.0,False,5,45,99.99999707211107,0.0
5.0,15.0,False,6,45,99.9999978881675,0.0
5.0,15.0,False,7,45,99.99999794728151,0.0
5.0,15.0,False,8,45,99.99999767043245,0.0
5.0,15.0,False,9,45,100.00000059996002,0.0
5.0,15.0,False,10,45,99.99999711563287,0.0
5.0,15.0,False,11,45,99.99999860002012,0.0
5.0,15.0,False,12,45,99.9999923687887,0.0
5.0,15.0,False,13,45,99.99999287860929,0.0
5.0,15.0,False,14,45,99.99999268390462,0.0
5.0,15.0,False,15,45,99.99999230488879,0.0
5.0,15.0,False,16,45,99.99999281604322,0.0
5.0,15.0,False,17,45,99.99999369284578,0.0
5.0,15.0,False,18,45,99.99999301246787,0.0
5.0,15.0,False,19,45,99.99999157967326,0.0
5.0,15.0,False,20,45,99.99998985447101,0.0
5.0,15.0,False,21,45,99.9999897730576,0.0
5.0,15.0,False,22,45,99.9999917008579,0.0
5.0,15.0,False,23,45,99.99999550483525,0.0
5.0,15.0,False,24,45,99.99999382662475,0.0
5.0,15.0,False,25,45,99.99999429461536,0.0
5.0,15.0,False,26,45,99.99999052159905,0.0
5.0,15.0,False,27,45,99.9999905732565,0.0
5.0,15.0,False,28,45,99.99999046369453,0.0
5.0,15.0,False,29,45,99.99999030118416,0.0
5.0,15.0,False,30,45,99.9999905189785,0.0
5.0,15.0,False,31,45,99.99999442762568,0.0
5.0,15.0,False,32,45,99.99999286088483,0.0
5.0,15.0,False,33,45,99.99999237552778,0.0
5.0,15.0,False,34,45,99.9999940244506,0.0
5.0,15.0,False,35,45,99.9999942562981,0.0
5.0,15.0,False,36,45,99.99999275466709,0.0
5.0,15.0,False,37,45,99.99999257041742,0.0
5.0,15.0,False,38,45,99.99999164814965,0.0
5.0,15.0,False,39,45,99.99999409751581,0.0
5.0,15.0,False,40,45,99.99999372906706,0.0
5.0,15.0,False,41,45,99.99999588418015,0.0
5.0,15.0,False,42,45,99.99999830315157,0.0
5.0,15.0,False,43,45,100.00000062311653,0.0
5.0,15.0,False,44,45,100.00000007675655,0.0
5.0,15.0,False,45,45,100.0000002908533,0.0
5.0,15.0,False,46,45,99.9999993109903,0.0
5.0,15.0,False,47,45,99.99999978573106,0.0
5.0,15.0,False,48,45,100.00000018160893,0.0
5.0,15.0,False,49,45,100.00000204085103,0.0
5.0,15.0,False,50,45,100.00000194680824,0.0
5.0,15.0,False,1,46,99.92617062481787,0.0
5.0,15.0,False,2,46,99.99998220709776,0.0
5.0,15.0,False,3,46,100.00000022322827,0.0
5.0,15.0,False,4,46,99.9999978448096,0.0
5.0,15.0,False,5,46,100.00000120255973,0.0
5.0,15.0,False,6,46,100.00001064930802,0.0
5.0,15.0,False,7,46,100.00001203311314,0.0
5.0,15.0,False,8,46,100.00002785557791,0.0
5.0,15.0,False,9,46,100.00002225928625,0.0
5.0,15.0,False,10,46,100.00002207516769,0.0
5.0,15.0,False,11,46,100.00001581550026,0.0
5.0,15.0,False,12,46,100.00001060464021,0.0
5.0,15.0,False,13,46,100.00000839132454,0.0
5.0,15.0,False,14,46,100.00000745626684,0.0
5.0,15.0,False,15,46,100.00000605970463,0.0
5.0,15.0,False,16,46,100.00000606473988,0.0
5.0,15.0,False,17,46,100.00000560697126,0.0
5.0,15.0,False,18,46,100.00000541931828,0.0
5.0,15.0,False,19,46,100.00000659663712,0.0
5.0,15.0,False,20,46,100.00000658871974,0.0
5.0,15.0,False,21,46,100.00000499300592,0.0
5.0,15.0,False,22,46,100.0000042252977,0.0
5.0,15.0,False,23,46,100.00000432400381,0.0
5.0,15.0,False,24,46,100.00000519778379,0.0
5.0,15.0,False,25,46,100.00000540879341,0.0
5.0,15.0,False,26,46,100.00000553606836,0.0
5.0,15.0,False,27,46,100.00000711242322,0.0
5.0,15.0,False,28,46,100.00000717274364,0.0
5.0,15.0,False,29,46,100.00000673969036,0.0
5.0,15.0,False,30,46,100.00000687885773,0.0
5.0,15.0,False,31,46,100.00000629077086,0.0
5.0,15.0,False,32,46,100.00000823545184,0.0
5.0,15.0,False,33,46,100.00000539174717,0.0
5.0,15.0,False,34,46,100.00000249482974,0.0
5.0,15.0,False,35,46,100.00000035989672,0.0
5.0,15.0,False,36,46,100.00000105220786,0.0
5.0,15.0,False,37,46,100.00000099493623,0.0
5.0,15.0,False,38,46,100.00000327965641,0.0
5.0,15.0,False,39,46,100.00000338746236,0.0
5.0,15.0,False,40,46,100.00000130970581,0.0
5.0,15.0,False,41,46,100.00000248397559,0.0
5.0,15.0,False,42,46,100.00000194857556,0.0
5.0,15.0,False,43,46,100.00000285994079,0.0
5.0,15.0,False,44,46,100.00000207212636,0.0
5.0,15.0,False,45,46,100.00000186808768,0.0
5.0,15.0,False,46,46,100.0000043902865,0.0
5.0,15.0,False,47,46,100.0000039552456,0.0
5.0,15.0,False,48,46,100.00000404417179,0.0
5.0,15.0,False,49,46,100.00000269681203,0.0
5.0,15.0,False,50,46,100.0000026264793,0.0
5.0,20.0,True,1,42,101.33320671660384,0.0
5.0,20.0,True,2,42,100.0000224358918,0.0
5.0,20.0,True,3,42,100.00001947989486,0.0
5.0,20.0,True,4,42,100.0000198309142,0.0
5.0,20.0,True,5,42,100.00001865499576,0.0
5.0,20.0,True,6,42,100.0000205460625,0.0
5.0,20.0,True,7,42,100.00002434916534,0.0
5.0,20.0,True,8,42,100.00002357952002,0.0
5.0,20.0,True,9,42,100.00002405617029,0.0
5.0,20.0,True,10,42,100.00001901054506,0.0
5.0,20.0,True,11,42,100.00001983982233,0.0
5.0,20.0,True,12,42,100.00001053698945,0.0
5.0,20.0,True,13,42,100.00000780709433,0.0
5.0,20.0,True,14,42,100.00000725823746,0.0
5.0,20.0,True,15,42,100.0000072774527,0.0
5.0,20.0,True,16,42,100.00000821760176,0.0
5.0,20.0,True,17,42,100.00000735199812,0.0
5.0,20.0,True,18,42,100.00000829292026,0.0
5.0,20.0,True,19,42,100.00000794778366,0.0
5.0,20.0,True,20,42,100.00000784447728,0.0
5.0,20.0,True,21,42,100.000006625103,0.0
5.0,20.0,True,22,42,100.0000067707445,0.0
5.0,20.0,True,23,42,100.00000679771472,0.0
5.0,20.0,True,24,42,100.00000449125547,0.0
5.0,20.0,True,25,42,100.00000398815871,0.0
5.0,20.0,True,26,42,100.00000357203722,0.0
5.0,20.0,True,27,42,100.0000023747508,0.0
5.0,20.0,True,28,42,100.00000202775787,0.0
5.0,20.0,True,29,42,100.00000146444268,0.0
5.0,20.0,True,30,42,99.99999946325093,0.0
5.0,20.0,True,31,42,99.9999996760559,0.0
5.0,20.0,True,32,42,99.99999945647315,0.0
5.0,20.0,True,33,42,99.99999862629355,0.0
5.0,20.0,True,34,42,99.99999825453843,0.0
5.0,20.0,True,35,42,99.99999895427509,0.0
5.0,20.0,True,36,42,99.99999862132043,0.0
5.0,20.0,True,37,42,99.99999828697818,0.0
5.0,20.0,True,38,42,100.00000229273238,0.0
5.0,20.0,True,39,42,100.00000044588108,0.0
5.0,20.0,True,40,42,99.99999925754513,0.0
5.0,20.0,True,41,42,99.99999899281947,0.0
5.0,20.0,True,42,42,99.99999894449742,0.0
5.0,20.0,True,43,42,100.00000011179966,0.0
5.0,20.0,True,44,42,100.0000001670297,0.0
5.0,20.0,True,45,42,100.00000005220457,0.0
5.0,20.0,True,46,42,100.0000000217556,0.0
5.0,20.0,True,47,42,100.00000040493,0.0
5.0,20.0,True,48,42,100.00000173596612,0.0
5.0,20.0,True,49,42,99.99999851627516,0.0
5.0,20.0,True,50,42,99.99999852782796,0.0
5.0,20.0,True,1,43,101.33421515645014,0.0
5.0,20.0,True,2,43,99.99999497170343,0.0
5.0,20.0,True,3,43,100.00001785547953,0.0
5.0,20.0,True,4,43,100.00001838844256,0.0
5.0,20.0,True,5,43,100.00002321379561,0.0
5.0,20.0,True,6,43,100.00001993784107,0.0
5.0,20.0,True,7,43,100.00002157374995,0.0
5.0,20.0,True,8,43,100.00002106685085,0.0
5.0,20.0,True,9,43,100.0000128842762,0.0
5.0,20.0,True,10,43,100.00001461183841,0.0
5.0,20.0,True,11,43,100.00001641441327,0.0
5.0,20.0,True,12,43,100.000015571093,0.0
5.0,20.0,True,13,43,100.00001358220052,0.0
5.0,20.0,True,14,43,100.0000140348968,0.0
5.0,20.0,True,15,43,100.00001392938381,0.0
5.0,20.0,True,16,43,100.00001482684254,0.0
5.0,20.0,True,17,43,100.00001493986936,0.0
5.0,20.0,True,18,43,100.00001141697629,0.0
5.0,20.0,True,19,43,100.0000125553128,0.0
5.0,20.0,True,20,43,100.00001121498251,0.0
5.0,20.0,True,21,43,100.00000940199456,0.0
5.0,20.0,True,22,43,100.00000861491374,0.0
5.0,20.0,True,23,43,100.00000921406257,0.0
5.0,20.0,True,24,43,100.00000749258376,0.0
5.0,20.0,True,25,43,100.00000746218595,0.0
5.0,20.0,True,26,43,100.0000045098277,0.0
5.0,20.0,True,27,43,100.00000275389661,0.0
5.0,20.0,True,28,43,100.00000316975209,0.0
5.0,20.0,True,29,43,100.00000331307052,0.0
5.0,20.0,True,30,43,100.0000024202159,0.0
5.0,20.0,True,31,43,100.0000034126594,0.0
5.0,20.0,True,32,43,100.00000264309288,0.0
5.0,20.0,True,33,43,100.00000301530665,0.0
5.0,20.0,True,34,43,99.99999952429826,0.0
5.0,20.0,True,35,43,100.00000258832239,0.0
5.0,20.0,True,36,43,100.00000164377371,0.0
5.0,20.0,True,37,43,100.0000035856535,0.0
5.0,20.0,True,38,43,100.00000361669382,0.0
5.0,20.0,True,39,43,100.00000365036513,0.0
5.0,20.0,True,40,43,100.00000290166496,0.0
5.0,20.0,True,41,43,100.00000264510847,0.0
5.0,20.0,True,42,43,100.00000039078165,0.0
5.0,20.0,True,43,43,99.9999998542375,0.0
5.0,20.0,True,44,43,99.99999998275123,0.0
5.0,20.0,True,45,43,100.00000012072222,0.0
5.0,20.0,True,46,43,99.9999986932403,0.0
5.0,20.0,True,47,43,99.99999886434246,0.0
5.0,20.0,True,48,43,99.99999845036697,0.0
5.0,20.0,True,49,43,99.99999894445011,0.0
5.0,20.0,True,50,43,99.99999879146205,0.0
5.0,20.0,True,1,44,101.33472645381681,0.0
5.0,20.0,True,2,44,100.00001114242542,0.0
5.0,20.0,True,3,44,99.99997061194979,0.0
5.0,20.0,True,4,44,99.99997093551866,0.0
5.0,20.0,True,5,44,99.99998540211207,0.0
5.0,20.0,True,6,44,99.99998938911546,0.0
5.0,20.0,True,7,44,99.99998943128386,0.0
5.0,20.0,True,8,44,99.99998914153622,0.0
5.0,20.0,True,9,44,99.99998513642981,0.0
5.0,20.0,True,10,44,99.99998526170256,0.0
5.0,20.0,True,11,44,99.99998528994362,0.0
5.0,20.0,True,12,44,99.99999440589514,0.0
5.0,20.0,True,13,44,99.99999331081946,0.0
5.0,20.0,True,14,44,99.99999330474739,0.0
5.0,20.0,True,15,44,99.9999926227839,0.0
5.0,20.0,True,16,44,99.99999305746752,0.0
5.0,20.0,True,17,44,100.00000002877157,0.0
5.0,20.0,True,18,44,100.0000014555626,0.0
5.0,20.0,True,19,44,100.00000072042616,0.0
5.0,20.0,True,20,44,100.00000002622411,0.0
5.0,20.0,True,21,44,100.00000051669579,0.0
5.0,20.0,True,22,44,100.00000071310248,0.0
5.0,20.0,True,23,44,99.99999772814455,0.0
5.0,20.0,True,24,44,99.99999378228833,0.0
5.0,20.0,True,25,44,99.99999421372647,0.0
5.0,20.0,True,26,44,99.99999472059287,0.0
5.0,20.0,True,27,44,99.99999493666445,0.0
5.0,20.0,True,28,44,99.99999362286229,0.0
5.0,20.0,True,29,44,99.99999381104465,0.0
5.0,20.0,True,30,44,99.99999483993817,0.0
5.0,20.0,True,31,44,99.99999488514766,0.0
5.0,20.0,True,32,44,99.99999538898825,0.0
5.0,20.0,True,33,44,99.99999706470655,0.0
5.0,20.0,True,34,44,99.99999741987685,0.0
5.0,20.0,True,35,44,99.99999746193178,0.0
5.0,20.0,True,36,44,99.99999760498302,0.0
5.0,20.0,True,37,44,99.99999767894221,0.0
5.0,20.0,True,38,44,99.99999777280291,0.0
5.0,20.0,True,39,44,99.99999804829702,0.0
5.0,20.0,True,40,44,99.99999742515834,0.0
5.0,20.0,True,41,44,99.99999960627609,0.0
5.0,20.0,True,42,44,99.99999984628676,0.0
5.0,20.0,True,43,44,100.00000045786314,0.0
5.0,20.0,True,44,44,100.00000068717186,0.0
5.0,20.0,True,45,44,100.00000063727518,0.0
5.0,20.0,True,46,44,100.00000151876463,0.0
5.0,20.0,True,47,44,100.00000145116013,0.0
5.0,20.0,True,48,44,100.00000095687781,0.0
5.0,20.0,True,49,44,100.00000105460725,0.0
5.0,20.0,True,50,44,100.00000102511063,0.0
5.0,20.0,True,1,45,101.33306015599247,0.0
5.0,20.0,True,2,45,99.99998301892967,0.0
5.0,20.0,True,3,45,100.00000800161246,0.0
5.0,20.0,True,4,45,99.99999770090238,0.0
5.0,20.0,True,5,45,99.99999795964796,0.0
5.0,20.0,True,6,45,99.99999896473014,0.0
5.0,20.0,True,7,45,99.99999899005928,0.0
5.0,20.0,True,8,45,99.99999943327106,0.0
5.0,20.0,True,9,45,100.0000014347497,0.0
5.0,20.0,True,10,45,99.9999983471001,0.0
5.0,20.0,True,11,45,99.99999954357972,0.0
5.0,20.0,True,12,45,99.99999432832573,0.0
5.0,20.0,True,13,45,99.99999501006548,0.0
5.0,20.0,True,14,45,99.99999495118358,0.0
5.0,20.0,True,15,45,99.99999476339782,0.0
5.0,20.0,True,16,45,99.99999396631296,0.0
5.0,20.0,True,17,45,99.99999264864812,0.0
5.0,20.0,True,18,45,99.9999919904077,0.0
5.0,20.0,True,19,45,99.99999151131962,0.0
5.0,20.0,True,20,45,99.99999139242895,0.0
5.0,20.0,True,21,45,99.99999068604873,0.0
5.0,20.0,True,22,45,99.99999279659994,0.0
5.0,20.0,True,23,45,99.99999609714928,0.0
5.0,20.0,True,24,45,99.99999482203327,0.0
5.0,20.0,True,25,45,99.99999633285131,0.0
5.0,20.0,True,26,45,99.99999339525053,0.0
5.0,20.0,True,27,45,99.99999245745536,0.0
5.0,20.0,True,28,45,99.99999250215635,0.0
5.0,20.0,True,29,45,99.99999222915038,0.0
5.0,20.0,True,30,45,99.99999232327207,0.0
5.0,20.0,True,31,45,99.99999415830816,0.0
5.0,20.0,True,32,45,99.9999943630232,0.0
5.0,20.0,True,33,45,99.99999339319041,0.0
5.0,20.0,True,34,45,99.9999949665634,0.0
5.0,20.0,True,35,45,99.99999333960889,0.0
5.0,20.0,True,36,45,99.9999919183908,0.0
5.0,20.0,True,37,45,99.99999141634055,0.0
5.0,20.0,True,38,45,99.9999906745336,0.0
5.0,20.0,True,39,45,99.9999932483698,0.0
5.0,20.0,True,40,45,99.99999369736142,0.0
5.0,20.0,True,41,45,100.00000032177147,0.0
5.0,20.0,True,42,45,100.00000037016468,0.0
5.0,20.0,True,43,45,100.0000011268036,0.0
5.0,20.0,True,44,45,100.00000007260158,0.0
5.0,20.0,True,45,45,99.99999966968188,0.0
5.0,20.0,True,46,45,99.99999901638219,0.0
5.0,20.0,True,47,45,99.99999927559878,0.0
5.0,20.0,True,48,45,100.00000034425301,0.0
5.0,20.0,True,49,45,100.0000016709593,0.0
5.0,20.0,True,50,45,100.00000215056812,0.0
5.0,20.0,True,1,46,101.33386852493717,0.0
5.0,20.0,True,2,46,99.9999855396379,0.0
5.0,20.0,True,3,46,100.00000447524157,0.0
5.0,20.0,True,4,46,99.999999831669,0.0
5.0,20.0,True,5,46,100.00000733088461,0.0
5.0,20.0,True,6,46,100.00002819709331,0.0
5.0,20.0,True,7,46,100.000032571225,0.0
5.0,20.0,True,8,46,100.00003238762278,0.0
5.0,20.0,True,9,46,100.00002615543278,0.0
5.0,20.0,True,10,46,100.00002393797055,0.0
5.0,20.0,True,11,46,100.00002181299128,0.0
5.0,20.0,True,12,46,100.00001642910533,0.0
5.0,20.0,True,13,46,100.00001205046367,0.0
5.0,20.0,True,14,46,100.0000105612956,0.0
5.0,20.0,True,15,46,100.00000832174176,0.0
5.0,20.0,True,16,46,100.00000831857756,0.0
5.0,20.0,True,17,46,100.00000578754519,0.0
5.0,20.0,True,18,46,100.0000060555757,0.0
5.0,20.0,True,19,46,100.0000075519722,0.0
5.0,20.0,True,20,46,100.0000075107827,0.0
5.0,20.0,True,21,46,100.00000705001975,0.0
5.0,20.0,True,22,46,100.00000574025742,0.0
5.0,20.0,True,23,46,100.00000579035057,0.0
5.0,20.0,True,24,46,100.0000059566074,0.0
5.0,20.0,True,25,46,100.00000559442277,0.0
5.0,20.0,True,26,46,100.00000536001502,0.0
5.0,20.0,True,27,46,100.00000819105662,0.0
5.0,20.0,True,28,46,100.00000818361907,0.0
5.0,20.0,True,29,46,100.0000079885335,0.0
5.0,20.0,True,30,46,100.00000761138304,0.0
5.0,20.0,True,31,46,100.0000069519454,0.0
5.0,20.0,True,32,46,100.00000739537396,0.0
5.0,20.0,True,33,46,100.00000375835508,0.0
5.0,20.0,True,34,46,100.00000090205853,0.0
5.0,20.0,True,35,46,100.00000025291956,0.0
5.0,20.0,True,36,46,100.00000106348023,0.0
5.0,20.0,True,37,46,100.00000188041393,0.0
5.0,20.0,True,38,46,100.00000353743982,0.0
5.0,20.0,True,39,46,100.00000485930455,0.0
5.0,20.0,True,40,46,100.00000340761522,0.0
5.0,20.0,True,41,46,100.00000246583784,0.0
5.0,20.0,True,42,46,100.000002326615,0.0
5.0,20.0,True,43,46,100.0000016880523,0.0
5.0,20.0,True,44,46,100.00000136959086,0.0
5.0,20.0,True,45,46,100.00000171698801,0.0
5.0,20.0,True,46,46,100.00000241498847,0.0
5.0,20.0,True,47,46,100.00000279068206,0.0
5.0,20.0,True,48,46,100.00000285824291,0.0
5.0,20.0,True,49,46,100.00000190732955,0.0
5.0,20.0,True,50,46,100.00000192273703,0.0
5.0,20.0,False,1,42,99.72173038346048,0.0
5.0,20.0,False,2,42,100.00002188239208,0.0
5.0,20.0,False,3,42,100.0000193175547,0.0
5.0,20.0,False,4,42,100.00001960017391,0.0
5.0,20.0,False,5,42,100.00001829187471,0.0
5.0,20.0,False,6,42,100.00002221372205,0.0
5.0,20.0,False,7,42,100.00002315503627,0.0
5.0,20.0,False,8,42,100.00002351835556,0.0
5.0,20.0,False,9,42,100.00002476896674,0.0
5.0,20.0,False,10,42,100.00002021350937,0.0
5.0,20.0,False,11,42,100.00002100546442,0.0
5.0,20.0,False,12,42,100.00000834600294,0.0
5.0,20.0,False,13,42,100.00000833403958,0.0
5.0,20.0,False,14,42,100.00000792751453,0.0
5.0,20.0,False,15,42,100.00000793196332,0.0
5.0,20.0,False,16,42,100.00000861366426,0.0
5.0,20.0,False,17,42,100.00000753307971,0.0
5.0,20.0,False,18,42,100.00000829165583,0.0
5.0,20.0,False,19,42,100.00000745243423,0.0
5.0,20.0,False,20,42,100.00000719103565,0.0
5.0,20.0,False,21,42,100.00000563798324,0.0
5.0,20.0,False,22,42,100.00000579686974,0.0
5.0,20.0,False,23,42,100.00000582601777,0.0
5.0,20.0,False,24,42,100.00000369451425,0.0
5.0,20.0,False,25,42,100.00000071387392,0.0
5.0,20.0,False,26,42,100.00000062976636,0.0
5.0,20.0,False,27,42,99.99999832252124,0.0
5.0,20.0,False,28,42,99.99999962846267,0.0
5.0,20.0,False,29,42,99.99999732136311,0.0
5.0,20.0,False,30,42,99.99999796952511,0.0
5.0,20.0,False,31,42,99.99999797365871,0.0
5.0,20.0,False,32,42,99.99999783216933,0.0
5.0,20.0,False,33,42,99.99999756697484,0.0
5.0,20.0,False,34,42,99.99999634601403,0.0
5.0,20.0,False,35,42,99.99999730122587,0.0
5.0,20.0,False,36,42,99.99999700644369,0.0
5.0,20.0,False,37,42,99.99999692390838,0.0
5.0,20.0,False,38,42,99.99999945673305,0.0
5.0,20.0,False,39,42,99.99999916963841,0.0
5.0,20.0,False,40,42,99.99999773112265,0.0
5.0,20.0,False,41,42,99.99999766072037,0.0
5.0,20.0,False,42,42,99.9999976251374,0.0
5.0,20.0,False,43,42,99.9999987721346,0.0
5.0,20.0,False,44,42,99.99999934903116,0.0
5.0,20.0,False,45,42,99.99999936084414,0.0
5.0,20.0,False,46,42,99.99999928990094,0.0
5.0,20.0,False,47,42,99.99999809277863,0.0
5.0,20.0,False,48,42,99.99999989436188,0.0
5.0,20.0,False,49,42,99.99999958384981,0.0
5.0,20.0,False,50,42,99.99999952863824,0.0
5.0,20.0,False,1,43,99.72193918695282,0.0
5.0,20.0,False,2,43,99.99999449213165,0.0
5.0,20.0,False,3,43,100.00001836611924,0.0
5.0,20.0,False,4,43,100.00001889839203,0.0
5.0,20.0,False,5,43,100.00002325256173,0.0
5.0,20.0,False,6,43,100.00002039397549,0.0
5.0,20.0,False,7,43,100.00002273035444,0.0
5.0,20.0,False,8,43,100.00002008886945,0.0
5.0,20.0,False,9,43,100.00001908485937,0.0
5.0,20.0,False,10,43,100.00001495180211,0.0
5.0,20.0,False,11,43,100.0000159640131,0.0
5.0,20.0,False,12,43,100.00001719554288,0.0
5.0,20.0,False,13,43,100.00001475361007,0.0
5.0,20.0,False,14,43,100.00001516644369,0.0
5.0,20.0,False,15,43,100.00001506871513,0.0
5.0,20.0,False,16,43,100.00001657247476,0.0
5.0,20.0,False,17,43,100.00001546788883,0.0
5.0,20.0,False,18,43,100.00001127163847,0.0
5.0,20.0,False,19,43,100.00001264069013,0.0
5.0,20.0,False,20,43,100.00001200897826,0.0
5.0,20.0,False,21,43,100.00000874440616,0.0
5.0,20.0,False,22,43,100.00000858774789,0.0
5.0,20.0,False,23,43,100.00000883531463,0.0
5.0,20.0,False,24,43,100.0000082939406,0.0
5.0,20.0,False,25,43,100.00000799144114,0.0
5.0,20.0,False,26,43,100.00000542691785,0.0
5.0,20.0,False,27,43,100.00000317072002,0.0
5.0,20.0,False,28,43,100.00000387004201,0.0
5.0,20.0,False,29,43,100.00000392718798,0.0
5.0,20.0,False,30,43,100.00000312682083,0.0
5.0,20.0,False,31,43,100.00000380131456,0.0
5.0,20.0,False,32,43,100.00000295833999,0.0
5.0,20.0,False,33,43,100.00000292933582,0.0
5.0,20.0,False,34,43,100.00000196651615,0.0
5.0,20.0,False,35,43,100.00000344688908,0.0
5.0,20.0,False,36,43,100.00000143459533,0.0
5.0,20.0,False,37,43,100.00000349265711,0.0
5.0,20.0,False,38,43,100.00000346526151,0.0
5.0,20.0,False,39,43,100.00000354385803,0.0
5.0,20.0,False,40,43,100.00000297448892,0.0
5.0,20.0,False,41,43,100.00000311422022,0.0
5.0,20.0,False,42,43,100.00000137399488,0.0
5.0,20.0,False,43,43,100.00000007873393,0.0
5.0,20.0,False,44,43,100.00000017191998,0.0
5.0,20.0,False,45,43,100.00000019287026,0.0
5.0,20.0,False,46,43,99.99999998243422,0.0
5.0,20.0,False,47,43,99.99999831717477,0.0
5.0,20.0,False,48,43,99.99999860848509,0.0
5.0,20.0,False,49,43,99.99999914984781,0.0
5.0,20.0,False,50,43,99.99999915572185,0.0
5.0,20.0,False,1,44,99.72203051013753,0.0
5.0,20.0,False,2,44,100.000012440085,0.0
5.0,20.0,False,3,44,99.99997050476591,0.0
5.0,20.0,False,4,44,99.9999706383213,0.0
5.0,20.0,False,5,44,99.99998316902982,0.0
5.0,20.0,False,6,44,99.99998723038532,0.0
5.0,20.0,False,7,44,99.99998718805224,0.0
5.0,20.0,False,8,44,99.99998754707414,0.0
5.0,20.0,False,9,44,99.99998643960654,0.0
5.0,20.0,False,10,44,99.99998744591875,0.0
5.0,20.0,False,11,44,99.99998825614617,0.0
5.0,20.0,False,12,44,99.99999185080746,0.0
5.0,20.0,False,13,44,99.99999436189486,0.0
5.0,20.0,False,14,44,99.99999340536436,0.0
5.0,20.0,False,15,44,99.99999442425184,0.0
5.0,20.0,False,16,44,99.99999466519319,0.0
5.0,20.0,False,17,44,100.00000256003048,0.0
5.0,20.0,False,18,44,100.0000037915448,0.0
5.0,20.0,False,19,44,100.00000297164651,0.0
5.0,20.0,False,20,44,100.00000152971569,0.0
5.0,20.0,False,21,44,100.00000221275471,0.0
5.0,20.0,False,22,44,100.00000237127303,0.0
5.0,20.0,False,23,44,99.9999997292987,0.0
5.0,20.0,False,24,44,99.99999508475629,0.0
5.0,20.0,False,25,44,99.99999393910717,0.0
5.0,20.0,False,26,44,99.99999428261435,0.0
5.0,20.0,False,27,44,99.99999356714807,0.0
5.0,20.0,False,28,44,99.99999427129353,0.0
5.0,20.0,False,29,44,99.99999603886832,0.0
5.0,20.0,False,30,44,99.99999632436246,0.0
5.0,20.0,False,31,44,99.9999963158003,0.0
5.0,20.0,False,32,44,99.99999588719456,0.0
5.0,20.0,False,33,44,99.99999739462473,0.0
5.0,20.0,False,34,44,99.99999800290573,0.0
5.0,20.0,False,35,44,99.99999880064013,0.0
5.0,20.0,False,36,44,99.9999987419171,0.0
5.0,20.0,False,37,44,99.99999860915665,0.0
5.0,20.0,False,38,44,99.99999856419939,0.0
5.0,20.0,False,39,44,99.99999860460886,0.0
5.0,20.0,False,40,44,99.9999978145531,0.0
5.0,20.0,False,41,44,100.00000076330383,0.0
5.0,20.0,False,42,44,100.00000125092802,0.0
5.0,20.0,False,43,44,100.00000153843112,0.0
5.0,20.0,False,44,44,100.00000157167867,0.0
5.0,20.0,False,45,44,100.0000015957874,0.0
5.0,20.0,False,46,44,100.00000225169734,0.0
5.0,20.0,False,47,44,100.00000204202715,0.0
5.0,20.0,False,48,44,100.0000014765856,0.0
5.0,20.0,False,49,44,100.00000146015174,0.0
5.0,20.0,False,50,44,100.0000011282815,0.0
5.0,20.0,False,1,45,99.72165583989043,0.0
5.0,20.0,False,2,45,99.9999823192914,0.0
5.0,20.0,False,3,45,100.00000707532266,0.0
5.0,20.0,False,4,45,99.9999962990193,0.0
5.0,20.0,False,5,45,99.99999707196591,0.0
5.0,20.0,False,6,45,99.99999788803292,0.0
5.0,20.0,False,7,45,99.9999979471404,0.0
5.0,20.0,False,8,45,99.99999767046057,0.0
5.0,20.0,False,9,45,100.00000059983753,0.0
5.0,20.0,False,10,45,99.99999711546195,0.0
5.0,20.0,False,11,45,99.99999859998474,0.0
5.0,20.0,False,12,45,99.9999923686986,0.0
5.0,20.0,False,13,45,99.99999287851888,0.0
5.0,20.0,False,14,45,99.99999268381133,0.0
5.0,20.0,False,15,45,99.99999230477903,0.0
5.0,20.0,False,16,45,99.99999281614423,0.0
5.0,20.0,False,17,45,99.99999369289985,0.0
5.0,20.0,False,18,45,99.99999301208918,0.0
5.0,20.0,False,19,45,99.99999157935392,0.0
5.0,20.0,False,20,45,99.99998985426296,0.0
5.0,20.0,False,21,45,99.99998977281146,0.0
5.0,20.0,False,22,45,99.99999170073832,0.0
5.0,20.0,False,23,45,99.9999955050101,0.0
5.0,20.0,False,24,45,99.99999382688466,0.0
5.0,20.0,False,25,45,99.9999942947496,0.0
5.0,20.0,False,26,45,99.99999052182625,0.0
5.0,20.0,False,27,45,99.99999057350261,0.0
5.0,20.0,False,28,45,99.99999046383135,0.0
5.0,20.0,False,29,45,99.99999030132281,0.0
5.0,20.0,False,30,45,99.99999051913645,0.0
5.0,20.0,False,31,45,99.99999442775663,0.0
5.0,20.0,False,32,45,99.99999286106684,0.0
5.0,20.0,False,33,45,99.99999237573958,0.0
5.0,20.0,False,34,45,99.99999402462511,0.0
5.0,20.0,False,35,45,99.99999425618522,0.0
5.0,20.0,False,36,45,99.99999275455167,0.0
5.0,20.0,False,37,45,99.99999257036092,0.0
5.0,20.0,False,38,45,99.99999164814776,0.0
5.0,20.0,False,39,45,99.99999409749528,0.0
5.0,20.0,False,40,45,99.9999937288768,0.0
5.0,20.0,False,41,45,99.99999588404118,0.0
5.0,20.0,False,42,45,99.99999830313664,0.0
5.0,20.0,False,43,45,100.00000062307532,0.0
5.0,20.0,False,44,45,100.0000000768251,0.0
5.0,20.0,False,45,45,100.00000029071555,0.0
5.0,20.0,False,46,45,99.99999931102785,0.0
5.0,20.0,False,47,45,99.99999978566845,0.0
5.0,20.0,False,48,45,100.00000018153605,0.0
5.0,20.0,False,49,45,100.00000204070804,0.0
5.0,20.0,False,50,45,100.0000019466845,0.0
5.0,20.0,False,1,46,99.7218091429429,0.0
5.0,20.0,False,2,46,99.99998220606514,0.0
5.0,20.0,False,3,46,100.00000022282501,0.0
5.0,20.0,False,4,46,99.99999784515859,0.0
5.0,20.0,False,5,46,100.00000120268221,0.0
5.0,20.0,False,6,46,100.0000106511096,0.0
5.0,20.0,False,7,46,100.00001203562556,0.0
5.0,20.0,False,8,46,100.00002785594369,0.0
5.0,20.0,False,9,46,100.00002225922472,0.0
5.0,20.0,False,10,46,100.00002207521096,0.0
5.0,20.0,False,11,46,100.0000158156513,0.0
5.0,20.0,False,12,46,100.00001060530221,0.0
5.0,20.0,False,13,46,100.00000839117267,0.0
5.0,20.0,False,14,46,100.0000074564291,0.0
5.0,20.0,False,15,46,100.00000605980131,0.0
5.0,20.0,False,16,46,100.000006064829,0.0
5.0,20.0,False,17,46,100.00000560700569,0.0
5.0,20.0,False,18,46,100.00000541930481,0.0
5.0,20.0,False,19,46,100.00000659668716,0.0
5.0,20.0,False,20,46,100.00000658877622,0.0
5.0,20.0,False,21,46,100.00000499307589,0.0
5.0,20.0,False,22,46,100.00000422538373,0.0
5.0,20.0,False,23,46,100.00000432374023,0.0
5.0,20.0,False,24,46,100.00000519791934,0.0
5.0,20.0,False,25,46,100.00000540893123,0.0
5.0,20.0,False,26,46,100.00000553642735,0.0
5.0,20.0,False,27,46,100.00000711250757,0.0
5.0,20.0,False,28,46,100.0000071728335,0.0
5.0,20.0,False,29,46,100.00000673974472,0.0
5.0,20.0,False,30,46,100.00000687892089,0.0
5.0,20.0,False,31,46,100.00000629086662,0.0
5.0,20.0,False,32,46,100.00000823549529,0.0
5.0,20.0,False,33,46,100.00000539195942,0.0
5.0,20.0,False,34,46,100.00000249488176,0.0
5.0,20.0,False,35,46,100.00000035980429,0.0
5.0,20.0,False,36,46,100.00000105186551,0.0
5.0,20.0,False,37,46,100.00000099477367,0.0
5.0,20.0,False,38,46,100.00000327966322,0.0
5.0,20.0,False,39,46,100.00000338713917,0.0
5.0,20.0,False,40,46,100.00000130951236,0.0
5.0,20.0,False,41,46,100.00000248399142,0.0
5.0,20.0,False,42,46,100.0000019485774,0.0
5.0,20.0,False,43,46,100.0000028600213,0.0
5.0,20.0,False,44,46,100.00000207217224,0.0
5.0,20.0,False,45,46,100.00000186816706,0.0
5.0,20.0,False,46,46,100.00000439036236,0.0
5.0,20.0,False,47,46,100.00000395531774,0.0
5.0,20.0,False,48,46,100.00000404424578,0.0
5.0,20.0,False,49,46,100.00000269685808,0.0
5.0,20.0,False,50,46,100.00000262652544,0.0
10.0,5.0,True,1,42,100.03149720922903,0.0
10.0,5.0,True,2,42,100.00000505389906,0.0
10.0,5.0,True,3,42,100.0000048206781,0.0
10.0,5.0,True,4,42,100.00000415655093,0.0
10.0,5.0,True,5,42,100.00000518089684,0.0
10.0,5.0,True,6,42,100.00000571806379,0.0
10.0,5.0,True,7,42,100.00000769777154,0.0
10.0,5.0,True,8,42,100.0000075730388,0.0
10.0,5.0,True,9,42,100.00000767722901,0.0
10.0,5.0,True,10,42,100.00000787325294,0.0
10.0,5.0,True,11,42,100.00000805046645,0.0
10.0,5.0,True,12,42,100.0000078707098,0.0
10.0,5.0,True,13,42,100.0000078481454,0.0
10.0,5.0,True,14,42,100.00000402855332,0.0
10.0,5.0,True,15,42,100.00000441485795,0.0
10.0,5.0,True,16,42,100.00000489568123,0.0
10.0,5.0,True,17,42,100.00000458986602,0.0
10.0,5.0,True,18,42,100.00000502850855,0.0
10.0,5.0,True,19,42,100.00000437154276,0.0
10.0,5.0,True,20,42,100.00000421030899,0.0
10.0,5.0,True,21,42,100.00000355374269,0.0
10.0,5.0,True,22,42,100.00000360874733,0.0
10.0,5.0,True,23,42,100.00000360351326,0.0
10.0,5.0,True,24,42,100.00000261552393,0.0
10.0,5.0,True,25,42,100.00000259593847,0.0
10.0,5.0,True,26,42,100.00000245339805,0.0
10.0,5.0,True,27,42,100.00000200070926,0.0
10.0,5.0,True,28,42,100.00000198030176,0.0
10.0,5.0,True,29,42,100.00000210853538,0.0
10.0,5.0,True,30,42,99.99999998668473,0.0
10.0,5.0,True,31,42,100.00000010074888,0.0
10.0,5.0,True,32,42,100.00000017907547,0.0
10.0,5.0,True,33,42,100.00000000780489,0.0
10.0,5.0,True,34,42,99.99999969782877,0.0
10.0,5.0,True,35,42,99.99999994048524,0.0
10.0,5.0,True,36,42,99.99999979084748,0.0
10.0,5.0,True,37,42,99.99999980354966,0.0
10.0,5.0,True,38,42,100.00000104902625,0.0
10.0,5.0,True,39,42,100.00000075143798,0.0
10.0,5.0,True,40,42,100.00000003338334,0.0
10.0,5.0,True,41,42,99.99999929364137,0.0
10.0,5.0,True,42,42,99.99999921466369,0.0
10.0,5.0,True,43,42,99.99999984777175,0.0
10.0,5.0,True,44,42,100.00000023026467,0.0
10.0,5.0,True,45,42,100.00000019937377,0.0
10.0,5.0,True,46,42,100.0000000868958,0.0
10.0,5.0,True,47,42,100.00000012151835,0.0
10.0,5.0,True,48,42,100.00000047440574,0.0
10.0,5.0,True,49,42,100.00000044076202,0.0
10.0,5.0,True,50,42,99.99999974652437,0.0
10.0,5.0,True,1,43,100.03155037485396,0.0
10.0,5.0,True,2,43,99.99999817903135,0.0
10.0,5.0,True,3,43,99.99999819110232,0.0
10.0,5.0,True,4,43,99.99999938419438,0.0
10.0,5.0,True,5,43,100.00000306632302,0.0
10.0,5.0,True,6,43,100.0000030577217,0.0
10.0,5.0,True,7,43,100.00000439702882,0.0
10.0,5.0,True,8,43,100.00000430649752,0.0
10.0,5.0,True,9,43,100.0000028277102,0.0
10.0,5.0,True,10,43,100.0000039049169,0.0
10.0,5.0,True,11,43,100.00000454752177,0.0
10.0,5.0,True,12,43,100.000004926925,0.0
10.0,5.0,True,13,43,100.00000402286832,0.0
10.0,5.0,True,14,43,100.00000490015108,0.0
10.0,5.0,True,15,43,100.00000513868937,0.0
10.0,5.0,True,16,43,100.00000558035873,0.0
10.0,5.0,True,17,43,100.0000053101484,0.0
10.0,5.0,True,18,43,100.00000439438344,0.0
10.0,5.0,True,19,43,100.00000470040592,0.0
10.0,5.0,True,20,43,100.00000489711017,0.0
10.0,5.0,True,21,43,100.00000423747493,0.0
10.0,5.0,True,22,43,100.00000419401935,0.0
10.0,5.0,True,23,43,100.0000043922112,0.0
10.0,5.0,True,24,43,100.00000380242513,0.0
10.0,5.0,True,25,43,100.00000380509547,0.0
10.0,5.0,True,26,43,100.00000290420914,0.0
10.0,5.0,True,27,43,100.00000233145278,0.0
10.0,5.0,True,28,43,100.00000221311193,0.0
10.0,5.0,True,29,43,100.00000227091644,0.0
10.0,5.0,True,30,43,100.0000019574747,0.0
10.0,5.0,True,31,43,100.00000228879627,0.0
10.0,5.0,True,32,43,100.00000211249579,0.0
10.0,5.0,True,33,43,100.0000021737573,0.0
10.0,5.0,True,34,43,100.00000261502092,0.0
10.0,5.0,True,35,43,100.00000269450257,0.0
10.0,5.0,True,36,43,100.00000193407443,0.0
10.0,5.0,True,37,43,100.00000230283106,0.0
10.0,5.0,True,38,43,100.00000233010195,0.0
10.0,5.0,True,39,43,100.00000234655857,0.0
10.0,5.0,True,40,43,100.0000020889592,0.0
10.0,5.0,True,41,43,100.0000019480124,0.0
10.0,5.0,True,42,43,100.00000250395706,0.0
10.0,5.0,True,43,43,100.00000056908499,0.0
10.0,5.0,True,44,43,100.00000060084577,0.0
10.0,5.0,True,45,43,100.00000053598991,0.0
10.0,5.0,True,46,43,99.99999972120827,0.0
10.0,5.0,True,47,43,99.99999963301067,0.0
10.0,5.0,True,48,43,99.99999964297378,0.0
10.0,5.0,True,49,43,99.9999998385675,0.0
10.0,5.0,True,50,43,99.99999962084871,0.0
10.0,5.0,True,1,44,100.03158021992805,0.0
10.0,5.0,True,2,44,100.00000221607317,0.0
10.0,5.0,True,3,44,100.00000238496375,0.0
10.0,5.0,True,4,44,99.99999932530437,0.0
10.0,5.0,True,5,44,99.99999919818538,0.0
10.0,5.0,True,6,44,99.99999931200426,0.0
10.0,5.0,True,7,44,100.0000006735207,0.0
10.0,5.0,True,8,44,100.00000052107697,0.0
10.0,5.0,True,9,44,99.99999979926065,0.0
10.0,5.0,True,10,44,99.99999556980953,0.0
10.0,5.0,True,11,44,99.99999550235427,0.0
10.0,5.0,True,12,44,99.99999953684875,0.0
10.0,5.0,True,13,44,99.99999909734225,0.0
10.0,5.0,True,14,44,99.99999901888188,0.0
10.0,5.0,True,15,44,99.99999836548014,0.0
10.0,5.0,True,16,44,99.99999849403888,0.0
10.0,5.0,True,17,44,99.99999893030255,0.0
10.0,5.0,True,18,44,100.00000213090172,0.0
10.0,5.0,True,19,44,100.0000015090508,0.0
10.0,5.0,True,20,44,100.00000116204252,0.0
10.0,5.0,True,21,44,100.00000132090305,0.0
10.0,5.0,True,22,44,100.00000147589017,0.0
10.0,5.0,True,23,44,100.00000078985256,0.0
10.0,5.0,True,24,44,99.99999951292577,0.0
10.0,5.0,True,25,44,99.99999953704327,0.0
10.0,5.0,True,26,44,99.99999954283442,0.0
10.0,5.0,True,27,44,99.99999958938824,0.0
10.0,5.0,True,28,44,99.99999993330616,0.0
10.0,5.0,True,29,44,99.99999971912973,0.0
10.0,5.0,True,30,44,99.99999963825024,0.0
10.0,5.0,True,31,44,99.99999977876256,0.0
10.0,5.0,True,32,44,99.99999816830079,0.0
10.0,5.0,True,33,44,99.99999859822773,0.0
10.0,5.0,True,34,44,99.99999868468367,0.0
10.0,5.0,True,35,44,99.99999890040974,0.0
10.0,5.0,True,36,44,99.99999894950287,0.0
10.0,5.0,True,37,44,99.99999883438971,0.0
10.0,5.0,True,38,44,99.99999878138564,0.0
10.0,5.0,True,39,44,99.99999863486119,0.0
10.0,5.0,True,40,44,99.99999878734683,0.0
10.0,5.0,True,41,44,99.99999984431223,0.0
10.0,5.0,True,42,44,99.99999992554865,0.0
10.0,5.0,True,43,44,100.00000010024318,0.0
10.0,5.0,True,44,44,100.0000001690529,0.0
10.0,5.0,True,45,44,100.00000014807532,0.0
10.0,5.0,True,46,44,100.00000069194171,0.0
10.0,5.0,True,47,44,100.00000071872795,0.0
10.0,5.0,True,48,44,100.00000030154374,0.0
10.0,5.0,True,49,44,100.00000025735199,0.0
10.0,5.0,True,50,44,100.00000028278347,0.0
10.0,5.0,True,1,45,100.03146168438278,0.0
10.0,5.0,True,2,45,99.99999999240416,0.0
10.0,5.0,True,3,45,100.00000065440727,0.0
10.0,5.0,True,4,45,100.00000136814548,0.0
10.0,5.0,True,5,45,99.99999967064812,0.0
10.0,5.0,True,6,45,100.00000032072438,0.0
10.0,5.0,True,7,45,100.0000002564846,0.0
10.0,5.0,True,8,45,100.00000025640333,0.0
10.0,5.0,True,9,45,100.00000239235058,0.0
10.0,5.0,True,10,45,100.00000137400153,0.0
10.0,5.0,True,11,45,100.0000026965357,0.0
10.0,5.0,True,12,45,99.99999992687651,0.0
10.0,5.0,True,13,45,100.00000014876673,0.0
10.0,5.0,True,14,45,100.00000012227284,0.0
10.0,5.0,True,15,45,100.0000000463155,0.0
10.0,5.0,True,16,45,99.99999985277316,0.0
10.0,5.0,True,17,45,99.99999941798316,0.0
10.0,5.0,True,18,45,99.99999918883466,0.0
10.0,5.0,True,19,45,99.99999853828191,0.0
10.0,5.0,True,20,45,99.99999851795206,0.0
10.0,5.0,True,21,45,99.99999832975664,0.0
10.0,5.0,True,22,45,99.99999872176599,0.0
10.0,5.0,True,23,45,99.99999888130425,0.0
10.0,5.0,True,24,45,99.99999830065966,0.0
10.0,5.0,True,25,45,99.9999979722651,0.0
10.0,5.0,True,26,45,99.99999709346747,0.0
10.0,5.0,True,27,45,99.99999722870595,0.0
10.0,5.0,True,28,45,99.9999972264819,0.0
10.0,5.0,True,29,45,99.99999726101538,0.0
10.0,5.0,True,30,45,99.99999719680542,0.0
10.0,5.0,True,31,45,99.99999753514052,0.0
10.0,5.0,True,32,45,99.99999762245315,0.0
10.0,5.0,True,33,45,99.99999777760247,0.0
10.0,5.0,True,34,45,99.99999786230728,0.0
10.0,5.0,True,35,45,99.9999979399847,0.0
10.0,5.0,True,36,45,99.99999745258259,0.0
10.0,5.0,True,37,45,99.99999649076864,0.0
10.0,5.0,True,38,45,99.99999633792231,0.0
10.0,5.0,True,39,45,99.9999967608585,0.0
10.0,5.0,True,40,45,99.9999967917422,0.0
10.0,5.0,True,41,45,99.99999679122571,0.0
10.0,5.0,True,42,45,99.99999869918861,0.0
10.0,5.0,True,43,45,99.99999975824979,0.0
10.0,5.0,True,44,45,99.99999954569338,0.0
10.0,5.0,True,45,45,99.99999943677415,0.0
10.0,5.0,True,46,45,99.99999912644373,0.0
10.0,5.0,True,47,45,99.99999930374592,0.0
10.0,5.0,True,48,45,99.99999960404097,0.0
10.0,5.0,True,49,45,99.99999995012394,0.0
10.0,5.0,True,50,45,100.00000001450547,0.0
10.0,5.0,True,1,46,100.03152347105382,0.0
10.0,5.0,True,2,46,99.9999958149981,0.0
10.0,5.0,True,3,46,99.99999721965519,0.0
10.0,5.0,True,4,46,99.99999733570056,0.0
10.0,5.0,True,5,46,99.999997538379,0.0
10.0,5.0,True,6,46,99.99999780039957,0.0
10.0,5.0,True,7,46,100.00000104914581,0.0
10.0,5.0,True,8,46,100.00000286024097,0.0
10.0,5.0,True,9,46,100.00000332905034,0.0
10.0,5.0,True,10,46,100.00000359974365,0.0
10.0,5.0,True,11,46,100.00000410677453,0.0
10.0,5.0,True,12,46,100.00000488421833,0.0
10.0,5.0,True,13,46,100.00000493303968,0.0
10.0,5.0,True,14,46,100.00000484660063,0.0
10.0,5.0,True,15,46,100.00000307501384,0.0
10.0,5.0,True,16,46,100.00000336095891,0.0
10.0,5.0,True,17,46,100.00000308803718,0.0
10.0,5.0,True,18,46,100.00000263712397,0.0
10.0,5.0,True,19,46,100.0000020773156,0.0
10.0,5.0,True,20,46,100.00000213514026,0.0
10.0,5.0,True,21,46,100.00000280079166,0.0
10.0,5.0,True,22,46,100.00000287349593,0.0
10.0,5.0,True,23,46,100.00000310617072,0.0
10.0,5.0,True,24,46,100.00000221646391,0.0
10.0,5.0,True,25,46,100.00000171991078,0.0
10.0,5.0,True,26,46,100.00000180795465,0.0
10.0,5.0,True,27,46,100.00000324648825,0.0
10.0,5.0,True,28,46,100.00000330955248,0.0
10.0,5.0,True,29,46,100.00000324731548,0.0
10.0,5.0,True,30,46,100.00000310602198,0.0
10.0,5.0,True,31,46,100.00000313935709,0.0
10.0,5.0,True,32,46,100.00000309045168,0.0
10.0,5.0,True,33,46,100.00000291885056,0.0
10.0,5.0,True,34,46,100.0000019007457,0.0
10.0,5.0,True,35,46,100.00000138859482,0.0
10.0,5.0,True,36,46,100.00000098950913,0.0
10.0,5.0,True,37,46,100.0000012354094,0.0
10.0,5.0,True,38,46,100.00000218784929,0.0
10.0,5.0,True,39,46,100.00000262581156,0.0
10.0,5.0,True,40,46,100.00000190634813,0.0
10.0,5.0,True,41,46,100.00000186088064,0.0
10.0,5.0,True,42,46,100.00000189027205,0.0
10.0,5.0,True,43,46,100.00000095082376,0.0
10.0,5.0,True,44,46,100.00000066647999,0.0
10.0,5.0,True,45,46,100.00000066350083,0.0
10.0,5.0,True,46,46,100.00000135738046,0.0
10.0,5.0,True,47,46,100.00000143076443,0.0
10.0,5.0,True,48,46,100.00000134136033,0.0
10.0,5.0,True,49,46,100.00000139588762,0.0
10.0,5.0,True,50,46,100.00000141846041,0.0
10.0,5.0,False,1,42,100.00002782575515,0.0
10.0,5.0,False,2,42,100.00000481285542,0.0
10.0,5.0,False,3,42,100.00000514968247,0.0
10.0,5.0,False,4,42,100.0000053283348,0.0
10.0,5.0,False,5,42,100.00000518234,0.0
10.0,5.0,False,6,42,100.00000684065384,0.0
10.0,5.0,False,7,42,100.00000805599271,0.0
10.0,5.0,False,8,42,100.00000812427751,0.0
10.0,5.0,False,9,42,100.00000825546968,0.0
10.0,5.0,False,10,42,100.00000839898246,0.0
10.0,5.0,False,11,42,100.00000876657745,0.0
10.0,5.0,False,12,42,100.00000875721872,0.0
10.0,5.0,False,13,42,100.000008685756,0.0
10.0,5.0,False,14,42,100.00000436524499,0.0
10.0,5.0,False,15,42,100.00000583497803,0.0
10.0,5.0,False,16,42,100.00000576393904,0.0
10.0,5.0,False,17,42,100.00000675458739,0.0
10.0,5.0,False,18,42,100.00000666724968,0.0
10.0,5.0,False,19,42,100.00000541541198,0.0
10.0,5.0,False,20,42,100.00000508594039,0.0
10.0,5.0,False,21,42,100.00000409326982,0.0
10.0,5.0,False,22,42,100.00000415061776,0.0
10.0,5.0,False,23,42,100.00000414233065,0.0
10.0,5.0,False,24,42,100.00000414656,0.0
10.0,5.0,False,25,42,100.0000022209739,0.0
10.0,5.0,False,26,42,100.0000020719419,0.0
10.0,5.0,False,27,42,100.00000144086115,0.0
10.0,5.0,False,28,42,100.00000149234562,0.0
10.0,5.0,False,29,42,100.00000152787206,0.0
10.0,5.0,False,30,42,100.00000028885623,0.0
10.0,5.0,False,31,42,99.99999992876191,0.0
10.0,5.0,False,32,42,100.00000007419807,0.0
10.0,5.0,False,33,42,100.00000005835602,0.0
10.0,5.0,False,34,42,99.99999944015126,0.0
10.0,5.0,False,35,42,99.99999975881957,0.0
10.0,5.0,False,36,42,99.99999960508222,0.0
10.0,5.0,False,37,42,99.99999969568356,0.0
10.0,5.0,False,38,42,100.00000007891568,0.0
10.0,5.0,False,39,42,100.00000045822786,0.0
10.0,5.0,False,40,42,99.99999971291598,0.0
10.0,5.0,False,41,42,99.99999910472977,0.0
10.0,5.0,False,42,42,99.99999889268628,0.0
10.0,5.0,False,43,42,99.99999907029539,0.0
10.0,5.0,False,44,42,99.99999989869602,0.0
10.0,5.0,False,45,42,99.99999994978211,0.0
10.0,5.0,False,46,42,99.99999990769031,0.0
10.0,5.0,False,47,42,99.99999933269378,0.0
10.0,5.0,False,48,42,99.99999985744549,0.0
10.0,5.0,False,49,42,100.00000019658802,0.0
10.0,5.0,False,50,42,100.00000017213006,0.0
10.0,5.0,False,1,43,100.00002046204662,0.0
10.0,5.0,False,2,43,99.99999796762992,0.0
10.0,5.0,False,3,43,99.99999818070916,0.0
10.0,5.0,False,4,43,99.99999868510096,0.0
10.0,5.0,False,5,43,100.00000274680545,0.0
10.0,5.0,False,6,43,100.00000398675638,0.0
10.0,5.0,False,7,43,100.00000424269895,0.0
10.0,5.0,False,8,43,100.00000400527284,0.0
10.0,5.0,False,9,43,100.00000397682737,0.0
10.0,5.0,False,10,43,100.00000374293379,0.0
10.0,5.0,False,11,43,100.00000403217945,0.0
10.0,5.0,False,12,43,100.00000518869453,0.0
10.0,5.0,False,13,43,100.00000463743496,0.0
10.0,5.0,False,14,43,100.00000516350578,0.0
10.0,5.0,False,15,43,100.0000051174471,0.0
10.0,5.0,False,16,43,100.00000582778735,0.0
10.0,5.0,False,17,43,100.00000556365627,0.0
10.0,5.0,False,18,43,100.00000431593187,0.0
10.0,5.0,False,19,43,100.0000046920229,0.0
10.0,5.0,False,20,43,100.00000492582343,0.0
10.0,5.0,False,21,43,100.00000401054,0.0
10.0,5.0,False,22,43,100.00000391925167,0.0
10.0,5.0,False,23,43,100.00000403467482,0.0
10.0,5.0,False,24,43,100.00000387731382,0.0
10.0,5.0,False,25,43,100.00000388472648,0.0
10.0,5.0,False,26,43,100.00000312984332,0.0
10.0,5.0,False,27,43,100.00000233359758,0.0
10.0,5.0,False,28,43,100.0000024011322,0.0
10.0,5.0,False,29,43,100.000002426926,0.0
10.0,5.0,False,30,43,100.00000213814346,0.0
10.0,5.0,False,31,43,100.00000235268999,0.0
10.0,5.0,False,32,43,100.00000214140391,0.0
10.0,5.0,False,33,43,100.00000215540459,0.0
10.0,5.0,False,34,43,100.00000290876557,0.0
10.0,5.0,False,35,43,100.00000282728331,0.0
10.0,5.0,False,36,43,100.00000221156317,0.0
10.0,5.0,False,37,43,100.00000253426387,0.0
10.0,5.0,False,38,43,100.00000249989439,0.0
10.0,5.0,False,39,43,100.00000249563985,0.0
10.0,5.0,False,40,43,100.00000227553842,0.0
10.0,5.0,False,41,43,100.00000228241451,0.0
10.0,5.0,False,42,43,100.00000260032564,0.0
10.0,5.0,False,43,43,100.00000014328195,0.0
10.0,5.0,False,44,43,100.00000005478853,0.0
10.0,5.0,False,45,43,100.00000026983923,0.0
10.0,5.0,False,46,43,100.00000027056643,0.0
10.0,5.0,False,47,43,99.99999933083893,0.0
10.0,5.0,False,48,43,99.99999964370451,0.0
10.0,5.0,False,49,43,99.99999979297053,0.0
10.0,5.0,False,50,43,99.99999972732894,0.0
10.0,5.0,False,1,44,100.00002419327798,0.0
10.0,5.0,False,2,44,100.00000244754689,0.0
10.0,5.0,False,3,44,100.00000259379021,0.0
10.0,5.0,False,4,44,100.00000087462521,0.0
10.0,5.0,False,5,44,100.00000082534346,0.0
10.0,5.0,False,6,44,100.00000047070185,0.0
10.0,5.0,False,7,44,99.99999922778686,0.0
10.0,5.0,False,8,44,99.99999937926401,0.0
10.0,5.0,False,9,44,99.99999923440518,0.0
10.0,5.0,False,10,44,99.99999676775047,0.0
10.0,5.0,False,11,44,99.99999651823538,0.0
10.0,5.0,False,12,44,99.9999981801688,0.0
10.0,5.0,False,13,44,99.99999937961499,0.0
10.0,5.0,False,14,44,99.99999874481546,0.0
10.0,5.0,False,15,44,99.99999888102383,0.0
10.0,5.0,False,16,44,99.99999896049428,0.0
10.0,5.0,False,17,44,100.00000164669173,0.0
10.0,5.0,False,18,44,100.0000026381019,0.0
10.0,5.0,False,19,44,100.00000226172504,0.0
10.0,5.0,False,20,44,100.00000160990884,0.0
10.0,5.0,False,21,44,100.000001812774,0.0
10.0,5.0,False,22,44,100.00000193601022,0.0
10.0,5.0,False,23,44,100.00000232589542,0.0
10.0,5.0,False,24,44,100.00000035965213,0.0
10.0,5.0,False,25,44,99.99999951930636,0.0
10.0,5.0,False,26,44,99.99999953156441,0.0
10.0,5.0,False,27,44,99.99999928626076,0.0
10.0,5.0,False,28,44,99.99999964602682,0.0
10.0,5.0,False,29,44,99.99999943641203,0.0
10.0,5.0,False,30,44,99.99999947244729,0.0
10.0,5.0,False,31,44,99.99999947068585,0.0
10.0,5.0,False,32,44,99.99999823762786,0.0
10.0,5.0,False,33,44,99.99999861573832,0.0
10.0,5.0,False,34,44,99.9999987849774,0.0
10.0,5.0,False,35,44,99.99999921337205,0.0
10.0,5.0,False,36,44,99.99999924145126,0.0
10.0,5.0,False,37,44,99.99999896486688,0.0
10.0,5.0,False,38,44,99.99999886012338,0.0
10.0,5.0,False,39,44,99.99999886131923,0.0
10.0,5.0,False,40,44,99.99999872578172,0.0
10.0,5.0,False,41,44,100.00000012918542,0.0
10.0,5.0,False,42,44,100.00000026657997,0.0
10.0,5.0,False,43,44,100.0000003882192,0.0
10.0,5.0,False,44,44,100.00000041601564,0.0
10.0,5.0,False,45,44,100.00000042544036,0.0
10.0,5.0,False,46,44,100.00000082765956,0.0
10.0,5.0,False,47,44,100.00000081841705,0.0
10.0,5.0,False,48,44,100.0000003768214,0.0
10.0,5.0,False,49,44,100.00000027854895,0.0
10.0,5.0,False,50,44,100.00000022298383,0.0
10.0,5.0,False,1,45,100.00002317689851,0.0
10.0,5.0,False,2,45,99.99999972826205,0.0
10.0,5.0,False,3,45,100.00000029358299,0.0
10.0,5.0,False,4,45,100.0000013624803,0.0
10.0,5.0,False,5,45,99.99999928311902,0.0
10.0,5.0,False,6,45,100.00000007857528,0.0
10.0,5.0,False,7,45,100.00000014278606,0.0
10.0,5.0,False,8,45,100.00000004761199,0.0
10.0,5.0,False,9,45,100.00000219425976,0.0
10.0,5.0,False,10,45,100.0000011270644,0.0
10.0,5.0,False,11,45,100.00000241583285,0.0
10.0,5.0,False,12,45,99.99999932361236,0.0
10.0,5.0,False,13,45,99.99999951514958,0.0
10.0,5.0,False,14,45,99.99999943538131,0.0
10.0,5.0,False,15,45,99.99999934464324,0.0
10.0,5.0,False,16,45,99.99999933671748,0.0
10.0,5.0,False,17,45,99.99999962003088,0.0
10.0,5.0,False,18,45,99.99999937979268,0.0
10.0,5.0,False,19,45,99.99999842896284,0.0
10.0,5.0,False,20,45,99.99999811333932,0.0
10.0,5.0,False,21,45,99.99999805760085,0.0
10.0,5.0,False,22,45,99.99999840569077,0.0
10.0,5.0,False,23,45,99.99999840461811,0.0
10.0,5.0,False,24,45,99.99999787259486,0.0
10.0,5.0,False,25,45,99.99999758567884,0.0
10.0,5.0,False,26,45,99.99999693871297,0.0
10.0,5.0,False,27,45,99.99999707261817,0.0
10.0,5.0,False,28,45,99.99999695826186,0.0
10.0,5.0,False,29,45,99.99999696195322,0.0
10.0,5.0,False,30,45,99.99999696532592,0.0
10.0,5.0,False,31,45,99.99999747990472,0.0
10.0,5.0,False,32,45,99.99999719225679,0.0
10.0,5.0,False,33,45,99.99999720211108,0.0
10.0,5.0,False,34,45,99.99999736600779,0.0
10.0,5.0,False,35,45,99.99999796082747,0.0
10.0,5.0,False,36,45,99.99999767043187,0.0
10.0,5.0,False,37,45,99.99999708817178,0.0
10.0,5.0,False,38,45,99.99999669958567,0.0
10.0,5.0,False,39,45,99.99999711369324,0.0
10.0,5.0,False,40,45,99.99999723387496,0.0
10.0,5.0,False,41,45,99.99999728796625,0.0
10.0,5.0,False,42,45,99.99999802935776,0.0
10.0,5.0,False,43,45,99.99999938152706,0.0
10.0,5.0,False,44,45,99.9999990763628,0.0
10.0,5.0,False,45,45,99.99999965586905,0.0
10.0,5.0,False,46,45,99.99999922726383,0.0
10.0,5.0,False,47,45,99.99999949135331,0.0
10.0,5.0,False,48,45,99.99999957320446,0.0
10.0,5.0,False,49,45,100.0000002330919,0.0
10.0,5.0,False,50,45,100.00000028626079,0.0
10.0,5.0,False,1,46,100.00001758714669,0.0
10.0,5.0,False,2,46,99.99999490368083,0.0
10.0,5.0,False,3,46,99.99999629153496,0.0
10.0,5.0,False,4,46,99.99999646184325,0.0
10.0,5.0,False,5,46,99.99999666307434,0.0
10.0,5.0,False,6,46,99.99999721824595,0.0
10.0,5.0,False,7,46,99.99999725957511,0.0
10.0,5.0,False,8,46,100.0000014170216,0.0
10.0,5.0,False,9,46,100.00000157092401,0.0
10.0,5.0,False,10,46,100.00000154823101,0.0
10.0,5.0,False,11,46,100.00000249533764,0.0
10.0,5.0,False,12,46,100.0000031834249,0.0
10.0,5.0,False,13,46,100.00000354182086,0.0
10.0,5.0,False,14,46,100.00000341217554,0.0
10.0,5.0,False,15,46,100.00000179298885,0.0
10.0,5.0,False,16,46,100.00000211356611,0.0
10.0,5.0,False,17,46,100.00000145125428,0.0
10.0,5.0,False,18,46,100.00000142092141,0.0
10.0,5.0,False,19,46,100.00000083998141,0.0
10.0,5.0,False,20,46,100.00000085128833,0.0
10.0,5.0,False,21,46,100.00000150068482,0.0
10.0,5.0,False,22,46,100.00000172071171,0.0
10.0,5.0,False,23,46,100.00000167752903,0.0
10.0,5.0,False,24,46,100.0000005583527,0.0
10.0,5.0,False,25,46,100.00000118141729,0.0
10.0,5.0,False,26,46,100.00000141114627,0.0
10.0,5.0,False,27,46,100.00000243545546,0.0
10.0,5.0,False,28,46,100.0000024756867,0.0
10.0,5.0,False,29,46,100.00000231432358,0.0
10.0,5.0,False,30,46,100.00000234715182,0.0
10.0,5.0,False,31,46,100.00000212515064,0.0
10.0,5.0,False,32,46,100.00000323677271,0.0
10.0,5.0,False,33,46,100.00000288221293,0.0
10.0,5.0,False,34,46,100.0000028543655,0.0
10.0,5.0,False,35,46,100.00000091011584,0.0
10.0,5.0,False,36,46,100.00000106056177,0.0
10.0,5.0,False,37,46,100.0000008575854,0.0
10.0,5.0,False,38,46,100.00000125049539,0.0
10.0,5.0,False,39,46,100.00000162902128,0.0
10.0,5.0,False,40,46,100.00000053582241,0.0
10.0,5.0,False,41,46,100.0000008743605,0.0
10.0,5.0,False,42,46,100.00000066705721,0.0
10.0,5.0,False,43,46,100.00000063099797,0.0
10.0,5.0,False,44,46,100.00000026890507,0.0
10.0,5.0,False,45,46,100.00000022456332,0.0
10.0,5.0,False,46,46,100.0000013879766,0.0
10.0,5.0,False,47,46,100.00000137883674,0.0
10.0,5.0,False,48,46,100.00000157066165,0.0
10.0,5.0,False,49,46,100.00000161372196,0.0
10.0,5.0,False,50,46,100.0000016143285,0.0
10.0,10.0,True,1,42,100.12412957920202,0.0
10.0,10.0,True,2,42,100.00000505128367,0.0
10.0,10.0,True,3,42,100.00000481845771,0.0
10.0,10.0,True,4,42,100.00000415450882,0.0
10.0,10.0,True,5,42,100.00000517912267,0.0
10.0,10.0,True,6,42,100.00000571739719,0.0
10.0,10.0,True,7,42,100.00000769650967,0.0
10.0,10.0,True,8,42,100.00000757161985,0.0
10.0,10.0,True,9,42,100.00000767570246,0.0
10.0,10.0,True,10,42,100.00000787139857,0.0
10.0,10.0,True,11,42,100.00000804877851,0.0
10.0,10.0,True,12,42,100.00000786887765,0.0
10.0,10.0,True,13,42,100.00000784644129,0.0
10.0,10.0,True,14,42,100.00000402703154,0.0
10.0,10.0,True,15,42,100.00000441424658,0.0
10.0,10.0,True,16,42,100.00000489527716,0.0
10.0,10.0,True,17,42,100.00000458991886,0.0
10.0,10.0,True,18,42,100.00000502661254,0.0
10.0,10.0,True,19,42,100.00000437091265,0.0
10.0,10.0,True,20,42,100.00000421112735,0.0
10.0,10.0,True,21,42,100.00000355364693,0.0
10.0,10.0,True,22,42,100.00000360868958,0.0
10.0,10.0,True,23,42,100.00000360350293,0.0
10.0,10.0,True,24,42,100.00000261530519,0.0
10.0,10.0,True,25,42,100.00000259574477,0.0
10.0,10.0,True,26,42,100.00000245327375,0.0
10.0,10.0,True,27,42,100.00000200038693,0.0
10.0,10.0,True,28,42,100.00000197990727,0.0
10.0,10.0,True,29,42,100.00000210824412,0.0
10.0,10.0,True,30,42,99.99999998719858,0.0
10.0,10.0,True,31,42,100.00000009998655,0.0
10.0,10.0,True,32,42,100.00000017985539,0.0
10.0,10.0,True,33,42,100.0000000077093,0.0
10.0,10.0,True,34,42,99.99999969760671,0.0
10.0,10.0,True,35,42,99.99999994034056,0.0
10.0,10.0,True,36,42,99.99999979069793,0.0
10.0,10.0,True,37,42,99.99999980343378,0.0
10.0,10.0,True,38,42,100.0000010495931,0.0
10.0,10.0,True,39,42,100.00000075124142,0.0
10.0,10.0,True,40,42,100.00000003334219,0.0
10.0,10.0,True,41,42,99.99999929380022,0.0
10.0,10.0,True,42,42,99.99999921471309,0.0
10.0,10.0,True,43,42,99.99999984782417,0.0
10.0,10.0,True,44,42,100.00000023018924,0.0
10.0,10.0,True,45,42,100.00000019930908,0.0
10.0,10.0,True,46,42,100.00000008703441,0.0
10.0,10.0,True,47,42,100.0000001217468,0.0
10.0,10.0,True,48,42,100.00000047451746,0.0
10.0,10.0,True,49,42,100.00000044169695,0.0
10.0,10.0,True,50,42,99.99999974676027,0.0
10.0,10.0,True,1,43,100.12424733741949,0.0
10.0,10.0,True,2,43,99.99999817898352,0.0
10.0,10.0,True,3,43,99.99999819107225,0.0
10.0,10.0,True,4,43,99.99999938533935,0.0
10.0,10.0,True,5,43,100.000003066832,0.0
10.0,10.0,True,6,43,100.00000305819675,0.0
10.0,10.0,True,7,43,100.00000439747964,0.0
10.0,10.0,True,8,43,100.00000430720135,0.0
10.0,10.0,True,9,43,100.00000282902262,0.0
10.0,10.0,True,10,43,100.00000390591367,0.0
10.0,10.0,True,11,43,100.00000454768133,0.0
10.0,10.0,True,12,43,100.00000492713494,0.0
10.0,10.0,True,13,43,100.00000402316672,0.0
10.0,10.0,True,14,43,100.00000490058645,0.0
10.0,10.0,True,15,43,100.00000513913741,0.0
10.0,10.0,True,16,43,100.00000558006484,0.0
10.0,10.0,True,17,43,100.00000531030393,0.0
10.0,10.0,True,18,43,100.00000439450778,0.0
10.0,10.0,True,19,43,100.0000047003715,0.0
10.0,10.0,True,20,43,100.00000489712691,0.0
10.0,10.0,True,21,43,100.00000423748868,0.0
10.0,10.0,True,22,43,100.00000419417347,0.0
10.0,10.0,True,23,43,100.00000439212198,0.0
10.0,10.0,True,24,43,100.00000380260133,0.0
10.0,10.0,True,25,43,100.00000380532575,0.0
10.0,10.0,True,26,43,100.00000290413885,0.0
10.0,10.0,True,27,43,100.00000233140742,0.0
10.0,10.0,True,28,43,100.00000221312172,0.0
10.0,10.0,True,29,43,100.00000227091903,0.0
10.0,10.0,True,30,43,100.00000195751338,0.0
10.0,10.0,True,31,43,100.0000022885484,0.0
10.0,10.0,True,32,43,100.00000211217912,0.0
10.0,10.0,True,33,43,100.00000217327869,0.0
10.0,10.0,True,34,43,100.00000261508745,0.0
10.0,10.0,True,35,43,100.00000269422635,0.0
10.0,10.0,True,36,43,100.00000193413916,0.0
10.0,10.0,True,37,43,100.00000230292554,0.0
10.0,10.0,True,38,43,100.00000233020207,0.0
10.0,10.0,True,39,43,100.00000234658067,0.0
10.0,10.0,True,40,43,100.00000208909762,0.0
10.0,10.0,True,41,43,100.00000194822132,0.0
10.0,10.0,True,42,43,100.00000250413791,0.0
10.0,10.0,True,43,43,100.00000056940516,0.0
10.0,10.0,True,44,43,100.00000060136895,0.0
10.0,10.0,True,45,43,100.00000053630097,0.0
10.0,10.0,True,46,43,99.99999972094533,0.0
10.0,10.0,True,47,43,99.99999963344095,0.0
10.0,10.0,True,48,43,99.99999964335208,0.0
10.0,10.0,True,49,43,99.99999983897456,0.0
10.0,10.0,True,50,43,99.9999996212953,0.0
10.0,10.0,True,1,44,100.12430353602306,0.0
10.0,10.0,True,2,44,100.0000022167899,0.0
10.0,10.0,True,3,44,100.00000238563331,0.0
10.0,10.0,True,4,44,99.99999932465556,0.0
10.0,10.0,True,5,44,99.99999919741342,0.0
10.0,10.0,True,6,44,99.99999931147714,0.0
10.0,10.0,True,7,44,100.00000067226553,0.0
10.0,10.0,True,8,44,100.00000052014886,0.0
10.0,10.0,True,9,44,99.99999979828303,0.0
10.0,10.0,True,10,44,99.9999955690063,0.0
10.0,10.0,True,11,44,99.99999550193944,0.0
10.0,10.0,True,12,44,99.9999995379899,0.0
10.0,10.0,True,13,44,99.99999909795794,0.0
10.0,10.0,True,14,44,99.99999901925526,0.0
10.0,10.0,True,15,44,99.99999836593469,0.0
10.0,10.0,True,16,44,99.99999849437248,0.0
10.0,10.0,True,17,44,99.99999893098831,0.0
10.0,10.0,True,18,44,100.0000021313769,0.0
10.0,10.0,True,19,44,100.00000150914151,0.0
10.0,10.0,True,20,44,100.00000116402533,0.0
10.0,10.0,True,21,44,100.00000132215183,0.0
10.0,10.0,True,22,44,100.00000147709855,0.0
10.0,10.0,True,23,44,100.00000078983068,0.0
10.0,10.0,True,24,44,99.99999951329727,0.0
10.0,10.0,True,25,44,99.99999953742865,0.0
10.0,10.0,True,26,44,99.99999954322567,0.0
10.0,10.0,True,27,44,99.99999958975428,0.0
10.0,10.0,True,28,44,99.99999993456066,0.0
10.0,10.0,True,29,44,99.99999971944439,0.0
10.0,10.0,True,30,44,99.99999963875831,0.0
10.0,10.0,True,31,44,99.9999997788412,0.0
10.0,10.0,True,32,44,99.99999816854448,0.0
10.0,10.0,True,33,44,99.99999859848765,0.0
10.0,10.0,True,34,44,99.99999868467195,0.0
10.0,10.0,True,35,44,99.99999890036915,0.0
10.0,10.0,True,36,44,99.99999894951216,0.0
10.0,10.0,True,37,44,99.99999883395067,0.0
10.0,10.0,True,38,44,99.99999878059,0.0
10.0,10.0,True,39,44,99.9999986341507,0.0
10.0,10.0,True,40,44,99.99999878631124,0.0
10.0,10.0,True,41,44,99.99999984392494,0.0
10.0,10.0,True,42,44,99.99999992494558,0.0
10.0,10.0,True,43,44,100.00000010004504,0.0
10.0,10.0,True,44,44,100.00000016896898,0.0
10.0,10.0,True,45,44,100.00000014798084,0.0
10.0,10.0,True,46,44,100.00000069200141,0.0
10.0,10.0,True,47,44,100.00000071897043,0.0
10.0,10.0,True,48,44,100.00000030167132,0.0
10.0,10.0,True,49,44,100.00000025750144,0.0
10.0,10.0,True,50,44,100.00000028293306,0.0
10.0,10.0,True,1,45,100.12407471194761,0.0
10.0,10.0,True,2,45,99.99999999267925,0.0
10.0,10.0,True,3,45,100.00000065505712,0.0
10.0,10.0,True,4,45,100.00000136914605,0.0
10.0,10.0,True,5,45,99.99999967221638,0.0
10.0,10.0,True,6,45,100.00000032212853,0.0
10.0,10.0,True,7,45,100.00000025819719,0.0
10.0,10.0,True,8,45,100.00000025760245,0.0
10.0,10.0,True,9,45,100.00000239371258,0.0
10.0,10.0,True,10,45,100.0000013755139,0.0
10.0,10.0,True,11,45,100.00000269809846,0.0
10.0,10.0,True,12,45,99.99999992798756,0.0
10.0,10.0,True,13,45,100.00000014972332,0.0
10.0,10.0,True,14,45,100.00000012322641,0.0
10.0,10.0,True,15,45,100.0000000473947,0.0
10.0,10.0,True,16,45,99.99999985365474,0.0
10.0,10.0,True,17,45,99.99999941761646,0.0
10.0,10.0,True,18,45,99.9999991886698,0.0
10.0,10.0,True,19,45,99.99999853852738,0.0
10.0,10.0,True,20,45,99.99999851873685,0.0
10.0,10.0,True,21,45,99.999998330566,0.0
10.0,10.0,True,22,45,99.99999872256572,0.0
10.0,10.0,True,23,45,99.99999888198434,0.0
10.0,10.0,True,24,45,99.99999830035176,0.0
10.0,10.0,True,25,45,99.9999979729094,0.0
10.0,10.0,True,26,45,99.9999970940178,0.0
10.0,10.0,True,27,45,99.99999722917947,0.0
10.0,10.0,True,28,45,99.99999722697902,0.0
10.0,10.0,True,29,45,99.999997261488,0.0
10.0,10.0,True,30,45,99.99999719728407,0.0
10.0,10.0,True,31,45,99.99999753684938,0.0
10.0,10.0,True,32,45,99.99999762390078,0.0
10.0,10.0,True,33,45,99.99999777907607,0.0
10.0,10.0,True,34,45,99.99999786362943,0.0
10.0,10.0,True,35,45,99.99999794126853,0.0
10.0,10.0,True,36,45,99.99999745506923,0.0
10.0,10.0,True,37,45,99.99999648984428,0.0
10.0,10.0,True,38,45,99.9999963377019,0.0
10.0,10.0,True,39,45,99.99999676104665,0.0
10.0,10.0,True,40,45,99.99999679184097,0.0
10.0,10.0,True,41,45,99.99999679131363,0.0
10.0,10.0,True,42,45,99.99999869953413,0.0
10.0,10.0,True,43,45,99.99999975824014,0.0
10.0,10.0,True,44,45,99.99999954570555,0.0
10.0,10.0,True,45,45,99.99999943682666,0.0
10.0,10.0,True,46,45,99.99999912653635,0.0
10.0,10.0,True,47,45,99.99999930366819,0.0
10.0,10.0,True,48,45,99.99999960412461,0.0
10.0,10.0,True,49,45,99.99999995064998,0.0
10.0,10.0,True,50,45,100.00000001499293,0.0
10.0,10.0,True,1,46,100.12419549268621,0.0
10.0,10.0,True,2,46,99.99999581566433,0.0
10.0,10.0,True,3,46,99.99999722030702,0.0
10.0,10.0,True,4,46,99.99999733654225,0.0
10.0,10.0,True,5,46,99.9999975395736,0.0
10.0,10.0,True,6,46,99.99999780150918,0.0
10.0,10.0,True,7,46,100.00000104613004,0.0
10.0,10.0,True,8,46,100.00000286081593,0.0
10.0,10.0,True,9,46,100.0000033298809,0.0
10.0,10.0,True,10,46,100.00000360164009,0.0
10.0,10.0,True,11,46,100.00000410829247,0.0
10.0,10.0,True,12,46,100.00000488557417,0.0
10.0,10.0,True,13,46,100.00000493420887,0.0
10.0,10.0,True,14,46,100.0000048477666,0.0
10.0,10.0,True,15,46,100.00000307664578,0.0
10.0,10.0,True,16,46,100.00000336279288,0.0
10.0,10.0,True,17,46,100.00000308894496,0.0
10.0,10.0,True,18,46,100.0000026380107,0.0
10.0,10.0,True,19,46,100.00000207813241,0.0
10.0,10.0,True,20,46,100.00000213613292,0.0
10.0,10.0,True,21,46,100.00000280177437,0.0
10.0,10.0,True,22,46,100.00000287438183,0.0
10.0,10.0,True,23,46,100.00000310741073,0.0
10.0,10.0,True,24,46,100.00000221729226,0.0
10.0,10.0,True,25,46,100.00000172002294,0.0
10.0,10.0,True,26,46,100.00000180803137,0.0
10.0,10.0,True,27,46,100.0000032468514,0.0
10.0,10.0,True,28,46,100.00000330987802,0.0
10.0,10.0,True,29,46,100.00000324763235,0.0
10.0,10.0,True,30,46,100.00000310631012,0.0
10.0,10.0,True,31,46,100.00000313897817,0.0
10.0,10.0,True,32,46,100.00000309110717,0.0
10.0,10.0,True,33,46,100.00000291939514,0.0
10.0,10.0,True,34,46,100.00000190304048,0.0
10.0,10.0,True,35,46,100.00000138926494,0.0
10.0,10.0,True,36,46,100.00000098964264,0.0
10.0,10.0,True,37,46,100.00000123584184,0.0
10.0,10.0,True,38,46,100.00000218918726,0.0
10.0,10.0,True,39,46,100.00000262621046,0.0
10.0,10.0,True,40,46,100.00000190687302,0.0
10.0,10.0,True,41,46,100.00000186121407,0.0
10.0,10.0,True,42,46,100.00000189060441,0.0
10.0,10.0,True,43,46,100.0000009572448,0.0
10.0,10.0,True,44,46,100.0000006668871,0.0
10.0,10.0,True,45,46,100.00000066381183,0.0
10.0,10.0,True,46,46,100.00000135694579,0.0
10.0,10.0,True,47,46,100.00000143041,0.0
10.0,10.0,True,48,46,100.00000134069131,0.0
10.0,10.0,True,49,46,100.00000139529331,0.0
10.0,10.0,True,50,46,100.0000014178827,0.0
10.0,10.0,False,1,42,99.99944285747364,0.0
10.0,10.0,False,2,42,100.00000481007078,0.0
10.0,10.0,False,3,42,100.0000051471589,0.0
10.0,10.0,False,4,42,100.00000532643921,0.0
10.0,10.0,False,5,42,100.00000518037074,0.0
10.0,10.0,False,6,42,100.00000683904975,0.0
10.0,10.0,False,7,42,100.00000805443776,0.0
10.0,10.0,False,8,42,100.00000812277696,0.0
10.0,10.0,False,9,42,100.0000082540245,0.0
10.0,10.0,False,10,42,100.0000083982289,0.0
10.0,10.0,False,11,42,100.00000876523077,0.0
10.0,10.0,False,12,42,100.00000875584865,0.0
10.0,10.0,False,13,42,100.00000868450871,0.0
10.0,10.0,False,14,42,100.0000043646541,0.0
10.0,10.0,False,15,42,100.00000583423297,0.0
10.0,10.0,False,16,42,100.00000576396242,0.0
10.0,10.0,False,17,42,100.00000675412434,0.0
10.0,10.0,False,18,42,100.00000666764548,0.0
10.0,10.0,False,19,42,100.00000541693132,0.0
10.0,10.0,False,20,42,100.00000508720862,0.0
10.0,10.0,False,21,42,100.00000409400697,0.0
10.0,10.0,False,22,42,100.0000041513266,0.0
10.0,10.0,False,23,42,100.00000414303103,0.0
10.0,10.0,False,24,42,100.00000414716199,0.0
10.0,10.0,False,25,42,100.00000222192334,0.0
10.0,10.0,False,26,42,100.00000207261726,0.0
10.0,10.0,False,27,42,100.0000014418099,0.0
10.0,10.0,False,28,42,100.00000149332266,0.0
10.0,10.0,False,29,42,100.00000152937031,0.0
10.0,10.0,False,30,42,100.00000028771966,0.0
10.0,10.0,False,31,42,99.99999992891037,0.0
10.0,10.0,False,32,42,100.00000007467723,0.0
10.0,10.0,False,33,42,100.0000000587607,0.0
10.0,10.0,False,34,42,99.99999944047026,0.0
10.0,10.0,False,35,42,99.99999975921055,0.0
10.0,10.0,False,36,42,99.99999960545374,0.0
10.0,10.0,False,37,42,99.99999969599003,0.0
10.0,10.0,False,38,42,100.00000008084108,0.0
10.0,10.0,False,39,42,100.00000045881208,0.0
10.0,10.0,False,40,42,99.99999971368251,0.0
10.0,10.0,False,41,42,99.99999910528803,0.0
10.0,10.0,False,42,42,99.99999889314526,0.0
10.0,10.0,False,43,42,99.99999907086058,0.0
10.0,10.0,False,44,42,99.99999989880413,0.0
10.0,10.0,False,45,42,99.99999995014221,0.0
10.0,10.0,False,46,42,99.99999990815176,0.0
10.0,10.0,False,47,42,99.99999933281592,0.0
10.0,10.0,False,48,42,99.99999985749395,0.0
10.0,10.0,False,49,42,100.0000001966428,0.0
10.0,10.0,False,50,42,100.00000017218159,0.0
10.0,10.0,False,1,43,99.99944103722794,0.0
10.0,10.0,False,2,43,99.99999796734662,0.0
10.0,10.0,False,3,43,99.9999981803149,0.0
10.0,10.0,False,4,43,99.99999868556635,0.0
10.0,10.0,False,5,43,100.00000274692042,0.0
10.0,10.0,False,6,43,100.00000398665662,0.0
10.0,10.0,False,7,43,100.00000424260955,0.0
10.0,10.0,False,8,43,100.00000400510592,0.0
10.0,10.0,False,9,43,100.00000397644487,0.0
10.0,10.0,False,10,43,100.0000037429099,0.0
10.0,10.0,False,11,43,100.00000403226205,0.0
10.0,10.0,False,12,43,100.00000518844647,0.0
10.0,10.0,False,13,43,100.00000463687101,0.0
10.0,10.0,False,14,43,100.00000516358179,0.0
10.0,10.0,False,15,43,100.00000511741698,0.0
10.0,10.0,False,16,43,100.00000582765645,0.0
10.0,10.0,False,17,43,100.00000556381143,0.0
10.0,10.0,False,18,43,100.00000431620876,0.0
10.0,10.0,False,19,43,100.00000469235339,0.0
10.0,10.0,False,20,43,100.00000492617977,0.0
10.0,10.0,False,21,43,100.0000040109079,0.0
10.0,10.0,False,22,43,100.00000391954106,0.0
10.0,10.0,False,23,43,100.0000040348632,0.0
10.0,10.0,False,24,43,100.00000387752314,0.0
10.0,10.0,False,25,43,100.00000388500747,0.0
10.0,10.0,False,26,43,100.00000313018751,0.0
10.0,10.0,False,27,43,100.0000023341016,0.0
10.0,10.0,False,28,43,100.00000240130602,0.0
10.0,10.0,False,29,43,100.00000242705744,0.0
10.0,10.0,False,30,43,100.00000213825658,0.0
10.0,10.0,False,31,43,100.00000235300055,0.0
10.0,10.0,False,32,43,100.00000214167471,0.0
10.0,10.0,False,33,43,100.00000215567985,0.0
10.0,10.0,False,34,43,100.00000290911893,0.0
10.0,10.0,False,35,43,100.00000282771674,0.0
10.0,10.0,False,36,43,100.00000221178587,0.0
10.0,10.0,False,37,43,100.00000253398161,0.0
10.0,10.0,False,38,43,100.00000249964016,0.0
10.0,10.0,False,39,43,100.00000249544061,0.0
10.0,10.0,False,40,43,100.00000227537578,0.0
10.0,10.0,False,41,43,100.00000228227194,0.0
10.0,10.0,False,42,43,100.00000260018706,0.0
10.0,10.0,False,43,43,100.00000014327907,0.0
10.0,10.0,False,44,43,100.0000000547937,0.0
10.0,10.0,False,45,43,100.00000026980499,0.0
10.0,10.0,False,46,43,100.00000027063463,0.0
10.0,10.0,False,47,43,99.99999933072132,0.0
10.0,10.0,False,48,43,99.99999964338717,0.0
10.0,10.0,False,49,43,99.99999979305358,0.0
10.0,10.0,False,50,43,99.99999972769376,0.0
10.0,10.0,False,1,44,99.99944469612689,0.0
10.0,10.0,False,2,44,100.00000244741541,0.0
10.0,10.0,False,3,44,100.000002593826,0.0
10.0,10.0,False,4,44,100.00000087211961,0.0
10.0,10.0,False,5,44,100.00000082275064,0.0
10.0,10.0,False,6,44,100.00000046766714,0.0
10.0,10.0,False,7,44,99.99999922759721,0.0
10.0,10.0,False,8,44,99.999999379262,0.0
10.0,10.0,False,9,44,99.9999992339662,0.0
10.0,10.0,False,10,44,99.99999676786126,0.0
10.0,10.0,False,11,44,99.99999651856814,0.0
10.0,10.0,False,12,44,99.99999818144497,0.0
10.0,10.0,False,13,44,99.99999937962414,0.0
10.0,10.0,False,14,44,99.99999874543806,0.0
10.0,10.0,False,15,44,99.99999888083755,0.0
10.0,10.0,False,16,44,99.99999896043211,0.0
10.0,10.0,False,17,44,100.00000164599436,0.0
10.0,10.0,False,18,44,100.00000263770396,0.0
10.0,10.0,False,19,44,100.0000022622901,0.0
10.0,10.0,False,20,44,100.00000160958992,0.0
10.0,10.0,False,21,44,100.00000181214412,0.0
10.0,10.0,False,22,44,100.00000193537524,0.0
10.0,10.0,False,23,44,100.00000232365628,0.0
10.0,10.0,False,24,44,100.00000036606964,0.0
10.0,10.0,False,25,44,99.99999951923617,0.0
10.0,10.0,False,26,44,99.99999953148381,0.0
10.0,10.0,False,27,44,99.9999992857028,0.0
10.0,10.0,False,28,44,99.9999996462315,0.0
10.0,10.0,False,29,44,99.99999943619525,0.0
10.0,10.0,False,30,44,99.9999994723078,0.0
10.0,10.0,False,31,44,99.99999947019838,0.0
10.0,10.0,False,32,44,99.99999823770466,0.0
10.0,10.0,False,33,44,99.99999861650565,0.0
10.0,10.0,False,34,44,99.99999878534682,0.0
10.0,10.0,False,35,44,99.99999921380248,0.0
10.0,10.0,False,36,44,99.99999924187898,0.0
10.0,10.0,False,37,44,99.99999896587781,0.0
10.0,10.0,False,38,44,99.99999886105941,0.0
10.0,10.0,False,39,44,99.99999886225581,0.0
10.0,10.0,False,40,44,99.99999872684117,0.0
10.0,10.0,False,41,44,100.00000012986311,0.0
10.0,10.0,False,42,44,100.00000026764081,0.0
10.0,10.0,False,43,44,100.000000388802,0.0
10.0,10.0,False,44,44,100.0000004165808,0.0
10.0,10.0,False,45,44,100.0000004259064,0.0
10.0,10.0,False,46,44,100.00000082822135,0.0
10.0,10.0,False,47,44,100.00000081863158,0.0
10.0,10.0,False,48,44,100.00000037707613,0.0
10.0,10.0,False,49,44,100.00000027885505,0.0
10.0,10.0,False,50,44,100.00000022325867,0.0
10.0,10.0,False,1,45,99.99943598143855,0.0
10.0,10.0,False,2,45,99.99999972818597,0.0
10.0,10.0,False,3,45,100.00000029378789,0.0
10.0,10.0,False,4,45,100.00000136268056,0.0
10.0,10.0,False,5,45,99.99999928279308,0.0
10.0,10.0,False,6,45,100.00000007844432,0.0
10.0,10.0,False,7,45,100.00000014263986,0.0
10.0,10.0,False,8,45,100.0000000476384,0.0
10.0,10.0,False,9,45,100.00000219411322,0.0
10.0,10.0,False,10,45,100.00000112680378,0.0
10.0,10.0,False,11,45,100.00000241556262,0.0
10.0,10.0,False,12,45,99.99999932349002,0.0
10.0,10.0,False,13,45,99.99999951501891,0.0
10.0,10.0,False,14,45,99.99999943524747,0.0
10.0,10.0,False,15,45,99.99999934433228,0.0
10.0,10.0,False,16,45,99.99999933713498,0.0
10.0,10.0,False,17,45,99.99999962041065,0.0
10.0,10.0,False,18,45,99.99999937929275,0.0
10.0,10.0,False,19,45,99.9999984283839,0.0
10.0,10.0,False,20,45,99.99999811303383,0.0
10.0,10.0,False,21,45,99.99999805729229,0.0
10.0,10.0,False,22,45,99.99999840549384,0.0
10.0,10.0,False,23,45,99.99999840445369,0.0
10.0,10.0,False,24,45,99.99999787289474,0.0
10.0,10.0,False,25,45,99.9999975855681,0.0
10.0,10.0,False,26,45,99.9999969386842,0.0
10.0,10.0,False,27,45,99.99999707264743,0.0
10.0,10.0,False,28,45,99.99999695803805,0.0
10.0,10.0,False,29,45,99.99999696174224,0.0
10.0,10.0,False,30,45,99.99999696515057,0.0
10.0,10.0,False,31,45,99.99999747971299,0.0
10.0,10.0,False,32,45,99.9999971921099,0.0
10.0,10.0,False,33,45,99.99999720197223,0.0
10.0,10.0,False,34,45,99.99999736590823,0.0
10.0,10.0,False,35,45,99.99999796070466,0.0
10.0,10.0,False,36,45,99.99999767029007,0.0
10.0,10.0,False,37,45,99.99999708851354,0.0
10.0,10.0,False,38,45,99.99999669936605,0.0
10.0,10.0,False,39,45,99.99999711324106,0.0
10.0,10.0,False,40,45,99.99999723348424,0.0
10.0,10.0,False,41,45,99.99999728748415,0.0
10.0,10.0,False,42,45,99.99999802898822,0.0
10.0,10.0,False,43,45,99.99999938153104,0.0
10.0,10.0,False,44,45,99.99999907636473,0.0
10.0,10.0,False,45,45,99.99999965553599,0.0
10.0,10.0,False,46,45,99.9999992269289,0.0
10.0,10.0,False,47,45,99.999999491324,0.0
10.0,10.0,False,48,45,99.9999995729766,0.0
10.0,10.0,False,49,45,100.00000023264519,0.0
10.0,10.0,False,50,45,100.00000028574698,0.0
10.0,10.0,False,1,46,99.9994355496219,0.0
10.0,10.0,False,2,46,99.99999490206125,0.0
10.0,10.0,False,3,46,99.9999962899117,0.0
10.0,10.0,False,4,46,99.99999646047654,0.0
10.0,10.0,False,5,46,99.99999666162734,0.0
10.0,10.0,False,6,46,99.9999972167936,0.0
10.0,10.0,False,7,46,99.99999725815617,0.0
10.0,10.0,False,8,46,100.0000014173898,0.0
10.0,10.0,False,9,46,100.00000157075611,0.0
10.0,10.0,False,10,46,100.00000154809712,0.0
10.0,10.0,False,11,46,100.00000249535479,0.0
10.0,10.0,False,12,46,100.00000318317012,0.0
10.0,10.0,False,13,46,100.0000035418508,0.0
10.0,10.0,False,14,46,100.00000341207931,0.0
10.0,10.0,False,15,46,100.00000179342969,0.0
10.0,10.0,False,16,46,100.00000211394135,0.0
10.0,10.0,False,17,46,100.00000145109661,0.0
10.0,10.0,False,18,46,100.00000142075748,0.0
10.0,10.0,False,19,46,100.00000083986859,0.0
10.0,10.0,False,20,46,100.00000085119109,0.0
10.0,10.0,False,21,46,100.00000150054082,0.0
10.0,10.0,False,22,46,100.00000172052205,0.0
10.0,10.0,False,23,46,100.00000167751195,0.0
10.0,10.0,False,24,46,100.0000005589275,0.0
10.0,10.0,False,25,46,100.00000118157784,0.0
10.0,10.0,False,26,46,100.00000141137951,0.0
10.0,10.0,False,27,46,100.0000024356405,0.0
10.0,10.0,False,28,46,100.00000247573263,0.0
10.0,10.0,False,29,46,100.0000023142776,0.0
10.0,10.0,False,30,46,100.00000234713494,0.0
10.0,10.0,False,31,46,100.00000212517415,0.0
10.0,10.0,False,32,46,100.00000323687891,0.0
10.0,10.0,False,33,46,100.00000288239411,0.0
10.0,10.0,False,34,46,100.00000285467368,0.0
10.0,10.0,False,35,46,100.0000009112478,0.0
10.0,10.0,False,36,46,100.00000106008889,0.0
10.0,10.0,False,37,46,100.00000085726927,0.0
10.0,10.0,False,38,46,100.00000125102427,0.0
10.0,10.0,False,39,46,100.00000162822394,0.0
10.0,10.0,False,40,46,100.00000053472031,0.0
10.0,10.0,False,41,46,100.00000087448313,0.0
10.0,10.0,False,42,46,100.00000066692833,0.0
10.0,10.0,False,43,46,100.00000063085099,0.0
10.0,10.0,False,44,46,100.0000002688459,0.0
10.0,10.0,False,45,46,100.00000022460537,0.0
10.0,10.0,False,46,46,100.00000138782363,0.0
10.0,10.0,False,47,46,100.00000137884263,0.0
10.0,10.0,False,48,46,100.00000157047212,0.0
10.0,10.0,False,49,46,100.00000161403362,0.0
10.0,10.0,False,50,46,100.00000161463798,0.0
10.0,15.0,True,1,42,100.26939977350393,0.0
10.0,15.0,True,2,42,100.00000505041183,0.0
10.0,15.0,True,3,42,100.00000481771751,0.0
10.0,15.0,True,4,42,100.00000415382792,0.0
10.0,15.0,True,5,42,100.0000051785311,0.0
10.0,15.0,True,6,42,100.00000571717484,0.0
10.0,15.0,True,7,42,100.00000769608847,0.0
10.0,15.0,True,8,42,100.00000757114637,0.0
10.0,15.0,True,9,42,100.00000767519296,0.0
10.0,15.0,True,10,42,100.00000787077957,0.0
10.0,15.0,True,11,42,100.0000080482151,0.0
10.0,15.0,True,12,42,100.0000078682662,0.0
10.0,15.0,True,13,42,100.00000784587243,0.0
10.0,15.0,True,14,42,100.00000402652427,0.0
10.0,15.0,True,15,42,100.00000441404183,0.0
10.0,15.0,True,16,42,100.00000489514139,0.0
10.0,15.0,True,17,42,100.00000458993551,0.0
10.0,15.0,True,18,42,100.00000502597854,0.0
10.0,15.0,True,19,42,100.00000437070257,0.0
10.0,15.0,True,20,42,100.00000421139973,0.0
10.0,15.0,True,21,42,100.00000355361473,0.0
10.0,15.0,True,22,42,100.00000360867006,0.0
10.0,15.0,True,23,42,100.00000360349921,0.0
10.0,15.0,True,24,42,100.00000261523206,0.0
10.0,15.0,True,25,42,100.00000259568,0.0
10.0,15.0,True,26,42,100.00000245323213,0.0
10.0,15.0,True,27,42,100.00000200027922,0.0
10.0,15.0,True,28,42,100.0000019797755,0.0
10.0,15.0,True,29,42,100.00000210814656,0.0
10.0,15.0,True,30,42,99.99999998737238,0.0
10.0,15.0,True,31,42,100.00000009973252,0.0
10.0,15.0,True,32,42,100.00000018011559,0.0
10.0,15.0,True,33,42,100.00000000767741,0.0
10.0,15.0,True,34,42,99.99999969753274,0.0
10.0,15.0,True,35,42,99.99999994029235,0.0
10.0,15.0,True,36,42,99.99999979064813,0.0
10.0,15.0,True,37,42,99.99999980339521,0.0
10.0,15.0,True,38,42,100.00000104978196,0.0
10.0,15.0,True,39,42,100.00000075117578,0.0
10.0,15.0,True,40,42,100.00000003332845,0.0
10.0,15.0,True,41,42,99.9999992938532,0.0
10.0,15.0,True,42,42,99.99999921472957,0.0
10.0,15.0,True,43,42,99.99999984784165,0.0
10.0,15.0,True,44,42,100.00000023016418,0.0
10.0,15.0,True,45,42,100.00000019928761,0.0
10.0,15.0,True,46,42,100.00000008708065,0.0
10.0,15.0,True,47,42,100.00000012182298,0.0
10.0,15.0,True,48,42,100.00000047455472,0.0
10.0,15.0,True,49,42,100.00000044200789,0.0
10.0,15.0,True,50,42,99.99999974683902,0.0
10.0,15.0,True,1,43,100.26958375217325,0.0
10.0,15.0,True,2,43,99.99999817896794,0.0
10.0,15.0,True,3,43,99.99999819106262,0.0
10.0,15.0,True,4,43,99.9999993857212,0.0
10.0,15.0,True,5,43,100.0000030670019,0.0
10.0,15.0,True,6,43,100.0000030583553,0.0
10.0,15.0,True,7,43,100.00000439763008,0.0
10.0,15.0,True,8,43,100.00000430743616,0.0
10.0,15.0,True,9,43,100.00000282946053,0.0
10.0,15.0,True,10,43,100.00000390624616,0.0
10.0,15.0,True,11,43,100.00000454773499,0.0
10.0,15.0,True,12,43,100.00000492720552,0.0
10.0,15.0,True,13,43,100.00000402326708,0.0
10.0,15.0,True,14,43,100.00000490073162,0.0
10.0,15.0,True,15,43,100.00000513928691,0.0
10.0,15.0,True,16,43,100.00000557996668,0.0
10.0,15.0,True,17,43,100.00000531035579,0.0
10.0,15.0,True,18,43,100.00000439454934,0.0
10.0,15.0,True,19,43,100.00000470036007,0.0
10.0,15.0,True,20,43,100.00000489713256,0.0
10.0,15.0,True,21,43,100.00000423749333,0.0
10.0,15.0,True,22,43,100.00000419422508,0.0
10.0,15.0,True,23,43,100.0000043920923,0.0
10.0,15.0,True,24,43,100.00000380266047,0.0
10.0,15.0,True,25,43,100.00000380540249,0.0
10.0,15.0,True,26,43,100.00000290411538,0.0
10.0,15.0,True,27,43,100.00000233139224,0.0
10.0,15.0,True,28,43,100.00000221312493,0.0
10.0,15.0,True,29,43,100.00000227091985,0.0
10.0,15.0,True,30,43,100.0000019575263,0.0
10.0,15.0,True,31,43,100.00000228846585,0.0
10.0,15.0,True,32,43,100.00000211207333,0.0
10.0,15.0,True,33,43,100.00000217311892,0.0
10.0,15.0,True,34,43,100.00000261510937,0.0
10.0,15.0,True,35,43,100.00000269413393,0.0
10.0,15.0,True,36,43,100.00000193416093,0.0
10.0,15.0,True,37,43,100.00000230295723,0.0
10.0,15.0,True,38,43,100.0000023302356,0.0
10.0,15.0,True,39,43,100.00000234658816,0.0
10.0,15.0,True,40,43,100.00000208914392,0.0
10.0,15.0,True,41,43,100.00000194829113,0.0
10.0,15.0,True,42,43,100.00000250419824,0.0
10.0,15.0,True,43,43,100.00000056951203,0.0
10.0,15.0,True,44,43,100.00000060154346,0.0
10.0,15.0,True,45,43,100.00000053640483,0.0
10.0,15.0,True,46,43,99.99999972085845,0.0
10.0,15.0,True,47,43,99.9999996335846,0.0
10.0,15.0,True,48,43,99.99999964347835,0.0
10.0,15.0,True,49,43,99.99999983911067,0.0
10.0,15.0,True,50,43,99.99999962144443,0.0
10.0,15.0,True,1,44,100.26966703061541,0.0
10.0,15.0,True,2,44,100.00000221702899,0.0
10.0,15.0,True,3,44,100.00000238585659,0.0
10.0,15.0,True,4,44,99.99999932443984,0.0
10.0,15.0,True,5,44,99.99999919715643,0.0
10.0,15.0,True,6,44,99.99999931130182,0.0
10.0,15.0,True,7,44,100.00000067184764,0.0
10.0,15.0,True,8,44,100.0000005198398,0.0
10.0,15.0,True,9,44,99.99999979795746,0.0
10.0,15.0,True,10,44,99.9999955687389,0.0
10.0,15.0,True,11,44,99.99999550180118,0.0
10.0,15.0,True,12,44,99.99999953837019,0.0
10.0,15.0,True,13,44,99.99999909816316,0.0
10.0,15.0,True,14,44,99.99999901937974,0.0
10.0,15.0,True,15,44,99.99999836608622,0.0
10.0,15.0,True,16,44,99.99999849448375,0.0
10.0,15.0,True,17,44,99.99999893121682,0.0
10.0,15.0,True,18,44,100.00000213153524,0.0
10.0,15.0,True,19,44,100.00000150917212,0.0
10.0,15.0,True,20,44,100.00000116468668,0.0
10.0,15.0,True,21,44,100.00000132256773,0.0
10.0,15.0,True,22,44,100.00000147750097,0.0
10.0,15.0,True,23,44,100.00000078982322,0.0
10.0,15.0,True,24,44,99.99999951342096,0.0
10.0,15.0,True,25,44,99.99999953755695,0.0
10.0,15.0,True,26,44,99.99999954335593,0.0
10.0,15.0,True,27,44,99.99999958987613,0.0
10.0,15.0,True,28,44,99.99999993497845,0.0
10.0,15.0,True,29,44,99.99999971954861,0.0
10.0,15.0,True,30,44,99.99999963892736,0.0
10.0,15.0,True,31,44,99.9999997788673,0.0
10.0,15.0,True,32,44,99.99999816862564,0.0
10.0,15.0,True,33,44,99.99999859857402,0.0
10.0,15.0,True,34,44,99.99999868466777,0.0
10.0,15.0,True,35,44,99.99999890035537,0.0
10.0,15.0,True,36,44,99.99999894951503,0.0
10.0,15.0,True,37,44,99.99999883380413,0.0
10.0,15.0,True,38,44,99.99999878032474,0.0
10.0,15.0,True,39,44,99.99999863391383,0.0
10.0,15.0,True,40,44,99.99999878596617,0.0
10.0,15.0,True,41,44,99.99999984379595,0.0
10.0,15.0,True,42,44,99.9999999247447,0.0
10.0,15.0,True,43,44,100.00000009997927,0.0
10.0,15.0,True,44,44,100.00000016894126,0.0
10.0,15.0,True,45,44,100.00000014794963,0.0
10.0,15.0,True,46,44,100.00000069202146,0.0
10.0,15.0,True,47,44,100.00000071905137,0.0
10.0,15.0,True,48,44,100.00000030171398,0.0
10.0,15.0,True,49,44,100.00000025755145,0.0
10.0,15.0,True,50,44,100.0000002829831,0.0
10.0,15.0,True,1,45,100.26933011199935,0.0
10.0,15.0,True,2,45,99.99999999277122,0.0
10.0,15.0,True,3,45,100.0000006552738,0.0
10.0,15.0,True,4,45,100.00000136947945,0.0
10.0,15.0,True,5,45,99.99999967273907,0.0
10.0,15.0,True,6,45,100.00000032259666,0.0
10.0,15.0,True,7,45,100.00000025876814,0.0
10.0,15.0,True,8,45,100.00000025800236,0.0
10.0,15.0,True,9,45,100.00000239416661,0.0
10.0,15.0,True,10,45,100.00000137601795,0.0
10.0,15.0,True,11,45,100.00000269861943,0.0
10.0,15.0,True,12,45,99.99999992835811,0.0
10.0,15.0,True,13,45,100.00000015004237,0.0
10.0,15.0,True,14,45,100.0000001235445,0.0
10.0,15.0,True,15,45,100.00000004775467,0.0
10.0,15.0,True,16,45,99.99999985394889,0.0
10.0,15.0,True,17,45,99.99999941749587,0.0
10.0,15.0,True,18,45,99.99999918861458,0.0
10.0,15.0,True,19,45,99.9999985386091,0.0
10.0,15.0,True,20,45,99.99999851899864,0.0
10.0,15.0,True,21,45,99.99999833083601,0.0
10.0,15.0,True,22,45,99.99999872283249,0.0
10.0,15.0,True,23,45,99.99999888221123,0.0
10.0,15.0,True,24,45,99.99999830024848,0.0
10.0,15.0,True,25,45,99.99999797312435,0.0
10.0,15.0,True,26,45,99.99999709420149,0.0
10.0,15.0,True,27,45,99.99999722933748,0.0
10.0,15.0,True,28,45,99.9999972271449,0.0
10.0,15.0,True,29,45,99.99999726164569,0.0
10.0,15.0,True,30,45,99.99999719744382,0.0
10.0,15.0,True,31,45,99.9999975374192,0.0
10.0,15.0,True,32,45,99.99999762438354,0.0
10.0,15.0,True,33,45,99.9999977795675,0.0
10.0,15.0,True,34,45,99.99999786407037,0.0
10.0,15.0,True,35,45,99.99999794169668,0.0
10.0,15.0,True,36,45,99.99999745589889,0.0
10.0,15.0,True,37,45,99.99999648953661,0.0
10.0,15.0,True,38,45,99.99999633762849,0.0
10.0,15.0,True,39,45,99.99999676110951,0.0
10.0,15.0,True,40,45,99.99999679187404,0.0
10.0,15.0,True,41,45,99.9999967913431,0.0
10.0,15.0,True,42,45,99.99999869964955,0.0
10.0,15.0,True,43,45,99.99999975823704,0.0
10.0,15.0,True,44,45,99.99999954570974,0.0
10.0,15.0,True,45,45,99.9999994368444,0.0
10.0,15.0,True,46,45,99.99999912656745,0.0
10.0,15.0,True,47,45,99.99999930364245,0.0
10.0,15.0,True,48,45,99.99999960415266,0.0
10.0,15.0,True,49,45,99.99999995082536,0.0
10.0,15.0,True,50,45,100.00000001515534,0.0
10.0,15.0,True,1,46,100.26950726428441,0.0
10.0,15.0,True,2,46,99.99999581588705,0.0
10.0,15.0,True,3,46,99.99999722052496,0.0
10.0,15.0,True,4,46,99.99999733682347,0.0
10.0,15.0,True,5,46,99.99999753997244,0.0
10.0,15.0,True,6,46,99.9999978018797,0.0
10.0,15.0,True,7,46,100.00000104512843,0.0
10.0,15.0,True,8,46,100.00000286100754,0.0
10.0,15.0,True,9,46,100.00000333015703,0.0
10.0,15.0,True,10,46,100.0000036022728,0.0
10.0,15.0,True,11,46,100.00000410879878,0.0
10.0,15.0,True,12,46,100.00000488602642,0.0
10.0,15.0,True,13,46,100.00000493459868,0.0
10.0,15.0,True,14,46,100.00000484815538,0.0
10.0,15.0,True,15,46,100.00000307718989,0.0
10.0,15.0,True,16,46,100.00000336340426,0.0
10.0,15.0,True,17,46,100.00000308924726,0.0
10.0,15.0,True,18,46,100.00000263830646,0.0
10.0,15.0,True,19,46,100.00000207840483,0.0
10.0,15.0,True,20,46,100.00000213646402,0.0
10.0,15.0,True,21,46,100.00000280210207,0.0
10.0,15.0,True,22,46,100.00000287467725,0.0
10.0,15.0,True,23,46,100.00000310782417,0.0
10.0,15.0,True,24,46,100.00000221756919,0.0
10.0,15.0,True,25,46,100.00000172006051,0.0
10.0,15.0,True,26,46,100.00000180805714,0.0
10.0,15.0,True,27,46,100.00000324697262,0.0
10.0,15.0,True,28,46,100.00000330998671,0.0
10.0,15.0,True,29,46,100.0000032477381,0.0
10.0,15.0,True,30,46,100.00000310640633,0.0
10.0,15.0,True,31,46,100.00000313885201,0.0
10.0,15.0,True,32,46,100.00000309132585,0.0
10.0,15.0,True,33,46,100.00000291957684,0.0
10.0,15.0,True,34,46,100.00000190380501,0.0
10.0,15.0,True,35,46,100.00000138948832,0.0
10.0,15.0,True,36,46,100.0000009896872,0.0
10.0,15.0,True,37,46,100.00000123598602,0.0
10.0,15.0,True,38,46,100.00000218963424,0.0
10.0,15.0,True,39,46,100.00000262634347,0.0
10.0,15.0,True,40,46,100.00000190704806,0.0
10.0,15.0,True,41,46,100.00000186132513,0.0
10.0,15.0,True,42,46,100.00000189071514,0.0
10.0,15.0,True,43,46,100.00000095938248,0.0
10.0,15.0,True,44,46,100.0000006670234,0.0
10.0,15.0,True,45,46,100.00000066391576,0.0
10.0,15.0,True,46,46,100.00000135680098,0.0
10.0,15.0,True,47,46,100.00000143029196,0.0
10.0,15.0,True,48,46,100.00000134046857,0.0
10.0,15.0,True,49,46,100.0000013950953,0.0
10.0,15.0,True,50,46,100.00000141769021,0.0
10.0,15.0,False,1,42,99.9963438109498,0.0
10.0,15.0,False,2,42,100.00000480914214,0.0
10.0,15.0,False,3,42,100.0000051463173,0.0
10.0,15.0,False,4,42,100.00000532580691,0.0
10.0,15.0,False,5,42,100.00000517971382,0.0
10.0,15.0,False,6,42,100.00000683851445,0.0
10.0,15.0,False,7,42,100.00000805391889,0.0
10.0,15.0,False,8,42,100.00000812227617,0.0
10.0,15.0,False,9,42,100.00000825354223,0.0
10.0,15.0,False,10,42,100.00000839797744,0.0
10.0,15.0,False,11,42,100.00000876478136,0.0
10.0,15.0,False,12,42,100.00000875539143,0.0
10.0,15.0,False,13,42,100.00000868409239,0.0
10.0,15.0,False,14,42,100.00000436445684,0.0
10.0,15.0,False,15,42,100.00000583398409,0.0
10.0,15.0,False,16,42,100.0000057639694,0.0
10.0,15.0,False,17,42,100.00000675396947,0.0
10.0,15.0,False,18,42,100.00000666777629,0.0
10.0,15.0,False,19,42,100.00000541743762,0.0
10.0,15.0,False,20,42,100.00000508763131,0.0
10.0,15.0,False,21,42,100.00000409425255,0.0
10.0,15.0,False,22,42,100.00000415156276,0.0
10.0,15.0,False,23,42,100.00000414326433,0.0
10.0,15.0,False,24,42,100.00000414736249,0.0
10.0,15.0,False,25,42,100.00000222223996,0.0
10.0,15.0,False,26,42,100.00000207284236,0.0
10.0,15.0,False,27,42,100.00000144212615,0.0
10.0,15.0,False,28,42,100.00000149364834,0.0
10.0,15.0,False,29,42,100.00000152986956,0.0
10.0,15.0,False,30,42,100.00000028734081,0.0
10.0,15.0,False,31,42,99.99999992895992,0.0
10.0,15.0,False,32,42,100.00000007483695,0.0
10.0,15.0,False,33,42,100.00000005889564,0.0
10.0,15.0,False,34,42,99.9999994405766,0.0
10.0,15.0,False,35,42,99.9999997593409,0.0
10.0,15.0,False,36,42,99.99999960557757,0.0
10.0,15.0,False,37,42,99.99999969609217,0.0
10.0,15.0,False,38,42,100.00000008148228,0.0
10.0,15.0,False,39,42,100.00000045900674,0.0
10.0,15.0,False,40,42,99.99999971393794,0.0
10.0,15.0,False,41,42,99.99999910547409,0.0
10.0,15.0,False,42,42,99.99999889329823,0.0
10.0,15.0,False,43,42,99.99999907104899,0.0
10.0,15.0,False,44,42,99.9999998988402,0.0
10.0,15.0,False,45,42,99.99999995026221,0.0
10.0,15.0,False,46,42,99.99999990830553,0.0
10.0,15.0,False,47,42,99.99999933285662,0.0
10.0,15.0,False,48,42,99.99999985751009,0.0
10.0,15.0,False,49,42,100.00000019666105,0.0
10.0,15.0,False,50,42,100.00000017219874,0.0
10.0,15.0,False,1,43,99.99635113909927,0.0
10.0,15.0,False,2,43,99.99999796725218,0.0
10.0,15.0,False,3,43,99.99999818018355,0.0
10.0,15.0,False,4,43,99.99999868572124,0.0
10.0,15.0,False,5,43,100.0000027469587,0.0
10.0,15.0,False,6,43,100.00000398662337,0.0
10.0,15.0,False,7,43,100.00000424257973,0.0
10.0,15.0,False,8,43,100.0000040050503,0.0
10.0,15.0,False,9,43,100.0000039763172,0.0
10.0,15.0,False,10,43,100.00000374290185,0.0
10.0,15.0,False,11,43,100.00000403228958,0.0
10.0,15.0,False,12,43,100.00000518836396,0.0
10.0,15.0,False,13,43,100.00000463668324,0.0
10.0,15.0,False,14,43,100.00000516360706,0.0
10.0,15.0,False,15,43,100.00000511740689,0.0
10.0,15.0,False,16,43,100.00000582761277,0.0
10.0,15.0,False,17,43,100.00000556386311,0.0
10.0,15.0,False,18,43,100.00000431630107,0.0
10.0,15.0,False,19,43,100.00000469246353,0.0
10.0,15.0,False,20,43,100.00000492629854,0.0
10.0,15.0,False,21,43,100.0000040110305,0.0
10.0,15.0,False,22,43,100.00000391963755,0.0
10.0,15.0,False,23,43,100.00000403492595,0.0
10.0,15.0,False,24,43,100.00000387759286,0.0
10.0,15.0,False,25,43,100.0000038851008,0.0
10.0,15.0,False,26,43,100.00000313030213,0.0
10.0,15.0,False,27,43,100.00000233426945,0.0
10.0,15.0,False,28,43,100.0000024013639,0.0
10.0,15.0,False,29,43,100.00000242710121,0.0
10.0,15.0,False,30,43,100.00000213829429,0.0
10.0,15.0,False,31,43,100.00000235310404,0.0
10.0,15.0,False,32,43,100.0000021417648,0.0
10.0,15.0,False,33,43,100.00000215577143,0.0
10.0,15.0,False,34,43,100.0000029092365,0.0
10.0,15.0,False,35,43,100.00000282786107,0.0
10.0,15.0,False,36,43,100.00000221185996,0.0
10.0,15.0,False,37,43,100.00000253388751,0.0
10.0,15.0,False,38,43,100.00000249955545,0.0
10.0,15.0,False,39,43,100.00000249537425,0.0
10.0,15.0,False,40,43,100.0000022753216,0.0
10.0,15.0,False,41,43,100.00000228222446,0.0
10.0,15.0,False,42,43,100.0000026001409,0.0
10.0,15.0,False,43,43,100.00000014327816,0.0
10.0,15.0,False,44,43,100.00000005479546,0.0
10.0,15.0,False,45,43,100.00000026979359,0.0
10.0,15.0,False,46,43,100.00000027065735,0.0
10.0,15.0,False,47,43,99.9999993306822,0.0
10.0,15.0,False,48,43,99.99999964328146,0.0
10.0,15.0,False,49,43,99.99999979308129,0.0
10.0,15.0,False,50,43,99.99999972781595,0.0
10.0,15.0,False,1,44,99.99635522151722,0.0
10.0,15.0,False,2,44,100.00000244737157,0.0
10.0,15.0,False,3,44,100.00000259383785,0.0
10.0,15.0,False,4,44,100.00000087128464,0.0
10.0,15.0,False,5,44,100.00000082188645,0.0
10.0,15.0,False,6,44,100.00000046665548,0.0
10.0,15.0,False,7,44,99.99999922753489,0.0
10.0,15.0,False,8,44,99.99999937926141,0.0
10.0,15.0,False,9,44,99.99999923381993,0.0
10.0,15.0,False,10,44,99.99999676789844,0.0
10.0,15.0,False,11,44,99.99999651867991,0.0
10.0,15.0,False,12,44,99.99999818186998,0.0
10.0,15.0,False,13,44,99.99999937962704,0.0
10.0,15.0,False,14,44,99.99999874564531,0.0
10.0,15.0,False,15,44,99.99999888077542,0.0
10.0,15.0,False,16,44,99.99999896041136,0.0
10.0,15.0,False,17,44,100.00000164576136,0.0
10.0,15.0,False,18,44,100.00000263757127,0.0
10.0,15.0,False,19,44,100.0000022624779,0.0
10.0,15.0,False,20,44,100.00000160948427,0.0
10.0,15.0,False,21,44,100.00000181193408,0.0
10.0,15.0,False,22,44,100.00000193516351,0.0
10.0,15.0,False,23,44,100.0000023229097,0.0
10.0,15.0,False,24,44,100.00000036821424,0.0
10.0,15.0,False,25,44,99.99999951921279,0.0
10.0,15.0,False,26,44,99.99999953145692,0.0
10.0,15.0,False,27,44,99.9999992855169,0.0
10.0,15.0,False,28,44,99.99999964629956,0.0
10.0,15.0,False,29,44,99.99999943612296,0.0
10.0,15.0,False,30,44,99.99999947226152,0.0
10.0,15.0,False,31,44,99.99999947003562,0.0
10.0,15.0,False,32,44,99.99999823773021,0.0
10.0,15.0,False,33,44,99.99999861676133,0.0
10.0,15.0,False,34,44,99.99999878546971,0.0
10.0,15.0,False,35,44,99.99999921394573,0.0
10.0,15.0,False,36,44,99.99999924202135,0.0
10.0,15.0,False,37,44,99.99999896621483,0.0
10.0,15.0,False,38,44,99.99999886137144,0.0
10.0,15.0,False,39,44,99.99999886256805,0.0
10.0,15.0,False,40,44,99.99999872719442,0.0
10.0,15.0,False,41,44,100.00000013008909,0.0
10.0,15.0,False,42,44,100.00000026799452,0.0
10.0,15.0,False,43,44,100.00000038899637,0.0
10.0,15.0,False,44,44,100.0000004167693,0.0
10.0,15.0,False,45,44,100.00000042606197,0.0
10.0,15.0,False,46,44,100.0000008284087,0.0
10.0,15.0,False,47,44,100.00000081870311,0.0
10.0,15.0,False,48,44,100.00000037716114,0.0
10.0,15.0,False,49,44,100.00000027895726,0.0
10.0,15.0,False,50,44,100.00000022335044,0.0
10.0,15.0,False,1,45,99.9963294002868,0.0
10.0,15.0,False,2,45,99.99999972816093,0.0
10.0,15.0,False,3,45,100.00000029385637,0.0
10.0,15.0,False,4,45,100.00000136274748,0.0
10.0,15.0,False,5,45,99.99999928268463,0.0
10.0,15.0,False,6,45,100.00000007840089,0.0
10.0,15.0,False,7,45,100.00000014259135,0.0
10.0,15.0,False,8,45,100.0000000476476,0.0
10.0,15.0,False,9,45,100.0000021940646,0.0
10.0,15.0,False,10,45,100.00000112671711,0.0
10.0,15.0,False,11,45,100.00000241547272,0.0
10.0,15.0,False,12,45,99.99999932344954,0.0
10.0,15.0,False,13,45,99.9999995149756,0.0
10.0,15.0,False,14,45,99.9999994352031,0.0
10.0,15.0,False,15,45,99.99999934422905,0.0
10.0,15.0,False,16,45,99.99999933727415,0.0
10.0,15.0,False,17,45,99.99999962053724,0.0
10.0,15.0,False,18,45,99.99999937912634,0.0
10.0,15.0,False,19,45,99.99999842819115,0.0
10.0,15.0,False,20,45,99.99999811293219,0.0
10.0,15.0,False,21,45,99.99999805718967,0.0
10.0,15.0,False,22,45,99.99999840542844,0.0
10.0,15.0,False,23,45,99.99999840439912,0.0
10.0,15.0,False,24,45,99.9999978729947,0.0
10.0,15.0,False,25,45,99.9999975855314,0.0
10.0,15.0,False,26,45,99.99999693867485,0.0
10.0,15.0,False,27,45,99.99999707265741,0.0
10.0,15.0,False,28,45,99.99999695796366,0.0
10.0,15.0,False,29,45,99.99999696167211,0.0
10.0,15.0,False,30,45,99.99999696509232,0.0
10.0,15.0,False,31,45,99.99999747964932,0.0
10.0,15.0,False,32,45,99.99999719206113,0.0
10.0,15.0,False,33,45,99.99999720192615,0.0
10.0,15.0,False,34,45,99.99999736587523,0.0
10.0,15.0,False,35,45,99.99999796066392,0.0
10.0,15.0,False,36,45,99.999997670243,0.0
10.0,15.0,False,37,45,99.99999708862752,0.0
10.0,15.0,False,38,45,99.99999669929306,0.0
10.0,15.0,False,39,45,99.9999971130906,0.0
10.0,15.0,False,40,45,99.99999723335424,0.0
10.0,15.0,False,41,45,99.99999728732374,0.0
10.0,15.0,False,42,45,99.9999980288653,0.0
10.0,15.0,False,43,45,99.99999938153263,0.0
10.0,15.0,False,44,45,99.99999907636567,0.0
10.0,15.0,False,45,45,99.99999965542523,0.0
10.0,15.0,False,46,45,99.99999922681752,0.0
10.0,15.0,False,47,45,99.99999949131458,0.0
10.0,15.0,False,48,45,99.99999957290089,0.0
10.0,15.0,False,49,45,100.00000023249652,0.0
10.0,15.0,False,50,45,100.00000028557596,0.0
10.0,15.0,False,1,46,99.99634120945099,0.0
10.0,15.0,False,2,46,99.99999490152192,0.0
10.0,15.0,False,3,46,99.99999628937117,0.0
10.0,15.0,False,4,46,99.99999646002152,0.0
10.0,15.0,False,5,46,99.99999666114553,0.0
10.0,15.0,False,6,46,99.99999721631002,0.0
10.0,15.0,False,7,46,99.99999725768372,0.0
10.0,15.0,False,8,46,100.0000014175125,0.0
10.0,15.0,False,9,46,100.00000157070033,0.0
10.0,15.0,False,10,46,100.00000154805268,0.0
10.0,15.0,False,11,46,100.00000249536072,0.0
10.0,15.0,False,12,46,100.0000031830854,0.0
10.0,15.0,False,13,46,100.00000354186093,0.0
10.0,15.0,False,14,46,100.00000341204738,0.0
10.0,15.0,False,15,46,100.0000017935767,0.0
10.0,15.0,False,16,46,100.00000211406649,0.0
10.0,15.0,False,17,46,100.00000145104411,0.0
10.0,15.0,False,18,46,100.00000142070297,0.0
10.0,15.0,False,19,46,100.00000083983112,0.0
10.0,15.0,False,20,46,100.00000085115882,0.0
10.0,15.0,False,21,46,100.00000150049296,0.0
10.0,15.0,False,22,46,100.00000172045895,0.0
10.0,15.0,False,23,46,100.00000167750632,0.0
10.0,15.0,False,24,46,100.00000055911912,0.0
10.0,15.0,False,25,46,100.00000118163152,0.0
10.0,15.0,False,26,46,100.00000141145742,0.0
10.0,15.0,False,27,46,100.00000243570227,0.0
10.0,15.0,False,28,46,100.00000247574806,0.0
10.0,15.0,False,29,46,100.00000231426239,0.0
10.0,15.0,False,30,46,100.00000234712944,0.0
10.0,15.0,False,31,46,100.00000212518209,0.0
10.0,15.0,False,32,46,100.00000323691441,0.0
10.0,15.0,False,33,46,100.0000028824546,0.0
10.0,15.0,False,34,46,100.00000285477645,0.0
10.0,15.0,False,35,46,100.00000091162599,0.0
10.0,15.0,False,36,46,100.00000105993135,0.0
10.0,15.0,False,37,46,100.00000085716404,0.0
10.0,15.0,False,38,46,100.00000125120044,0.0
10.0,15.0,False,39,46,100.00000162795834,0.0
10.0,15.0,False,40,46,100.00000053435335,0.0
10.0,15.0,False,41,46,100.00000087452432,0.0
10.0,15.0,False,42,46,100.00000066688541,0.0
10.0,15.0,False,43,46,100.00000063080216,0.0
10.0,15.0,False,44,46,100.0000002688263,0.0
10.0,15.0,False,45,46,100.0000002246195,0.0
10.0,15.0,False,46,46,100.00000138777266,0.0
10.0,15.0,False,47,46,100.00000137884457,0.0
10.0,15.0,False,48,46,100.00000157040878,0.0
10.0,15.0,False,49,46,100.00000161413755,0.0
10.0,15.0,False,50,46,100.0000016147412,0.0
10.0,20.0,True,1,42,100.45663249554798,0.0
10.0,20.0,True,2,42,100.00000504997583,0.0
10.0,20.0,True,3,42,100.0000048173473,0.0
10.0,20.0,True,4,42,100.00000415348734,0.0
10.0,20.0,True,5,42,100.00000517823518,0.0
10.0,20.0,True,6,42,100.00000571706357,0.0
10.0,20.0,True,7,42,100.00000769587768,0.0
10.0,20.0,True,8,42,100.00000757090946,0.0
10.0,20.0,True,9,42,100.00000767493799,0.0
10.0,20.0,True,10,42,100.00000787046983,0.0
10.0,20.0,True,11,42,100.00000804793319,0.0
10.0,20.0,True,12,42,100.00000786796025,0.0
10.0,20.0,True,13,42,100.00000784558773,0.0
10.0,20.0,True,14,42,100.00000402627056,0.0
10.0,20.0,True,15,42,100.0000044139392,0.0
10.0,20.0,True,16,42,100.00000489507322,0.0
10.0,20.0,True,17,42,100.00000458994359,0.0
10.0,20.0,True,18,42,100.00000502566105,0.0
10.0,20.0,True,19,42,100.00000437059748,0.0
10.0,20.0,True,20,42,100.00000421153578,0.0
10.0,20.0,True,21,42,100.0000035535985,0.0
10.0,20.0,True,22,42,100.00000360866017,0.0
10.0,20.0,True,23,42,100.0000036034972,0.0
10.0,20.0,True,24,42,100.00000261519537,0.0
10.0,20.0,True,25,42,100.00000259564752,0.0
10.0,20.0,True,26,42,100.00000245321118,0.0
10.0,20.0,True,27,42,100.00000200022525,0.0
10.0,20.0,True,28,42,100.00000197970951,0.0
10.0,20.0,True,29,42,100.00000210809759,0.0
10.0,20.0,True,30,42,99.99999998745966,0.0
10.0,20.0,True,31,42,100.00000009960544,0.0
10.0,20.0,True,32,42,100.00000018024565,0.0
10.0,20.0,True,33,42,100.00000000766138,0.0
10.0,20.0,True,34,42,99.9999996974957,0.0
10.0,20.0,True,35,42,99.99999994026821,0.0
10.0,20.0,True,36,42,99.99999979062316,0.0
10.0,20.0,True,37,42,99.99999980337586,0.0
10.0,20.0,True,38,42,100.00000104987629,0.0
10.0,20.0,True,39,42,100.00000075114286,0.0
10.0,20.0,True,40,42,100.0000000333215,0.0
10.0,20.0,True,41,42,99.9999992938796,0.0
10.0,20.0,True,42,42,99.99999921473773,0.0
10.0,20.0,True,43,42,99.99999984785032,0.0
10.0,20.0,True,44,42,100.00000023015156,0.0
10.0,20.0,True,45,42,100.00000019927678,0.0
10.0,20.0,True,46,42,100.00000008710367,0.0
10.0,20.0,True,47,42,100.000000121861,0.0
10.0,20.0,True,48,42,100.00000047457328,0.0
10.0,20.0,True,49,42,100.00000044216313,0.0
10.0,20.0,True,50,42,99.99999974687839,0.0
10.0,20.0,True,1,43,100.45688367354313,0.0
10.0,20.0,True,2,43,99.99999817896034,0.0
10.0,20.0,True,3,43,99.99999819105795,0.0
10.0,20.0,True,4,43,99.99999938591228,0.0
10.0,20.0,True,5,43,100.000003067087,0.0
10.0,20.0,True,6,43,100.00000305843473,0.0
10.0,20.0,True,7,43,100.00000439770544,0.0
10.0,20.0,True,8,43,100.00000430755367,0.0
10.0,20.0,True,9,43,100.00000282967969,0.0
10.0,20.0,True,10,43,100.00000390641256,0.0
10.0,20.0,True,11,43,100.000004547762,0.0
10.0,20.0,True,12,43,100.00000492724102,0.0
10.0,20.0,True,13,43,100.00000402331752,0.0
10.0,20.0,True,14,43,100.00000490080433,0.0
10.0,20.0,True,15,43,100.0000051393618,0.0
10.0,20.0,True,16,43,100.00000557991766,0.0
10.0,20.0,True,17,43,100.0000053103818,0.0
10.0,20.0,True,18,43,100.00000439457025,0.0
10.0,20.0,True,19,43,100.00000470035444,0.0
10.0,20.0,True,20,43,100.00000489713547,0.0
10.0,20.0,True,21,43,100.00000423749574,0.0
10.0,20.0,True,22,43,100.000004194251,0.0
10.0,20.0,True,23,43,100.00000439207756,0.0
10.0,20.0,True,24,43,100.00000380269022,0.0
10.0,20.0,True,25,43,100.00000380544094,0.0
10.0,20.0,True,26,43,100.00000290410375,0.0
10.0,20.0,True,27,43,100.00000233138474,0.0
10.0,20.0,True,28,43,100.00000221312663,0.0
10.0,20.0,True,29,43,100.00000227092035,0.0
10.0,20.0,True,30,43,100.00000195753285,0.0
10.0,20.0,True,31,43,100.00000228842467,0.0
10.0,20.0,True,32,43,100.0000021120205,0.0
10.0,20.0,True,33,43,100.00000217303908,0.0
10.0,20.0,True,34,43,100.0000026151204,0.0
10.0,20.0,True,35,43,100.00000269408774,0.0
10.0,20.0,True,36,43,100.00000193417188,0.0
10.0,20.0,True,37,43,100.00000230297314,0.0
10.0,20.0,True,38,43,100.00000233025244,0.0
10.0,20.0,True,39,43,100.00000234659197,0.0
10.0,20.0,True,40,43,100.00000208916714,0.0
10.0,20.0,True,41,43,100.00000194832606,0.0
10.0,20.0,True,42,43,100.00000250422843,0.0
10.0,20.0,True,43,43,100.00000056956549,0.0
10.0,20.0,True,44,43,100.00000060163079,0.0
10.0,20.0,True,45,43,100.00000053645678,0.0
10.0,20.0,True,46,43,99.9999997208152,0.0
10.0,20.0,True,47,43,99.99999963365647,0.0
10.0,20.0,True,48,43,99.99999964354154,0.0
10.0,20.0,True,49,43,99.99999983917881,0.0
10.0,20.0,True,50,43,99.99999962151908,0.0
10.0,20.0,True,1,44,100.45699529650494,0.0
10.0,20.0,True,2,44,100.00000221714852,0.0
10.0,20.0,True,3,44,100.00000238596823,0.0
10.0,20.0,True,4,44,99.99999932433207,0.0
10.0,20.0,True,5,44,99.99999919702799,0.0
10.0,20.0,True,6,44,99.99999931121421,0.0
10.0,20.0,True,7,44,100.00000067163876,0.0
10.0,20.0,True,8,44,100.00000051968533,0.0
10.0,20.0,True,9,44,99.99999979779474,0.0
10.0,20.0,True,10,44,99.99999556860523,0.0
10.0,20.0,True,11,44,99.999995501732,0.0
10.0,20.0,True,12,44,99.99999953856033,0.0
10.0,20.0,True,13,44,99.99999909826576,0.0
10.0,20.0,True,14,44,99.99999901944196,0.0
10.0,20.0,True,15,44,99.99999836616198,0.0
10.0,20.0,True,16,44,99.99999849453938,0.0
10.0,20.0,True,17,44,99.999998931331,0.0
10.0,20.0,True,18,44,100.00000213161438,0.0
10.0,20.0,True,19,44,100.00000150918748,0.0
10.0,20.0,True,20,44,100.00000116501738,0.0
10.0,20.0,True,21,44,100.00000132277557,0.0
10.0,20.0,True,22,44,100.00000147770207,0.0
10.0,20.0,True,23,44,100.00000078981941,0.0
10.0,20.0,True,24,44,99.99999951348272,0.0
10.0,20.0,True,25,44,99.99999953762105,0.0
10.0,20.0,True,26,44,99.99999954342098,0.0
10.0,20.0,True,27,44,99.99999958993698,0.0
10.0,20.0,True,28,44,99.99999993518723,0.0
10.0,20.0,True,29,44,99.9999997196006,0.0
10.0,20.0,True,30,44,99.99999963901183,0.0
10.0,20.0,True,31,44,99.9999997788803,0.0
10.0,20.0,True,32,44,99.9999981686662,0.0
10.0,20.0,True,33,44,99.99999859861714,0.0
10.0,20.0,True,34,44,99.99999868466563,0.0
10.0,20.0,True,35,44,99.9999989003484,0.0
10.0,20.0,True,36,44,99.9999989495164,0.0
10.0,20.0,True,37,44,99.9999988337308,0.0
10.0,20.0,True,38,44,99.99999878019209,0.0
10.0,20.0,True,39,44,99.9999986337954,0.0
10.0,20.0,True,40,44,99.99999878579365,0.0
10.0,20.0,True,41,44,99.99999984373147,0.0
10.0,20.0,True,42,44,99.99999992464427,0.0
10.0,20.0,True,43,44,100.00000009994642,0.0
10.0,20.0,True,44,44,100.00000016892741,0.0
10.0,20.0,True,45,44,100.00000014793406,0.0
10.0,20.0,True,46,44,100.0000006920315,0.0
10.0,20.0,True,47,44,100.00000071909184,0.0
10.0,20.0,True,48,44,100.00000030173533,0.0
10.0,20.0,True,49,44,100.00000025757649,0.0
10.0,20.0,True,50,44,100.00000028300815,0.0
10.0,20.0,True,1,45,100.45655284562696,0.0
10.0,20.0,True,2,45,99.99999999281712,0.0
10.0,20.0,True,3,45,100.00000065538201,0.0
10.0,20.0,True,4,45,100.00000136964599,0.0
10.0,20.0,True,5,45,99.99999967300025,0.0
10.0,20.0,True,6,45,100.00000032283062,0.0
10.0,20.0,True,7,45,100.00000025905348,0.0
10.0,20.0,True,8,45,100.00000025820222,0.0
10.0,20.0,True,9,45,100.00000239439348,0.0
10.0,20.0,True,10,45,100.00000137626984,0.0
10.0,20.0,True,11,45,100.0000026988798,0.0
10.0,20.0,True,12,45,99.9999999285433,0.0
10.0,20.0,True,13,45,100.0000001502018,0.0
10.0,20.0,True,14,45,100.00000012370344,0.0
10.0,20.0,True,15,45,100.00000004793453,0.0
10.0,20.0,True,16,45,99.9999998540959,0.0
10.0,20.0,True,17,45,99.99999941743576,0.0
10.0,20.0,True,18,45,99.99999918858678,0.0
10.0,20.0,True,19,45,99.9999985386498,0.0
10.0,20.0,True,20,45,99.99999851912943,0.0
10.0,20.0,True,21,45,99.9999983309709,0.0
10.0,20.0,True,22,45,99.99999872296576,0.0
10.0,20.0,True,23,45,99.99999888232458,0.0
10.0,20.0,True,24,45,99.99999830019655,0.0
10.0,20.0,True,25,45,99.99999797323174,0.0
10.0,20.0,True,26,45,99.99999709429322,0.0
10.0,20.0,True,27,45,99.99999722941638,0.0
10.0,20.0,True,28,45,99.99999722722774,0.0
10.0,20.0,True,29,45,99.99999726172442,0.0
10.0,20.0,True,30,45,99.99999719752356,0.0
10.0,20.0,True,31,45,99.99999753770408,0.0
10.0,20.0,True,32,45,99.99999762462485,0.0
10.0,20.0,True,33,45,99.99999777981316,0.0
10.0,20.0,True,34,45,99.99999786429073,0.0
10.0,20.0,True,35,45,99.99999794191066,0.0
10.0,20.0,True,36,45,99.99999745631378,0.0
10.0,20.0,True,37,45,99.99999648938271,0.0
10.0,20.0,True,38,45,99.99999633759165,0.0
10.0,20.0,True,39,45,99.99999676114084,0.0
10.0,20.0,True,40,45,99.99999679189048,0.0
10.0,20.0,True,41,45,99.99999679135772,0.0
10.0,20.0,True,42,45,99.99999869970716,0.0
10.0,20.0,True,43,45,99.99999975823538,0.0
10.0,20.0,True,44,45,99.99999954571172,0.0
10.0,20.0,True,45,45,99.99999943685316,0.0
10.0,20.0,True,46,45,99.99999912658286,0.0
10.0,20.0,True,47,45,99.99999930362945,0.0
10.0,20.0,True,48,45,99.99999960416656,0.0
10.0,20.0,True,49,45,99.9999999509129,0.0
10.0,20.0,True,50,45,100.0000000152364,0.0
10.0,20.0,True,1,46,100.45678333847621,0.0
10.0,20.0,True,2,46,99.99999581599843,0.0
10.0,20.0,True,3,46,99.99999722063397,0.0
10.0,20.0,True,4,46,99.99999733696407,0.0
10.0,20.0,True,5,46,99.99999754017188,0.0
10.0,20.0,True,6,46,99.99999780206498,0.0
10.0,20.0,True,7,46,100.0000010446282,0.0
10.0,20.0,True,8,46,100.00000286110327,0.0
10.0,20.0,True,9,46,100.00000333029486,0.0
10.0,20.0,True,10,46,100.00000360258917,0.0
10.0,20.0,True,11,46,100.00000410905191,0.0
10.0,20.0,True,12,46,100.0000048862525,0.0
10.0,20.0,True,13,46,100.00000493479348,0.0
10.0,20.0,True,14,46,100.0000048483497,0.0
10.0,20.0,True,15,46,100.00000307746188,0.0
10.0,20.0,True,16,46,100.00000336370988,0.0
10.0,20.0,True,17,46,100.00000308939823,0.0
10.0,20.0,True,18,46,100.00000263845428,0.0
10.0,20.0,True,19,46,100.00000207854097,0.0
10.0,20.0,True,20,46,100.00000213662952,0.0
10.0,20.0,True,21,46,100.00000280226587,0.0
10.0,20.0,True,22,46,100.00000287482487,0.0
10.0,20.0,True,23,46,100.0000031080308,0.0
10.0,20.0,True,24,46,100.00000221770772,0.0
10.0,20.0,True,25,46,100.00000172007915,0.0
10.0,20.0,True,26,46,100.00000180806987,0.0
10.0,20.0,True,27,46,100.0000032470331,0.0
10.0,20.0,True,28,46,100.00000331004088,0.0
10.0,20.0,True,29,46,100.00000324779086,0.0
10.0,20.0,True,30,46,100.00000310645429,0.0
10.0,20.0,True,31,46,100.00000313878874,0.0
10.0,20.0,True,32,46,100.00000309143508,0.0
10.0,20.0,True,33,46,100.00000291966757,0.0
10.0,20.0,True,34,46,100.00000190418704,0.0
10.0,20.0,True,35,46,100.00000138959984,0.0
10.0,20.0,True,36,46,100.00000098970929,0.0
10.0,20.0,True,37,46,100.00000123605795,0.0
10.0,20.0,True,38,46,100.00000218985784,0.0
10.0,20.0,True,39,46,100.00000262640978,0.0
10.0,20.0,True,40,46,100.00000190713541,0.0
10.0,20.0,True,41,46,100.00000186138058,0.0
10.0,20.0,True,42,46,100.00000189077039,0.0
10.0,20.0,True,43,46,100.00000096045059,0.0
10.0,20.0,True,44,46,100.00000066709157,0.0
10.0,20.0,True,45,46,100.0000006639677,0.0
10.0,20.0,True,46,46,100.00000135672849,0.0
10.0,20.0,True,47,46,100.00000143023289,0.0
10.0,20.0,True,48,46,100.00000134035722,0.0
10.0,20.0,True,49,46,100.0000013949963,0.0
10.0,20.0,True,50,46,100.00000141759395,0.0
10.0,20.0,False,1,42,99.9872644436227,0.0
10.0,20.0,False,2,42,100.00000480867774,0.0
10.0,20.0,False,3,42,100.0000051458964,0.0
10.0,20.0,False,4,42,100.00000532549073,0.0
10.0,20.0,False,5,42,100.00000517938527,0.0
10.0,20.0,False,6,42,100.00000683824669,0.0
10.0,20.0,False,7,42,100.00000805365936,0.0
10.0,20.0,False,8,42,100.00000812202565,0.0
10.0,20.0,False,9,42,100.00000825330099,0.0
10.0,20.0,False,10,42,100.00000839785167,0.0
10.0,20.0,False,11,42,100.00000876455655,0.0
10.0,20.0,False,12,42,100.00000875516272,0.0
10.0,20.0,False,13,42,100.00000868388412,0.0
10.0,20.0,False,14,42,100.00000436435815,0.0
10.0,20.0,False,15,42,100.00000583385953,0.0
10.0,20.0,False,16,42,100.00000576397271,0.0
10.0,20.0,False,17,42,100.00000675389194,0.0
10.0,20.0,False,18,42,100.00000666784149,0.0
10.0,20.0,False,19,42,100.00000541769076,0.0
10.0,20.0,False,20,42,100.00000508784265,0.0
10.0,20.0,False,21,42,100.0000040943753,0.0
10.0,20.0,False,22,42,100.0000041516808,0.0
10.0,20.0,False,23,42,100.00000414338096,0.0
10.0,20.0,False,24,42,100.0000041474627,0.0
10.0,20.0,False,25,42,100.00000222239831,0.0
10.0,20.0,False,26,42,100.00000207295491,0.0
10.0,20.0,False,27,42,100.00000144228429,0.0
10.0,20.0,False,28,42,100.00000149381117,0.0
10.0,20.0,False,29,42,100.0000015301192,0.0
10.0,20.0,False,30,42,100.00000028715138,0.0
10.0,20.0,False,31,42,99.99999992898469,0.0
10.0,20.0,False,32,42,100.0000000749168,0.0
10.0,20.0,False,33,42,100.00000005896312,0.0
10.0,20.0,False,34,42,99.99999944062978,0.0
10.0,20.0,False,35,42,99.99999975940608,0.0
10.0,20.0,False,36,42,99.99999960563952,0.0
10.0,20.0,False,37,42,99.99999969614328,0.0
10.0,20.0,False,38,42,100.00000008180277,0.0
10.0,20.0,False,39,42,100.00000045910406,0.0
10.0,20.0,False,40,42,99.99999971406565,0.0
10.0,20.0,False,41,42,99.9999991055671,0.0
10.0,20.0,False,42,42,99.99999889337471,0.0
10.0,20.0,False,43,42,99.99999907114318,0.0
10.0,20.0,False,44,42,99.99999989885819,0.0
10.0,20.0,False,45,42,99.99999995032222,0.0
10.0,20.0,False,46,42,99.99999990838239,0.0
10.0,20.0,False,47,42,99.99999933287697,0.0
10.0,20.0,False,48,42,99.99999985751815,0.0
10.0,20.0,False,49,42,100.00000019667019,0.0
10.0,20.0,False,50,42,100.00000017220731,0.0
10.0,20.0,False,1,43,99.98728464124235,0.0
10.0,20.0,False,2,43,99.99999796720503,0.0
10.0,20.0,False,3,43,99.99999818011796,0.0
10.0,20.0,False,4,43,99.99999868579869,0.0
10.0,20.0,False,5,43,100.0000027469779,0.0
10.0,20.0,False,6,43,100.00000398660681,0.0
10.0,20.0,False,7,43,100.0000042425649,0.0
10.0,20.0,False,8,43,100.00000400502253,0.0
10.0,20.0,False,9,43,100.00000397625337,0.0
10.0,20.0,False,10,43,100.00000374289787,0.0
10.0,20.0,False,11,43,100.00000403230341,0.0
10.0,20.0,False,12,43,100.0000051883228,0.0
10.0,20.0,False,13,43,100.00000463658945,0.0
10.0,20.0,False,14,43,100.00000516361973,0.0
10.0,20.0,False,15,43,100.00000511740191,0.0
10.0,20.0,False,16,43,100.00000582759097,0.0
10.0,20.0,False,17,43,100.000005563889,0.0
10.0,20.0,False,18,43,100.0000043163473,0.0
10.0,20.0,False,19,43,100.00000469251867,0.0
10.0,20.0,False,20,43,100.00000492635797,0.0
10.0,20.0,False,21,43,100.00000401109185,0.0
10.0,20.0,False,22,43,100.00000391968584,0.0
10.0,20.0,False,23,43,100.00000403495736,0.0
10.0,20.0,False,24,43,100.00000387762776,0.0
10.0,20.0,False,25,43,100.00000388514746,0.0
10.0,20.0,False,26,43,100.00000313035949,0.0
10.0,20.0,False,27,43,100.00000233435344,0.0
10.0,20.0,False,28,43,100.00000240139286,0.0
10.0,20.0,False,29,43,100.00000242712315,0.0
10.0,20.0,False,30,43,100.00000213831318,0.0
10.0,20.0,False,31,43,100.00000235315582,0.0
10.0,20.0,False,32,43,100.00000214180987,0.0
10.0,20.0,False,33,43,100.00000215581721,0.0
10.0,20.0,False,34,43,100.00000290929529,0.0
10.0,20.0,False,35,43,100.00000282793322,0.0
10.0,20.0,False,36,43,100.00000221189705,0.0
10.0,20.0,False,37,43,100.00000253384059,0.0
10.0,20.0,False,38,43,100.00000249951324,0.0
10.0,20.0,False,39,43,100.00000249534119,0.0
10.0,20.0,False,40,43,100.00000227529465,0.0
10.0,20.0,False,41,43,100.00000228220085,0.0
10.0,20.0,False,42,43,100.00000260011797,0.0
10.0,20.0,False,43,43,100.00000014327783,0.0
10.0,20.0,False,44,43,100.00000005479649,0.0
10.0,20.0,False,45,43,100.00000026978802,0.0
10.0,20.0,False,46,43,100.00000027066883,0.0
10.0,20.0,False,47,43,99.99999933066277,0.0
10.0,20.0,False,48,43,99.99999964322873,0.0
10.0,20.0,False,49,43,99.99999979309527,0.0
10.0,20.0,False,50,43,99.99999972787728,0.0
10.0,20.0,False,1,44,99.98729016983535,0.0
10.0,20.0,False,2,44,100.00000244734971,0.0
10.0,20.0,False,3,44,100.00000259384382,0.0
10.0,20.0,False,4,44,100.00000087086728,0.0
10.0,20.0,False,5,44,100.00000082145445,0.0
10.0,20.0,False,6,44,100.00000046614971,0.0
10.0,20.0,False,7,44,99.99999922750396,0.0
10.0,20.0,False,8,44,99.99999937926123,0.0
10.0,20.0,False,9,44,99.99999923374689,0.0
10.0,20.0,False,10,44,99.99999676791717,0.0
10.0,20.0,False,11,44,99.99999651873605,0.0
10.0,20.0,False,12,44,99.99999818208254,0.0
10.0,20.0,False,13,44,99.99999937962852,0.0
10.0,20.0,False,14,44,99.99999874574898,0.0
10.0,20.0,False,15,44,99.99999888074444,0.0
10.0,20.0,False,16,44,99.99999896040106,0.0
10.0,20.0,False,17,44,100.00000164564483,0.0
10.0,20.0,False,18,44,100.00000263750499,0.0
10.0,20.0,False,19,44,100.00000226257178,0.0
10.0,20.0,False,20,44,100.00000160943165,0.0
10.0,20.0,False,21,44,100.00000181182915,0.0
10.0,20.0,False,22,44,100.00000193505772,0.0
10.0,20.0,False,23,44,100.00000232253643,0.0
10.0,20.0,False,24,44,100.00000036928763,0.0
10.0,20.0,False,25,44,99.9999995192012,0.0
10.0,20.0,False,26,44,99.99999953144359,0.0
10.0,20.0,False,27,44,99.99999928542405,0.0
10.0,20.0,False,28,44,99.99999964633363,0.0
10.0,20.0,False,29,44,99.99999943608688,0.0
10.0,20.0,False,30,44,99.9999994722385,0.0
10.0,20.0,False,31,44,99.9999994699543,0.0
10.0,20.0,False,32,44,99.99999823774304,0.0
10.0,20.0,False,33,44,99.99999861688917,0.0
10.0,20.0,False,34,44,99.99999878553115,0.0
10.0,20.0,False,35,44,99.99999921401736,0.0
10.0,20.0,False,36,44,99.99999924209251,0.0
10.0,20.0,False,37,44,99.9999989663834,0.0
10.0,20.0,False,38,44,99.99999886152749,0.0
10.0,20.0,False,39,44,99.9999988627242,0.0
10.0,20.0,False,40,44,99.99999872737112,0.0
10.0,20.0,False,41,44,100.00000013020214,0.0
10.0,20.0,False,42,44,100.00000026817145,0.0
10.0,20.0,False,43,44,100.00000038909364,0.0
10.0,20.0,False,44,44,100.0000004168636,0.0
10.0,20.0,False,45,44,100.00000042613985,0.0
10.0,20.0,False,46,44,100.00000082850242,0.0
10.0,20.0,False,47,44,100.00000081873894,0.0
10.0,20.0,False,48,44,100.00000037720373,0.0
10.0,20.0,False,49,44,100.00000027900845,0.0
10.0,20.0,False,50,44,100.00000022339641,0.0
10.0,20.0,False,1,45,99.98724800970186,0.0
10.0,20.0,False,2,45,99.99999972814828,0.0
10.0,20.0,False,3,45,100.00000029389047,0.0
10.0,20.0,False,4,45,100.00000136278081,0.0
10.0,20.0,False,5,45,99.99999928263026,0.0
10.0,20.0,False,6,45,100.00000007837906,0.0
10.0,20.0,False,7,45,100.00000014256699,0.0
10.0,20.0,False,8,45,100.00000004765212,0.0
10.0,20.0,False,9,45,100.00000219404018,0.0
10.0,20.0,False,10,45,100.00000112667365,0.0
10.0,20.0,False,11,45,100.00000241542766,0.0
10.0,20.0,False,12,45,99.99999932342918,0.0
10.0,20.0,False,13,45,99.99999951495383,0.0
10.0,20.0,False,14,45,99.99999943518077,0.0
10.0,20.0,False,15,45,99.99999934417735,0.0
10.0,20.0,False,16,45,99.99999933734355,0.0
10.0,20.0,False,17,45,99.99999962060035,0.0
10.0,20.0,False,18,45,99.99999937904303,0.0
10.0,20.0,False,19,45,99.99999842809464,0.0
10.0,20.0,False,20,45,99.99999811288126,0.0
10.0,20.0,False,21,45,99.99999805713824,0.0
10.0,20.0,False,22,45,99.9999984053956,0.0
10.0,20.0,False,23,45,99.9999984043717,0.0
10.0,20.0,False,24,45,99.99999787304452,0.0
10.0,20.0,False,25,45,99.99999758551294,0.0
10.0,20.0,False,26,45,99.99999693867005,0.0
10.0,20.0,False,27,45,99.99999707266227,0.0
10.0,20.0,False,28,45,99.99999695792633,0.0
10.0,20.0,False,29,45,99.9999969616369,0.0
10.0,20.0,False,30,45,99.99999696506309,0.0
10.0,20.0,False,31,45,99.99999747961732,0.0
10.0,20.0,False,32,45,99.9999971920366,0.0
10.0,20.0,False,33,45,99.99999720190297,0.0
10.0,20.0,False,34,45,99.99999736585859,0.0
10.0,20.0,False,35,45,99.9999979606434,0.0
10.0,20.0,False,36,45,99.99999767021933,0.0
10.0,20.0,False,37,45,99.99999708868435,0.0
10.0,20.0,False,38,45,99.99999669925643,0.0
10.0,20.0,False,39,45,99.99999711301524,0.0
10.0,20.0,False,40,45,99.99999723328912,0.0
10.0,20.0,False,41,45,99.9999972872434,0.0
10.0,20.0,False,42,45,99.99999802880373,0.0
10.0,20.0,False,43,45,99.99999938153334,0.0
10.0,20.0,False,44,45,99.99999907636601,0.0
10.0,20.0,False,45,45,99.9999996553697,0.0
10.0,20.0,False,46,45,99.99999922676172,0.0
10.0,20.0,False,47,45,99.99999949130975,0.0
10.0,20.0,False,48,45,99.99999957286292,0.0
10.0,20.0,False,49,45,100.00000023242205,0.0
10.0,20.0,False,50,45,100.00000028549034,0.0
10.0,20.0,False,1,46,99.9872683225469,0.0
10.0,20.0,False,2,46,99.99999490125234,0.0
10.0,20.0,False,3,46,99.99999628910098,0.0
10.0,20.0,False,4,46,99.99999645979412,0.0
10.0,20.0,False,5,46,99.99999666090474,0.0
10.0,20.0,False,6,46,99.99999721606831,0.0
10.0,20.0,False,7,46,99.99999725744759,0.0
10.0,20.0,False,8,46,100.0000014175738,0.0
10.0,20.0,False,9,46,100.00000157067247,0.0
10.0,20.0,False,10,46,100.00000154803048,0.0
10.0,20.0,False,11,46,100.00000249536373,0.0
10.0,20.0,False,12,46,100.00000318304308,0.0
10.0,20.0,False,13,46,100.00000354186602,0.0
10.0,20.0,False,14,46,100.00000341203145,0.0
10.0,20.0,False,15,46,100.00000179365018,0.0
10.0,20.0,False,16,46,100.00000211412902,0.0
10.0,20.0,False,17,46,100.00000145101791,0.0
10.0,20.0,False,18,46,100.00000142067574,0.0
10.0,20.0,False,19,46,100.00000083981233,0.0
10.0,20.0,False,20,46,100.00000085114266,0.0
10.0,20.0,False,21,46,100.00000150046904,0.0
10.0,20.0,False,22,46,100.00000172042743,0.0
10.0,20.0,False,23,46,100.00000167750353,0.0
10.0,20.0,False,24,46,100.00000055921493,0.0
10.0,20.0,False,25,46,100.00000118165829,0.0
10.0,20.0,False,26,46,100.00000141149633,0.0
10.0,20.0,False,27,46,100.00000243573311,0.0
10.0,20.0,False,28,46,100.00000247575574,0.0
10.0,20.0,False,29,46,100.00000231425474,0.0
10.0,20.0,False,30,46,100.00000234712667,0.0
10.0,20.0,False,31,46,100.00000212518603,0.0
10.0,20.0,False,32,46,100.00000323693212,0.0
10.0,20.0,False,33,46,100.00000288248478,0.0
10.0,20.0,False,34,46,100.00000285482778,0.0
10.0,20.0,False,35,46,100.00000091181522,0.0
10.0,20.0,False,36,46,100.00000105985254,0.0
10.0,20.0,False,37,46,100.00000085711139,0.0
10.0,20.0,False,38,46,100.00000125128845,0.0
10.0,20.0,False,39,46,100.0000016278255,0.0
10.0,20.0,False,40,46,100.00000053416987,0.0
10.0,20.0,False,41,46,100.00000087454491,0.0
10.0,20.0,False,42,46,100.00000066686397,0.0
10.0,20.0,False,43,46,100.00000063077769,0.0
10.0,20.0,False,44,46,100.0000002688165,0.0
10.0,20.0,False,45,46,100.00000022462655,0.0
10.0,20.0,False,46,46,100.00000138774716,0.0
10.0,20.0,False,47,46,100.00000137884555,0.0
10.0,20.0,False,48,46,100.0000015703771,0.0
10.0,20.0,False,49,46,100.00000161418947,0.0
10.0,20.0,False,50,46,100.00000161479275,0.0
